Iteration	Posterior	Likelihood	Prior	rate_log_sd	rate_neo	tree_length
0	-1486.62	-1582.522	95.90249	0.5720495	0.6407936	4.479013
6	-1482.781	-1577.916	95.13475	0.7456391	0.7258527	4.749001
12	-1482.069	-1579.374	97.30516	0.8880548	0.3866724	3.737731
18	-1486.639	-1580.627	93.98732	0.7464587	0.7795271	5.348626
24	-1481.282	-1577.487	96.20505	0.7891002	0.6089267	4.210845
30	-1480.169	-1575.704	95.53535	0.9269365	0.7522559	4.403807
36	-1481.769	-1576.011	94.24207	0.7186868	0.7522559	5.241652
42	-1500.388	-1594.602	94.2135	0.7029721	0.7641837	5.258036
48	-1506.539	-1601.711	95.17253	0.8221174	0.6149675	4.768443
54	-1486.85	-1581.044	94.19433	0.591529	0.7127756	5.365647
60	-1492.511	-1588.384	95.87241	0.6406848	0.6254296	4.469411
66	-1492.281	-1585.809	93.52814	0.4777424	0.4625655	5.997501
72	-1489.628	-1583.79	94.16199	0.6428856	0.4689946	5.554011
78	-1483.427	-1578.184	94.75702	0.7653066	0.7446211	4.935509
84	-1491.69	-1586.438	94.74808	0.4316345	0.4219156	5.394174
90	-1490.931	-1585.647	94.71533	0.2669014	0.5376688	5.394174
96	-1492.14	-1585.633	93.49326	0.4773051	0.7868924	5.763138
102	-1501.281	-1594.365	93.08445	0.5272483	0.9450048	5.863005
108	-1494.877	-1589.384	94.50754	0.5087096	0.7804589	5.191968
114	-1502.644	-1597.561	94.91675	0.8478819	1.02836	4.625932
120	-1496.053	-1591.108	95.05512	1.072288	0.7046651	4.625932
126	-1480.149	-1573.632	93.48287	0.6456318	0.5791204	5.827997
132	-1483.265	-1577.044	93.77846	0.471201	0.5018105	5.827997
138	-1490.699	-1584.818	94.11882	0.8039515	0.671905	5.319699
144	-1479.815	-1573.915	94.10062	0.7499146	0.6078124	5.408622
150	-1480.636	-1576.118	95.48201	0.7343557	0.7512029	4.54297
156	-1476.73	-1572.172	95.44271	0.7431908	0.4693004	4.789152
162	-1489.802	-1584.716	94.91398	0.4764826	0.5114402	5.191922
168	-1478.378	-1571.026	92.64745	0.4518566	0.7241557	6.280361
174	-1471.169	-1565.414	94.24574	0.4293198	0.5899962	5.519468
180	-1471.326	-1567.783	96.45665	0.7664829	0.5899962	4.096337
186	-1476.25	-1571.109	94.85897	0.587515	0.6019031	5.083962
192	-1481.788	-1575.616	93.82798	0.6191374	0.6019031	5.635111
198	-1481.867	-1578.375	96.50836	0.7128996	0.6019031	4.087498
204	-1478.123	-1572.841	94.7178	0.7151505	0.5630209	5.123478
210	-1474.688	-1568.06	93.37256	0.5216899	0.6190342	5.924264
216	-1474.192	-1569.664	95.47193	0.6270017	0.522462	4.788325
222	-1480.841	-1576.065	95.22427	0.6111255	0.5036473	4.952196
228	-1484.762	-1578.273	93.51094	0.6111255	0.6113205	5.805761
234	-1481.675	-1578.029	96.35386	0.6781173	0.4088593	4.375675
240	-1484.29	-1578.49	94.20044	0.3480976	0.5118837	5.655264
246	-1488.575	-1582.618	94.04342	0.4683165	0.5348625	5.655264
252	-1492.328	-1587.453	95.12417	0.517344	0.7630849	4.856463
258	-1495.045	-1590.893	95.8474	0.5985268	0.4502189	4.662454
264	-1489.303	-1584.209	94.90615	0.5149201	0.702804	5.021316
270	-1489.845	-1584.772	94.92661	0.732567	0.7104871	4.883366
276	-1488.751	-1584.395	95.64405	0.725967	0.4602309	4.695058
282	-1477.437	-1572.988	95.55144	0.6187678	0.5891318	4.691239
288	-1486.659	-1582.246	95.58728	0.7532416	0.5891318	4.595804
294	-1482.931	-1578.446	95.51456	0.6800479	0.6943132	4.595804
300	-1481.913	-1576.805	94.89227	0.7406015	0.3877656	5.17999
306	-1479.889	-1576.601	96.71238	0.8342415	0.3953181	4.098662
312	-1475.031	-1571.126	96.09589	0.872767	0.7627798	4.109582
318	-1481.578	-1578.583	97.00508	0.8890776	0.6944109	3.62769
324	-1478.727	-1574.348	95.62168	0.7019138	0.5883954	4.605912
330	-1473.626	-1570.42	96.79407	0.6632802	0.4657253	4.075892
336	-1471.807	-1567.246	95.43917	0.7779857	0.712016	4.570266
342	-1483.789	-1579	95.21141	0.6673014	0.508709	4.923481
348	-1489.33	-1583.149	93.81813	0.6255446	0.6418429	5.605931
354	-1488.549	-1581.815	93.26669	0.592785	0.7493895	5.848875
360	-1483.338	-1578.551	95.2127	0.5900914	0.5653808	4.916106
366	-1478.612	-1573.687	95.07477	0.7122211	0.6708479	4.841169
372	-1483.575	-1579.664	96.0886	0.8623307	0.8219014	4.079639
378	-1490.154	-1585.484	95.32981	0.8063048	0.8088145	4.549129
384	-1489.356	-1584.628	95.27288	0.8256711	0.7838058	4.586851
390	-1484.098	-1579.865	95.76671	0.6436173	0.497892	4.636549
396	-1487.318	-1583.148	95.83017	0.6436173	0.4606353	4.636549
402	-1474.215	-1568.912	94.69731	0.570947	0.5530638	5.223069
408	-1471.374	-1565.747	94.37358	0.4888213	0.6840714	5.344066
414	-1472.478	-1567.965	95.48721	0.3494276	0.4698086	4.983204
420	-1467.89	-1563.002	95.11148	0.6528265	0.5130145	4.983204
426	-1481.667	-1577.063	95.39572	0.6236119	0.5304634	4.825622
432	-1494.551	-1588.208	93.65785	0.4948183	0.6253751	5.778071
438	-1483.731	-1577.999	94.26829	0.5687662	0.6203667	5.406153
444	-1493.43	-1587.778	94.34831	0.4887513	0.6203667	5.406153
450	-1498.556	-1594.478	95.92173	0.6604411	0.5463232	4.496425
456	-1494.901	-1590.668	95.76681	0.6964482	0.6667062	4.465422
462	-1482.728	-1576.123	93.39493	0.4427783	0.5424946	6.01732
468	-1481.586	-1574.704	93.11828	0.5550331	0.6552236	6.01732
474	-1484.269	-1577.873	93.60397	0.5753729	0.5069155	5.861858
480	-1484.301	-1579.81	95.50948	0.6757379	0.5996791	4.674195
486	-1487.092	-1582.774	95.68231	0.533971	0.5785902	4.674195
492	-1491.456	-1584.494	93.03869	0.2821565	0.5785902	6.268665
498	-1477.161	-1572.045	94.884	0.7826501	0.4870805	5.061243
504	-1472.297	-1568.304	96.00701	0.7097381	0.4088059	4.553234
510	-1483.497	-1577.512	94.01497	0.5613	0.6833274	5.502205
516	-1484.807	-1578.578	93.7709	0.8053728	0.6833274	5.502205
522	-1487.098	-1582.226	95.12795	0.6292538	0.4846368	5.013268
528	-1487.025	-1582.044	95.01874	0.6975982	0.5092411	5.013268
534	-1481.02	-1577	95.98006	0.6978444	0.5330161	4.45428
540	-1501.9	-1596.452	94.55212	0.5112639	0.4829453	5.398633
546	-1504.951	-1599.465	94.51428	0.6003642	0.5680811	5.295284
552	-1491.032	-1588.311	97.27823	0.7817582	0.6273052	3.584293
558	-1480.648	-1576.307	95.65924	0.8313176	0.5480556	4.546414
564	-1484.097	-1580.397	96.30033	0.8102886	0.6272353	4.129872
570	-1488.105	-1583.095	94.98964	0.706504	0.4456987	5.084728
576	-1482.253	-1577.849	95.59576	0.5001561	0.6557492	4.679985
582	-1482.568	-1578.026	95.45822	0.69916	0.4893274	4.786034
588	-1485.365	-1581.284	95.91825	0.6203114	0.4651706	4.595794
594	-1482.723	-1578.889	96.16591	0.9562088	0.5561654	4.182686
600	-1488.859	-1581.682	92.8226	0.358485	0.5202597	6.393572
606	-1490.697	-1584.138	93.44118	0.7688014	0.7344335	5.667165
612	-1479.178	-1573.658	94.48032	0.6813076	0.675431	5.185099
618	-1482.892	-1577.701	94.80914	0.7295286	0.529628	5.093642
624	-1490.025	-1585.437	95.41111	0.495981	0.493485	4.921674
630	-1492.788	-1587.383	94.59554	0.6495805	0.8578819	5.015304
636	-1490.174	-1586.213	96.03884	0.8311736	0.8647853	4.098002
642	-1485.705	-1581.152	95.44688	0.653835	0.6182216	4.70656
648	-1489.436	-1582.905	93.46947	0.4407661	0.5863844	5.941373
654	-1485.608	-1579.337	93.72899	0.6357077	0.5740453	5.702843
660	-1481.429	-1577.251	95.82129	0.816439	0.5921567	4.426175
666	-1485.56	-1582.215	96.6545	0.8400544	0.4312272	4.089748
672	-1491.099	-1586.763	95.66413	0.5599255	0.6379038	4.621973
678	-1488.024	-1580.861	92.83768	0.3200183	0.6840399	6.276885
684	-1489.943	-1582.789	92.84599	0.3480864	0.6754571	6.263319
690	-1486.027	-1580.535	94.50761	0.4446829	0.5097917	5.435252
696	-1485.865	-1579.762	93.89695	0.4874539	0.6722641	5.615717
702	-1485.354	-1581.737	96.38321	0.7143896	0.4783067	4.267965
708	-1491.67	-1588.094	96.42367	1.012712	0.6420959	3.932075
714	-1490.228	-1585.257	95.02904	0.701984	0.4063662	5.105674
720	-1493.152	-1586.056	92.90416	0.6749098	0.388781	6.304088
726	-1491.278	-1585.368	94.08972	0.6271809	0.505029	5.568998
732	-1497.087	-1589.052	91.96509	0.6076071	0.6444649	6.622964
738	-1495.844	-1588.37	92.52619	0.5563929	0.6275725	6.359507
744	-1497.487	-1593.497	96.01034	0.7090124	0.8034943	4.223495
750	-1490.921	-1585.604	94.68343	0.7319921	0.8134362	4.948889
756	-1490.909	-1585.569	94.65966	0.5458702	0.6580024	5.173802
762	-1493.781	-1588.72	94.93913	0.4583233	0.5274362	5.173802
768	-1495.032	-1589.897	94.86496	0.6927477	0.817094	4.867306
774	-1498.854	-1591.636	92.78205	0.3879282	0.817094	6.180608
780	-1496.29	-1589.406	93.11619	0.3157207	0.7722699	6.066947
786	-1492.809	-1588.088	95.27904	0.6502248	0.6392795	4.785834
792	-1486.831	-1581.487	94.65605	0.517243	0.5218703	5.302626
798	-1482.924	-1577.898	94.97359	0.5156272	0.4834908	5.162935
804	-1494.593	-1589.268	94.6758	0.5184915	0.9391861	4.994594
810	-1500.867	-1595.341	94.47446	0.9432582	0.5242585	5.16539
816	-1494.207	-1587.896	93.68844	0.7934747	0.7662427	5.496211
822	-1496.017	-1589.98	93.96324	0.5085618	0.7633192	5.503734
828	-1492.458	-1588.451	95.99286	0.7742294	0.6208953	4.329747
834	-1503.318	-1599.142	95.8241	0.6929594	0.5114203	4.564211
840	-1505.011	-1600.655	95.64406	0.8985192	0.8241486	4.309981
846	-1511.568	-1608.268	96.70002	0.9701838	0.4193372	4.002078
852	-1506.009	-1601.43	95.42038	0.8764416	0.542092	4.660291
858	-1503.518	-1599.18	95.66198	0.716183	0.542092	4.614709
864	-1498.633	-1593.257	94.62396	0.4599106	0.4840702	5.386295
870	-1490.555	-1584.858	94.30324	0.4292738	0.6253029	5.459877
876	-1485.783	-1582.714	96.93066	0.7322652	0.4646416	3.959569
882	-1499.234	-1595.051	95.81708	0.6106363	0.4767582	4.646744
888	-1489.577	-1582.944	93.36718	0.6708176	0.4767582	5.966606
894	-1499.41	-1591.746	92.33627	0.6117457	0.5644743	6.482472
900	-1500.672	-1593.646	92.97416	0.3712398	0.4990304	6.3232
906	-1499.905	-1593.864	93.95879	0.5175784	0.4990304	5.706398
912	-1498.802	-1593.444	94.64172	0.5565175	0.6326539	5.197194
918	-1494.616	-1589.43	94.81369	0.4927386	0.558673	5.197194
924	-1492.378	-1588.392	96.01377	0.62323	0.5791115	4.437458
930	-1483.704	-1579.625	95.92096	0.6374735	0.6335385	4.437458
936	-1477.48	-1573.16	95.67958	0.8239616	0.6736765	4.437458
942	-1474.867	-1570.294	95.4269	0.7871858	0.6736765	4.600195
948	-1479.314	-1573.144	93.82989	0.5536762	0.8720838	5.482719
954	-1487.907	-1582.424	94.51678	0.3145157	0.531414	5.482719
960	-1485.253	-1579.61	94.35682	0.4149491	0.5527926	5.497089
966	-1490.549	-1584.981	94.43164	0.4767709	0.6543445	5.340732
972	-1500.888	-1595.658	94.76941	0.3226805	0.5136041	5.354793
978	-1488.748	-1582.886	94.13776	0.5036084	0.5136041	5.602791
984	-1487.416	-1582.612	95.19578	0.5477061	0.5142401	4.993668
990	-1490.084	-1587.666	97.58218	0.9865215	0.5524979	3.351433
996	-1494.565	-1590.012	95.4466	0.5614611	0.5747338	4.793825
1002	-1489.593	-1585.307	95.71477	0.5725098	0.5045605	4.699292
1008	-1477.488	-1572.038	94.54959	0.557506	0.5281609	5.333615
1014	-1484.299	-1579.039	94.73949	0.6273243	0.657353	5.084938
1020	-1488.867	-1586.289	97.42206	0.7662196	0.5294391	3.594723
1026	-1479.779	-1575.235	95.45592	0.7582603	0.754315	4.542039
1032	-1483.078	-1579.087	96.00889	0.8140102	0.4998608	4.402766
1038	-1487.391	-1583.472	96.08154	0.8679894	0.3850633	4.448172
1044	-1494.59	-1591.347	96.75675	0.8082595	0.7855914	3.752112
1050	-1492.85	-1588.285	95.43435	0.581587	0.4497918	4.902982
1056	-1481.511	-1575.558	94.04756	0.7691458	0.6171114	5.419916
1062	-1474.743	-1568.593	93.85036	0.6115185	0.5976651	5.630393
1068	-1474.171	-1569.348	95.17727	0.8183686	0.6389343	4.749022
1074	-1475.068	-1570.965	95.89699	0.8090617	0.628594	4.358092
1080	-1476.073	-1571.492	95.41959	0.7336792	0.628594	4.668931
1086	-1467.661	-1563.114	95.45243	0.6594795	0.6585066	4.668931
1092	-1478.773	-1575.033	96.26048	0.768068	0.6585066	4.151933
1098	-1471.476	-1566.184	94.70797	0.6431551	0.6585066	5.092767
1104	-1482.74	-1576.125	93.38445	0.3530577	0.6849306	5.960532
1110	-1484.749	-1579.771	95.02201	0.6157136	0.6207449	4.962765
1116	-1482.735	-1577.203	94.46796	0.7248543	0.5288133	5.285724
1122	-1503.85	-1603.151	99.30041	1.235729	0.5665376	2.130468
1128	-1497.81	-1597.132	99.32239	1.270169	0.4704444	2.194677
1134	-1490.183	-1585.079	94.89568	0.5301077	0.5542295	5.134894
1140	-1488.809	-1584.432	95.62288	0.6205424	0.5085173	4.7202
1146	-1487.154	-1582.234	95.08015	0.5076259	0.591074	5.014328
1152	-1487.216	-1584.917	97.70086	0.725665	0.5594811	3.428537
1158	-1485.56	-1582.415	96.85498	0.8492662	0.5307803	3.872952
1164	-1486.331	-1581.578	95.24658	0.8953796	0.8892556	4.494735
1170	-1499.389	-1594.755	95.36564	0.8986871	0.33593	4.888802
1176	-1490.746	-1585.908	95.16178	0.5229109	0.6834685	4.888802
1182	-1486.264	-1580.396	94.1321	0.7328741	0.8645063	5.221849
1188	-1492.064	-1586.587	94.52349	0.5257977	0.8033677	5.158604
1194	-1498.414	-1593.675	95.26093	0.6234275	0.7158692	4.753888
1200	-1480.228	-1574.384	94.15642	0.7794157	0.6552393	5.324928
1206	-1489.605	-1584.072	94.46687	0.7625188	0.7345907	5.105141
1212	-1488.551	-1582.918	94.36627	0.674458	0.5805337	5.325778
1218	-1490.07	-1584.894	94.82348	0.6645947	0.6798691	5.000827
1224	-1488.501	-1583.113	94.61165	0.6185418	0.8950223	5.000827
1230	-1482.205	-1577.747	95.54174	0.8852729	0.5319287	4.596274
1236	-1488.772	-1582.136	93.36468	0.768238	0.4521338	5.938193
1242	-1493.191	-1586.093	92.90227	0.2003149	0.6445383	6.335809
1248	-1497.8	-1590.688	92.88815	0.2793964	0.5987226	6.335809
1254	-1489.313	-1584.659	95.34622	0.6774513	0.6564822	4.719852
1260	-1491.245	-1586.489	95.24433	0.6057481	0.7012518	4.783566
1266	-1493.512	-1587.421	93.90923	0.4526019	0.5851484	5.695341
1272	-1495.083	-1589.249	94.16585	0.50882	0.5851484	5.523616
1278	-1497.236	-1591.467	94.23081	0.443861	0.5851484	5.523616
1284	-1486.879	-1580.372	93.49248	0.3835518	0.6259656	5.928852
1290	-1486.934	-1581.511	94.57644	0.5301951	0.6259656	5.253038
1296	-1486.156	-1581.491	95.3352	0.6801544	0.6060243	4.764053
1302	-1493.55	-1588.59	95.0393	0.8905502	0.7551688	4.700867
1308	-1484.517	-1581.339	96.82181	0.7741901	0.6125065	3.864424
1314	-1483.771	-1577.79	94.01838	0.7741901	0.4567965	5.572465
1320	-1489.13	-1583.332	94.20224	0.6378051	0.505319	5.501053
1326	-1494.947	-1588.819	93.87276	0.5020059	0.477623	5.781752
1332	-1493.309	-1587.858	94.54865	0.4487127	0.5138393	5.4068
1338	-1487.052	-1581.205	94.1528	0.6509193	0.6868624	5.374393
1344	-1489.438	-1583.785	94.34624	0.6873526	0.4185924	5.478047
1350	-1482.076	-1578.073	95.99747	0.5402629	0.4945158	4.568233
1356	-1483.343	-1578.622	95.27947	0.4938507	0.4737062	5.014655
1362	-1486.31	-1579.887	93.57728	0.4171042	0.6273729	5.863108
1368	-1482.974	-1577.712	94.73715	0.6606595	0.546003	5.157432
1374	-1492.133	-1586.165	94.03135	0.6478331	0.4360556	5.655058
1380	-1494.767	-1589.971	95.20426	0.1693098	0.5617562	5.157432
1386	-1484.278	-1580.961	96.68292	0.5639482	0.5557584	4.112121
1392	-1479.472	-1575.041	95.56893	0.7984868	0.4855595	4.672146
1398	-1488.358	-1584.366	96.00819	0.8819274	0.3649266	4.504431
1404	-1477.935	-1573.487	95.55223	0.5232362	0.3863281	4.935981
1410	-1484.808	-1580.563	95.75529	0.5412968	0.4095515	4.787712
1416	-1482.729	-1578.715	95.98644	0.53831	0.5060285	4.564837
1422	-1490.428	-1585.762	95.33414	0.53711	0.5348863	4.904247
1428	-1486.236	-1582.458	96.22231	0.8200626	0.5244215	4.256123
1434	-1487.707	-1581.648	93.94055	0.5300715	0.5421067	5.671576
1440	-1495.106	-1590.272	95.16558	0.913898	0.8232121	4.571531
1446	-1489.601	-1585.165	95.56383	0.7433741	0.6427804	4.571531
1452	-1500.065	-1592.914	92.84946	0.6077321	0.9969886	5.918382
1458	-1495.698	-1591.711	96.01339	0.7942714	0.5581786	4.35902
1464	-1488.844	-1584.47	95.62512	0.7320826	0.7290171	4.479365
1470	-1485.131	-1580.028	94.89743	0.5689025	0.5428139	5.122231
1476	-1494.534	-1589.245	94.71149	0.4462423	0.7676165	5.122231
1482	-1485.289	-1578.265	92.97653	0.4118879	0.6301266	6.191399
1488	-1490.746	-1583.515	92.7684	0.3390157	0.854475	6.191399
1494	-1486.61	-1580.8	94.18998	0.3562315	0.6938167	5.511142
1500	-1488.854	-1582.61	93.75626	0.2473988	0.4167258	6.043912
1506	-1480.951	-1575.981	95.0299	0.6183018	0.5921106	4.979908
1512	-1483.068	-1578.21	95.14227	0.6040155	0.527915	4.979908
1518	-1479.461	-1575.226	95.76567	0.7511006	0.4801726	4.59355
1524	-1481.906	-1577.95	96.0442	0.7698737	0.5051705	4.402811
1530	-1484.177	-1579.648	95.47033	0.8412014	0.3948128	4.79517
1536	-1484.116	-1579.242	95.12602	0.6009172	0.783298	4.79517
1542	-1482.86	-1576.298	93.43809	0.4248851	0.5866741	5.966938
1548	-1484.886	-1580.963	96.07691	0.5817345	0.5866741	4.418934
1554	-1489.94	-1582.949	93.00883	0.678956	0.6088185	6.04488
1560	-1499.56	-1594.567	95.0069	0.6524403	0.6485094	4.929172
1566	-1493.49	-1588.399	94.9094	0.6965954	0.6881441	4.929172
1572	-1484.73	-1580.272	95.54162	0.6474336	0.6881441	4.603466
1578	-1494.064	-1589.616	95.55188	0.4414383	0.6881441	4.7131
1584	-1493.201	-1587.09	93.88934	0.1030921	0.5716465	5.908487
1590	-1492.34	-1587.251	94.91167	0.3515506	0.5267951	5.248605
1596	-1484.238	-1579.638	95.40027	0.6475587	0.4903442	4.846204
1602	-1481.075	-1576.455	95.37988	0.556048	0.5603493	4.846204
1608	-1481.995	-1576.785	94.78971	0.5326444	0.5603493	5.186969
1614	-1481.352	-1575.794	94.44135	0.7699829	0.5599504	5.248699
1620	-1489.653	-1585.3	95.64747	0.6797144	0.3862614	4.795781
1626	-1478.47	-1573.427	94.95747	0.6252079	0.5236417	5.074532
1632	-1486.831	-1580.282	93.45133	0.4319053	0.5786501	5.962382
1638	-1481.82	-1576.394	94.57414	0.6699813	0.4281702	5.352289
1644	-1482.417	-1578.237	95.82069	0.8098132	0.4281702	4.581329
1650	-1482.537	-1577.447	94.91035	0.6781274	0.3994246	5.191986
1656	-1483.569	-1578.479	94.91035	0.6781274	0.3994246	5.191986
1662	-1485.447	-1581.096	95.64879	0.7946327	0.7409135	4.422381
1668	-1486.367	-1582.253	95.88551	0.6673624	0.5658655	4.496034
1674	-1480.857	-1576.895	96.03869	0.7556352	0.7823488	4.195209
1680	-1479.69	-1575.924	96.23339	0.8735961	0.762557	4.030884
1686	-1477.06	-1573.724	96.66389	0.6510733	0.482188	4.140869
1692	-1484.654	-1577.519	92.86492	0.5644376	0.7444327	6.086955
1698	-1473.19	-1569.696	96.50511	0.545561	0.5127879	4.262046
1704	-1475.721	-1570.286	94.56517	0.5965271	0.5916113	5.249928
1710	-1477.734	-1572.979	95.24536	0.6296781	0.5916113	4.854057
1716	-1473.459	-1569.027	95.56797	0.7152503	0.5916113	4.625899
1722	-1478.426	-1575.8	97.37391	0.7357172	0.6927323	3.503664
1728	-1487.218	-1580.705	93.4864	0.5502414	0.4643495	5.979025
1734	-1489.908	-1585.949	96.04119	0.7827015	0.7355486	4.211017
1740	-1485.22	-1581.044	95.82394	0.7523109	0.6120105	4.444594
1746	-1488.732	-1584.4	95.66755	0.5518329	0.4776853	4.762411
1752	-1490.852	-1587.564	96.7124	0.8088926	0.6877764	3.847951
1758	-1495.594	-1591.926	96.33172	0.9540066	0.728491	3.95292
1764	-1503.037	-1599.112	96.07481	0.8701653	0.3107469	4.539357
1770	-1496.309	-1590.881	94.57272	0.4637033	0.6003615	5.312061
1776	-1494.367	-1588.165	93.79861	0.658691	0.7019417	5.554187
1782	-1486.638	-1579.08	92.44204	0.5688772	0.5219566	6.484342
1788	-1484.086	-1578.974	94.88818	0.7719793	0.6343942	4.939602
1794	-1480.676	-1575.364	94.68806	0.7345684	0.6343942	5.071545
1800	-1486.575	-1580.065	93.48981	0.4573976	0.5587774	5.943844
1806	-1485.71	-1580.229	94.51858	0.6741849	0.6535973	5.184191
1812	-1488.472	-1583.164	94.69225	0.850889	0.5732223	5.05383
1818	-1482.61	-1577.338	94.7271	0.6544498	0.8376163	4.952218
1824	-1477.434	-1571.675	94.24042	0.6347834	0.6273296	5.379709
1830	-1478.693	-1572.071	93.37784	0.300892	0.629122	6.034079
1836	-1475.431	-1570.931	95.50014	0.6877575	0.6243598	4.652882
1842	-1471.028	-1566.028	94.99981	0.6121084	0.5370092	5.046539
1848	-1474.543	-1568.021	93.47785	0.4766258	0.7253382	5.813398
1854	-1475.855	-1570.09	94.23454	0.7742286	0.7253382	5.233731
1860	-1482.989	-1578.426	95.43632	0.8162618	0.8363527	4.465722
1866	-1477.708	-1573.291	95.58347	0.8810611	0.5210501	4.584959
1872	-1481.651	-1577.219	95.56807	0.7622629	0.6094159	4.584959
1878	-1482.647	-1575.6	92.95347	0.7611892	0.4975859	6.12374
1884	-1476.564	-1569.951	93.38683	0.5239051	0.5599059	5.962813
1890	-1489.047	-1583.762	94.71484	0.4876647	0.7262624	5.125865
1896	-1480.229	-1575.086	94.85695	0.6304347	0.5485337	5.105633
1902	-1495.928	-1591.663	95.73539	0.7642023	0.6903354	4.427236
1908	-1498.834	-1595.066	96.23261	0.9463597	0.7228314	4.018058
1914	-1486.56	-1582.29	95.73003	0.9208277	0.7161421	4.322951
1920	-1487.507	-1582.961	95.45432	0.8990193	0.9280355	4.352094
1926	-1497.229	-1591.336	94.10683	0.8990193	0.9783108	5.076785
1932	-1489.617	-1584.519	94.90147	0.669249	0.5285938	5.076785
1938	-1493.333	-1589.084	95.7505	0.923435	0.4224911	4.562843
1944	-1487.551	-1583.398	95.84625	0.577954	0.5897198	4.548342
1950	-1478.867	-1574.845	95.97847	0.7021727	0.6195254	4.37968
1956	-1476.28	-1570.683	94.40333	0.4786869	0.5419462	5.44568
1962	-1474.388	-1569.187	94.79824	0.515473	0.5523358	5.19855
1968	-1481.647	-1576.02	94.37384	0.6857565	0.4690348	5.413834
1974	-1484.239	-1580.064	95.82509	0.7987786	0.6133323	4.416686
1980	-1479.244	-1574.733	95.48962	0.6900141	0.4212983	4.840651
1986	-1481.814	-1577.863	96.04896	0.5171144	0.4985908	4.548513
1992	-1478.742	-1573.765	95.02311	0.7075217	0.6080669	4.921163
1998	-1474.494	-1567.152	92.65776	0.3829482	0.628299	6.38167
2004	-1474.606	-1568.589	93.98312	0.5368532	0.5854147	5.60838
2010	-1479.316	-1572.206	92.89016	0.6038849	0.6384359	6.127601
2016	-1480.071	-1574.551	94.4802	0.6931816	0.5103957	5.312821
2022	-1484.7	-1578.973	94.27322	0.6424914	0.6865826	5.312821
2028	-1488.579	-1581.617	93.03782	0.6047837	0.653709	6.035194
2034	-1491.055	-1584.811	93.75596	0.7666167	0.7597419	5.478212
2040	-1491.4	-1586.884	95.48454	0.7666167	0.5330759	4.693792
2046	-1498.622	-1593.216	94.59385	0.7651094	0.628286	5.111596
2052	-1495.657	-1590.952	95.29496	0.748741	0.5697203	4.778136
2058	-1493.179	-1587.78	94.6009	0.5256089	0.5052995	5.343284
2064	-1493.574	-1587.951	94.37705	0.5693746	0.6236656	5.343284
2070	-1489.56	-1583.509	93.94894	0.4691405	0.740863	5.548513
2076	-1495.427	-1589.411	93.98415	0.4528147	0.7159186	5.55546
2082	-1492.845	-1587.77	94.9258	0.6101713	0.6656567	4.984786
2088	-1491.287	-1586.184	94.89768	0.6754322	0.6900029	4.946108
2094	-1489.369	-1584.727	95.35811	0.8441492	0.5050056	4.746428
2100	-1497.713	-1594.529	96.81533	0.9998135	0.5647643	3.778847
2106	-1490.262	-1585.767	95.50566	0.7993609	0.6685869	4.552983
2112	-1480.141	-1574.289	94.14887	0.4817682	0.6531179	5.494663
2118	-1487.329	-1581.374	94.04533	0.4488689	0.758495	5.494663
2124	-1489.276	-1584.162	94.88579	0.7075197	0.4370061	5.150394
2130	-1483.786	-1578.055	94.26806	0.5310944	0.5325847	5.499377
2136	-1484.365	-1578.305	93.93975	0.5111529	0.5318548	5.691229
2142	-1478.753	-1572.406	93.65296	0.5167297	0.7315732	5.691229
2148	-1480.511	-1575.991	95.48023	0.6285739	0.4930977	4.809623
2154	-1479.754	-1575.84	96.08578	0.643963	0.4754219	4.478428
2160	-1488.763	-1582.271	93.50725	0.5729389	0.5827164	5.85149
2166	-1480.124	-1574.714	94.58941	0.5531161	0.6400849	5.22228
2172	-1478.882	-1573.955	95.07274	0.5876058	0.6071328	4.961013
2178	-1476.845	-1571.81	94.96563	0.6877636	0.6404801	4.938653
2184	-1488.095	-1583.136	95.04151	0.6448936	0.6170001	4.938653
2190	-1488.471	-1583.534	95.06307	0.7988075	0.791318	4.714415
2196	-1492.557	-1588.401	95.84389	0.7425738	0.6306774	4.423918
2202	-1484.859	-1581.916	97.05647	0.9149096	0.5291783	3.720589
2208	-1481.529	-1578.549	97.02051	0.8142445	0.5755103	3.758203
2214	-1480.054	-1575.557	95.50317	0.6166929	0.6781006	4.649711
2220	-1491.057	-1585.648	94.59118	0.5955735	0.6444005	5.194511
2226	-1491.091	-1587.706	96.61432	0.7778491	0.4917341	4.087773
2232	-1480.727	-1575.581	94.85339	0.6483455	0.4917341	5.148323
2238	-1481.27	-1577.015	95.74437	0.6334555	0.5343894	4.621677
2244	-1486.683	-1581.608	94.92571	0.6024435	0.4340681	5.189419
2250	-1493.14	-1587.026	93.88532	0.4936611	0.6286295	5.651552
2256	-1484.97	-1579.697	94.72727	0.3606721	0.5970666	5.286266
2262	-1477.998	-1572.835	94.83665	0.5776156	0.4013156	5.286266
2268	-1486.285	-1581.027	94.74227	0.7194749	0.5023499	5.160712
2274	-1486.476	-1580.119	93.64367	0.4299569	0.5023499	5.923715
2280	-1486.15	-1580.434	94.28371	0.5220289	0.4938181	5.530377
2286	-1480.424	-1576.517	96.09349	0.6697402	0.4938181	4.442059
2292	-1480.74	-1576.836	96.09606	0.5510401	0.4938181	4.507432
2298	-1486.252	-1582.083	95.83071	0.6273509	0.5706836	4.545244
2304	-1495.032	-1592.873	97.84067	0.8753579	0.5632905	3.254893
2310	-1502.514	-1597.255	94.74104	0.7984379	0.3248934	5.304069
2316	-1502.827	-1598.742	95.91518	0.8285495	0.4333311	4.512407
2322	-1500.474	-1597.416	96.94187	0.6509395	0.6214309	3.858951
2328	-1496.454	-1591.682	95.22713	0.516028	0.6214309	4.903559
2334	-1501.854	-1596.52	94.66534	0.259729	0.6006037	5.373291
2340	-1488.337	-1581.778	93.44097	0.4305417	0.5533628	5.989687
2346	-1493.98	-1587.25	93.27001	0.4802553	0.6589787	5.972553
2352	-1488.803	-1583.823	95.02037	0.6078519	0.4716863	5.097092
2358	-1479.889	-1575.445	95.55689	0.7040317	0.4920684	4.725616
2364	-1484.196	-1579.405	95.20875	0.7225653	0.6153457	4.803504
2370	-1484.214	-1579.399	95.18535	0.8933557	0.8518639	4.553601
2376	-1479.68	-1575.608	95.92818	0.6922137	0.5427061	4.478085
2382	-1483.188	-1579.101	95.9123	0.6471309	0.3396742	4.719598
2388	-1500.586	-1596.511	95.92493	0.8433459	0.6770002	4.285446
2394	-1483.987	-1580.525	96.53794	0.7482668	0.5124505	4.128654
2400	-1489.272	-1585.275	96.0029	0.6817017	0.4816721	4.497832
2406	-1486.978	-1582.017	95.03902	0.6139302	0.7961294	4.82792
2412	-1488.719	-1585.053	96.33465	0.889069	0.8401939	3.911737
2418	-1495.456	-1592.256	96.79981	0.9833174	0.8238641	3.599849
2424	-1498.34	-1595.239	96.89846	0.7823359	0.5736502	3.848437
2430	-1490.327	-1587.393	97.06622	0.9562592	0.7061135	3.544291
2436	-1487.493	-1584.123	96.62912	0.7943682	0.6092283	3.966008
2442	-1482.552	-1578.901	96.34861	1.08022	0.6124977	3.960265
2448	-1484.74	-1580.304	95.56333	0.8100233	0.6459811	4.53189
2454	-1478.247	-1574.723	96.47602	0.7592041	0.4537531	4.214125
2460	-1471.481	-1568.194	96.71283	0.7245767	0.5503694	4.008202
2466	-1480.408	-1577.669	97.26106	0.7194988	0.5129663	3.730328
2472	-1480.689	-1576.776	96.08633	0.7348033	0.4418288	4.460182
2478	-1481.343	-1575.489	94.14505	0.5579513	0.6813232	5.433927
2484	-1485.277	-1581.29	96.01262	0.7244585	0.4651054	4.484317
2490	-1477.733	-1574.047	96.31348	0.5028032	0.4210587	4.484317
2496	-1472.621	-1569.067	96.44611	0.641182	0.5325749	4.223312
2502	-1472.847	-1570.072	97.22474	0.7991519	0.5070019	3.710916
2508	-1478.586	-1575.275	96.68903	0.9453494	0.8296664	3.682191
2514	-1489.592	-1584.434	94.84128	0.6967993	0.3089007	5.324692
2520	-1491.745	-1586.291	94.54514	0.5181623	0.5668012	5.324692
2526	-1483.741	-1578.579	94.8386	0.7875377	0.4841055	5.086497
2532	-1490.501	-1588.08	97.57893	0.7612799	0.4117458	3.624678
2538	-1491.608	-1586.884	95.27624	0.6610898	0.4117458	4.985506
2544	-1497.102	-1590.898	93.7962	0.5833963	0.9399415	5.444688
2550	-1487.435	-1581.192	93.75767	0.5653711	0.6421707	5.671867
2556	-1485.51	-1580.692	95.18208	0.6684002	0.6712457	4.805456
2562	-1483.788	-1579.57	95.78253	0.910762	0.7253457	4.292314
2568	-1485.566	-1582.326	96.75931	0.8329544	0.4734242	3.991298
2574	-1491.315	-1588.546	97.23035	1.194956	0.6498739	3.352524
2580	-1484.573	-1581.707	97.13339	1.036854	0.7448125	3.429396
2586	-1494.258	-1591.129	96.87093	0.9202487	0.5289057	3.824705
2592	-1485.332	-1582.008	96.67582	0.8146908	0.5391032	3.987876
2598	-1484.152	-1579.946	95.79392	0.9817808	0.6574348	4.296163
2604	-1485.28	-1582.007	96.72703	0.8048363	0.6184565	3.896357
2610	-1479.436	-1576.121	96.68512	0.863103	0.6070391	3.896357
2616	-1477.574	-1574.549	96.97447	0.9157681	0.4977771	3.796785
2622	-1482.109	-1578.908	96.79925	0.9113976	0.6145868	3.796785
2628	-1473.935	-1568.994	95.05887	0.5750671	0.5075443	5.060547
2634	-1474.567	-1569.411	94.84432	0.5580354	0.663567	5.060547
2640	-1471.401	-1565.969	94.56872	0.7118701	0.5077683	5.255986
2646	-1499.473	-1593.549	94.07618	0.7053558	0.4541277	5.581111
2652	-1487.053	-1580.828	93.77537	0.6113138	0.644923	5.634869
2658	-1483.674	-1577.677	94.00338	0.6860437	0.6841986	5.439306
2664	-1486.398	-1580.38	93.98185	0.7075729	0.6841986	5.439306
2670	-1486.241	-1581.389	95.1485	0.5536552	0.5169579	5.014184
2676	-1479.49	-1575.058	95.56732	0.6074765	0.6984539	4.603885
2682	-1479.639	-1575.168	95.52909	0.5753373	0.5356679	4.773533
2688	-1475.822	-1573.84	98.01826	1.030374	0.5637903	3.056822
2694	-1489.094	-1586.273	97.1784	1.132575	0.8785386	3.254701
2700	-1483.047	-1579.526	96.47983	1.014423	0.6426295	3.89848
2706	-1479.577	-1576.322	96.74493	1.083217	0.4317969	3.89848
2712	-1479.261	-1575.937	96.67609	0.7892519	0.4180614	4.12025
2718	-1481.726	-1577.438	95.71179	0.6021963	0.5751839	4.62231
2724	-1489.735	-1586.207	96.47188	0.7118166	0.5751839	4.131304
2730	-1492.409	-1587.184	94.77489	0.6039713	0.4679298	5.238721
2736	-1490.717	-1586.973	96.25591	0.876252	0.6694687	4.084535
2742	-1491.425	-1587.789	96.36376	0.8781589	0.4989143	4.166457
2748	-1489.118	-1583.642	94.52385	0.5829336	0.5154507	5.345038
2754	-1482.442	-1576.445	94.00277	0.6789795	0.4932582	5.599005
2760	-1485.122	-1579.664	94.54208	0.5713026	0.4932582	5.361515
2766	-1485.746	-1579.821	94.07445	0.5899375	0.5154065	5.588547
2772	-1500.993	-1594.759	93.7664	0.6524349	0.6835697	5.588547
2778	-1491.754	-1586.464	94.70938	0.8209324	0.3226805	5.311837
2784	-1486.649	-1580.469	93.81977	0.5050411	0.3916993	5.894795
2790	-1484.103	-1580.319	96.21597	0.7718457	0.5166792	4.294059
2796	-1477.407	-1572.514	95.10625	0.7117438	0.5166792	4.950057
2802	-1473.479	-1568.691	95.21193	0.6941581	0.4980117	4.918044
2808	-1487.637	-1582.964	95.32724	0.6455723	0.4980117	4.880889
2814	-1497.864	-1592.226	94.36184	0.03218653	0.4980364	5.752407
2820	-1491.279	-1586.76	95.48097	0.8900158	0.7385478	4.46486
2826	-1478.367	-1572.899	94.5323	0.6241884	0.79225	5.106504
2832	-1481.619	-1577.15	95.53076	0.6902114	0.4334215	4.805132
2838	-1475.829	-1571.424	95.59507	0.6621092	0.4952749	4.724717
2844	-1479.014	-1574.864	95.8504	0.7364694	0.5432515	4.496472
2850	-1478.276	-1574.982	96.70631	0.8334071	0.5363251	3.962232
2856	-1482.008	-1578.595	96.58696	0.7724122	0.4328939	4.16492
2862	-1484.62	-1579.778	95.1588	0.6978	0.787927	4.719628
2868	-1473.619	-1570.434	96.81458	0.8637432	0.5399439	3.879545
2874	-1481.179	-1577.281	96.10187	0.7851521	0.6660027	4.226525
2880	-1480.148	-1575.937	95.7889	0.7312562	0.6394443	4.454384
2886	-1486.401	-1581.245	94.84459	0.6319086	0.7274339	4.972986
2892	-1477.73	-1572.547	94.81732	0.7259999	0.6915471	4.961548
2898	-1498.048	-1594.844	96.79632	0.9366393	0.4432584	3.941121
2904	-1490.564	-1586.72	96.15594	0.8564003	0.7393209	4.101221
2910	-1487.288	-1582.022	94.73337	0.6843094	0.6553892	5.058211
2916	-1475.203	-1569.347	94.14449	0.6550838	0.7533756	5.329903
2922	-1476.276	-1571.523	95.24772	0.5782254	0.5662508	4.902478
2928	-1477.688	-1572.798	95.11039	0.6058594	0.6420224	4.902478
2934	-1481.968	-1576.384	94.41565	0.4423101	0.6120042	5.401208
2940	-1482.362	-1575.694	93.33218	0.7104637	0.7229543	5.766805
2946	-1497.486	-1590.428	92.94175	0.4671724	0.6994138	6.129286
2952	-1490.81	-1584.622	93.81286	0.5637632	0.6968647	5.602131
2958	-1489.127	-1581.903	92.77621	0.598732	0.5088707	6.29837
2964	-1474.136	-1570.466	96.32952	0.6929897	0.5040503	4.286074
2970	-1474.307	-1569.12	94.8128	0.6732294	0.4812159	5.166835
2976	-1484.152	-1578.887	94.73544	0.5679619	0.5974395	5.166835
2982	-1487.165	-1582.004	94.83883	0.7026465	0.6432966	4.998701
2988	-1492.604	-1586.224	93.61984	0.4324149	0.6533509	5.811749
2994	-1479.07	-1572.26	93.19	0.6359549	0.5816011	5.99124
3000	-1480.308	-1574.814	94.50553	0.7819415	0.6415191	5.140967
3006	-1482.829	-1577.841	95.01214	0.781068	0.7150348	4.805385
3012	-1481.48	-1577.283	95.80325	0.8272735	0.6526293	4.381911
3018	-1478.652	-1572.35	93.69822	0.6282444	0.6526293	5.662094
3024	-1482.011	-1577.563	95.5514	0.7638469	0.4322088	4.753726
3030	-1485.569	-1581.136	95.56654	0.8191354	0.5005585	4.64789
3036	-1482.194	-1577.729	95.53564	0.5336518	0.4337047	4.889406
3042	-1478.09	-1574.286	96.19626	0.718279	0.5701753	4.28829
3048	-1476.706	-1571.995	95.28827	0.8470635	0.5884234	4.711335
3054	-1477.289	-1572.823	95.53443	0.6881042	0.5884234	4.66253
3060	-1477.909	-1571.751	93.84186	0.5162989	0.5322856	5.741669
3066	-1484.22	-1578.463	94.24301	0.498108	0.6382164	5.445179
3072	-1481.513	-1574.942	93.42867	0.6775283	0.597643	5.825263
3078	-1477.746	-1573.013	95.26719	0.699621	0.5224378	4.862044
3084	-1483.944	-1578.191	94.24728	0.699621	0.6313496	5.337054
3090	-1483.931	-1579.506	95.57472	0.5399093	0.5982774	4.714838
3096	-1495.357	-1590.874	95.51722	0.600987	0.6854641	4.645164
3102	-1493.109	-1589.097	95.98795	0.6863943	0.4033006	4.582938
3108	-1484.451	-1577.358	92.90728	0.6450387	0.7152	6.040062
3114	-1483.039	-1578.486	95.44685	0.4152789	0.476296	4.962836
3120	-1473.925	-1570.164	96.23974	0.9129476	0.4523851	4.262281
3126	-1483.23	-1579.576	96.34599	0.8908035	0.7611667	3.957667
3132	-1492.2	-1588.838	96.63763	0.8002045	0.6757654	3.905007
3138	-1491.45	-1585.632	94.18254	0.7751219	0.6909715	5.286472
3144	-1483.679	-1580.023	96.34467	0.9083169	0.4790526	4.179117
3150	-1477.837	-1572.506	94.66887	0.8696521	0.6478465	4.996856
3156	-1481.551	-1576.997	95.44668	0.7320073	0.7037312	4.597852
3162	-1482.77	-1577.895	95.12474	0.6606242	0.7725726	4.769759
3168	-1492.056	-1588.151	96.09492	0.8955412	0.5371512	4.27409
3174	-1484.344	-1578.182	93.8373	0.6149971	0.3849152	5.832399
3180	-1484.684	-1582.532	97.84781	0.9697538	0.4496176	3.305138
3186	-1489.318	-1586.169	96.85063	0.9853433	0.6105863	3.72782
3192	-1494.735	-1589.197	94.46141	0.6028554	0.5018821	5.380709
3198	-1502.753	-1596.679	93.92667	0.8395834	0.5528787	5.500049
3204	-1485.829	-1579.631	93.8023	0.6809249	0.5818818	5.631424
3210	-1478.142	-1574.034	95.89193	0.7648138	0.4873406	4.50811
3216	-1485.164	-1580.931	95.76715	0.7515947	0.4672842	4.604852
3222	-1488.664	-1584.003	95.33844	0.6901688	0.7400252	4.656094
3228	-1481.706	-1575.322	93.61551	0.5368008	0.5923379	5.804282
3234	-1478.534	-1572.051	93.51653	0.6357812	0.5923379	5.804282
3240	-1479.925	-1573.048	93.12365	0.4422236	0.6754782	6.060984
3246	-1480.585	-1574.902	94.31745	0.5446635	0.401432	5.590181
3252	-1475.055	-1569.526	94.47107	0.4948469	0.7130594	5.26607
3258	-1482.409	-1577.128	94.71895	0.6371747	0.5666935	5.162937
3264	-1472.935	-1568.599	95.66438	0.5718198	0.6116203	4.635976
3270	-1479.39	-1574.631	95.24111	0.730679	0.732326	4.693312
3276	-1482.699	-1577.354	94.65411	0.5164071	0.732326	5.139343
3282	-1479.393	-1574.944	95.55078	0.7551161	0.5534916	4.645304
3288	-1476.095	-1572.122	96.02696	0.7984713	0.4820441	4.418166
3294	-1482.718	-1576.585	93.86619	0.7067479	0.6308041	5.543386
3300	-1472.877	-1569.147	96.26988	0.8545575	0.5456803	4.190568
3306	-1481.651	-1577.809	96.15855	1.113166	1.152575	3.702878
3312	-1491.808	-1588.419	96.61101	1.027037	1.152575	3.490123
3318	-1485.135	-1582.313	97.17713	0.9058356	0.7315315	3.490123
3324	-1483.872	-1578.526	94.65372	0.6918072	0.5835562	5.154818
3330	-1488.425	-1583.219	94.794	0.4977206	0.6206525	5.154818
3336	-1485.918	-1580.838	94.92003	0.4001327	0.5399459	5.205635
3342	-1479.589	-1574.438	94.8486	0.4415079	0.5593663	5.205635
3348	-1485.592	-1580.572	94.9796	0.502725	0.5281218	5.1262
3354	-1485.758	-1580.493	94.7347	0.4969211	0.6940196	5.132739
3360	-1495.184	-1590.6	95.41596	0.7467129	0.5981838	4.688036
3366	-1496.702	-1592.435	95.73306	0.8298278	0.5120139	4.537925
3372	-1476.417	-1573.401	96.98386	0.9016184	0.6424255	3.67325
3378	-1472.738	-1570.379	97.64088	1.005958	0.4636584	3.390959
3384	-1485.616	-1582.118	96.50186	0.7943739	0.6849926	3.979071
3390	-1474.478	-1570.075	95.59691	0.8679683	0.6618383	4.468213
3396	-1478.149	-1573.302	95.15277	0.7481675	0.6618383	4.784365
3402	-1471.979	-1566.705	94.7257	0.7414268	0.5216583	5.14034
3408	-1477.787	-1574.292	96.5044	0.9546969	0.4018253	4.141311
3414	-1494.35	-1590.17	95.82075	0.7428533	0.6363149	4.432364
3420	-1488.19	-1586.049	97.85898	1.039713	0.68584	3.043218
3426	-1480.945	-1578.434	97.48906	1.017201	0.7190491	3.250886
3432	-1483.378	-1579.893	96.51444	1.008705	0.7952725	3.769608
3438	-1482.743	-1578.058	95.31433	0.7758042	0.5648764	4.756294
3444	-1475.142	-1571.603	96.46133	0.8594922	0.5648764	4.06206
3450	-1483.26	-1580.048	96.78842	0.9427399	0.5648764	3.8271
3456	-1486.613	-1580.607	93.99411	0.4809855	0.5553112	5.657903
3462	-1485.865	-1579.702	93.83638	0.3600679	0.7589415	5.657903
3468	-1487.108	-1581.264	94.15578	0.5445793	0.7589415	5.380844
3474	-1485.166	-1580.222	95.05581	0.6479922	0.7215402	4.850617
3480	-1486.62	-1581.67	95.04934	0.6273662	0.6131413	4.947111
3486	-1484.452	-1579.647	95.19494	0.4627244	0.5721041	4.99117
3492	-1485.701	-1580.782	95.08029	0.4925983	0.5759816	5.035021
3498	-1492.868	-1587.48	94.61273	0.6014002	0.5759816	5.233755
3504	-1488.947	-1585.302	96.35557	0.7778885	0.696738	4.063208
3510	-1489.561	-1583.158	93.59648	0.4818522	0.696738	5.765754
3516	-1489.269	-1581.117	91.84857	0.4846907	0.6314327	6.762152
3522	-1487.966	-1580.121	92.15498	0.5157081	0.6770688	6.546009
3528	-1485.684	-1578.554	92.86968	0.5157081	0.6770688	6.158117
3534	-1492.492	-1585.849	93.35771	0.3507859	0.4631393	6.158981
3540	-1492.815	-1589.579	96.76415	0.8511141	0.7134506	3.774657
3546	-1487.287	-1584.929	97.64229	1.054798	0.8329465	3.055705
3552	-1489.594	-1587.018	97.42426	1.054798	0.6187803	3.346467
3558	-1496.286	-1594.243	97.95665	0.8505798	0.4168155	3.346467
3564	-1478.225	-1572.785	94.56029	0.3656292	0.5102897	5.449326
3570	-1480.006	-1574.887	94.88153	0.5653245	0.6264916	5.06426
3576	-1487.36	-1583.623	96.26311	0.5173002	0.6728809	4.281691
3582	-1490.161	-1585.723	95.56191	0.6510961	0.7015387	4.580194
3588	-1480.72	-1574.726	94.00561	0.8366542	0.625188	5.399526
3594	-1496.494	-1589.558	93.06409	0.9027921	0.7581087	5.78424
3600	-1483.432	-1578.278	94.84642	0.7846411	0.5500784	5.024603
3606	-1480.513	-1576.94	96.42655	0.8309678	0.6498642	4.028228
3612	-1482.536	-1578.151	95.61509	0.8806924	0.5586104	4.534349
3618	-1482.965	-1578.752	95.78719	0.7002258	0.5640965	4.534349
3624	-1483.202	-1577.519	94.31697	0.656741	0.6651393	5.296606
3630	-1486.348	-1580.635	94.28659	0.514157	0.6802206	5.380879
3636	-1492.929	-1588.564	95.63497	0.6829382	0.6802206	4.537009
3642	-1490.916	-1586.464	95.54813	0.4714544	0.6802206	4.704272
3648	-1500.732	-1596.454	95.72195	0.7600508	0.8933597	4.300376
3654	-1495.436	-1590.914	95.47757	0.5882911	0.5366369	4.794214
3660	-1496.363	-1590.232	93.86913	0.5018402	0.5514007	5.718285
3666	-1488.807	-1582.684	93.87703	0.4929678	0.5520326	5.718285
3672	-1487.954	-1582.196	94.24261	0.6955307	0.5520326	5.406145
3678	-1490.188	-1584.119	93.9304	0.5295977	0.4998805	5.714598
3684	-1488.374	-1582.474	94.09996	0.5955032	0.5877442	5.510073
3690	-1482.953	-1577.045	94.09249	0.5605349	0.6170136	5.510073
3696	-1491.072	-1584.378	93.30559	0.430946	0.5931406	6.030715
3702	-1489.315	-1585.306	95.99098	0.5245993	0.458437	4.615286
3708	-1480.153	-1574.419	94.26603	0.4798001	0.5067433	5.551561
3714	-1478.089	-1572.893	94.80358	0.5917428	0.5547097	5.151357
3720	-1480.409	-1575.107	94.69805	0.6625425	0.5776326	5.151357
3726	-1478.939	-1573.135	94.19571	0.496813	0.8038658	5.355415
3732	-1494.98	-1587.804	92.82388	0.4027884	0.6665418	6.252106
3738	-1493.01	-1586.159	93.1494	0.5180549	0.7367865	5.962342
3744	-1492.28	-1585.566	93.28535	0.2867742	0.6664263	6.064199
3750	-1485.925	-1579.255	93.32998	0.3594285	0.5834398	6.064199
3756	-1488.876	-1582.42	93.54457	0.1851125	0.5241752	6.091973
3762	-1487.08	-1581.632	94.55148	0.5977914	0.4412664	5.391431
3768	-1484.217	-1579.978	95.76052	0.6402521	0.8557921	4.369754
3774	-1485.52	-1580.01	94.49004	0.623395	0.4731602	5.380251
3780	-1489.83	-1584.324	94.49431	0.5302535	0.5303782	5.377185
3786	-1483.961	-1577.953	93.99144	0.5494059	0.5715013	5.608321
3792	-1488.376	-1584.202	95.82523	0.6368223	0.6742702	4.460384
3798	-1496.043	-1589.826	93.78205	0.4953985	0.5452536	5.77472
3804	-1490.976	-1586.69	95.71364	0.5679805	0.4581126	4.746575
3810	-1493.779	-1588.378	94.59919	0.6749179	0.7058854	5.100639
3816	-1490.885	-1584.964	94.07867	0.5226799	0.5277326	5.612292
3822	-1494.294	-1587.997	93.70313	0.6785897	0.5359047	5.725634
3828	-1498.225	-1592.681	94.45555	0.796931	0.5083297	5.271006
3834	-1496.077	-1589.241	93.16365	0.4403783	0.554762	6.134279
3840	-1483.892	-1578.46	94.56863	0.6100096	0.6022637	5.231974
3846	-1481.103	-1574.841	93.7386	0.729264	0.6920081	5.555511
3852	-1488.489	-1581.655	93.16561	0.6156656	0.677326	5.942151
3858	-1483.142	-1576.657	93.51479	0.2840606	0.4354381	6.136652
3864	-1481.28	-1574.348	93.06844	0.4215266	0.628749	6.137192
3870	-1477.524	-1571.709	94.18549	0.503685	0.5706117	5.527577
3876	-1495.249	-1589.394	94.14541	0.394343	0.6760879	5.527577
3882	-1494.081	-1589.176	95.09479	0.5520808	0.5621404	5.00554
3888	-1478.505	-1572.717	94.21166	0.5006587	0.526657	5.552292
3894	-1484.306	-1579.294	94.98786	0.4996854	0.4963337	5.151938
3900	-1491.103	-1585.518	94.41444	0.4105203	0.5312481	5.486349
3906	-1487.739	-1581.945	94.20624	0.5843035	0.5239044	5.51171
3912	-1493.491	-1587.82	94.32834	0.5809562	0.6695626	5.328868
3918	-1491.041	-1585.74	94.69902	0.6848043	0.6558757	5.076623
3924	-1491.852	-1585.372	93.52054	0.4480864	0.4570176	6.023123
3930	-1489.063	-1583.505	94.44159	0.3710434	0.576206	5.455043
3936	-1488.567	-1581.458	92.89097	0.3808354	0.6843488	6.214645
3942	-1492.031	-1587.846	95.81512	0.5552538	0.5147206	4.643482
3948	-1486.007	-1580.585	94.57746	0.4522167	0.513479	5.389318
3954	-1490.019	-1584.623	94.60331	0.4943206	0.5109837	5.354087
3960	-1491.402	-1586.715	95.31299	0.7943592	0.6267388	4.696102
3966	-1486.107	-1580.01	93.90309	0.4792832	0.5702312	5.696299
3972	-1475.385	-1570.746	95.3607	0.6951231	0.4725954	4.858542
3978	-1484.133	-1579.386	95.25229	0.5348338	0.6478159	4.858542
3984	-1481.713	-1577.468	95.75414	0.7926378	0.6452172	4.434888
3990	-1476.282	-1572.177	95.89481	0.7232973	0.6698087	4.375769
3996	-1472.146	-1566.131	93.98479	0.558328	0.7538238	5.470908
4002	-1480.521	-1573.876	93.35552	0.6714233	0.7509592	5.756182
4008	-1476.854	-1569.957	93.10282	0.5068776	0.5729868	6.116116
4014	-1473.052	-1567.041	93.98934	0.4685262	0.6942912	5.55936
4020	-1475.926	-1569.225	93.29903	0.6874179	0.905192	5.680957
4026	-1477.314	-1572.736	95.42176	0.8132336	0.591211	4.65325
4032	-1483.516	-1579.483	95.96695	0.8577777	0.7009374	4.235614
4038	-1473.1	-1568.681	95.58042	0.6016055	0.4966756	4.765417
4044	-1478.97	-1572.825	93.85513	0.5863926	0.4983152	5.726136
4050	-1479.761	-1574.569	94.80868	0.4704775	0.4851754	5.277517
4056	-1478.455	-1574.752	96.29771	0.69921	0.4012102	4.403708
4062	-1473.614	-1567.319	93.70452	0.5775126	0.6579112	5.682504
4068	-1475.052	-1569.423	94.3712	0.6557314	0.7340882	5.217581
4074	-1475.887	-1569.201	93.31439	0.5593648	0.6182158	5.936091
4080	-1480.155	-1573.966	93.81095	0.3617561	0.56498	5.815453
4086	-1477.483	-1571.186	93.70305	0.3079876	0.6325235	5.850052
4092	-1479.244	-1572.458	93.21387	0.3595603	0.5510974	6.15401
4098	-1483.084	-1577.884	94.80035	0.314778	0.5633926	5.298943
4104	-1474.122	-1569.423	95.30171	0.4776969	0.5949963	4.904572
4110	-1475.826	-1570.985	95.15904	0.5793299	0.4788204	5.029203
4116	-1477.82	-1573.747	95.92742	0.5977579	0.7157718	4.394203
4122	-1479.653	-1574.111	94.45759	0.5862707	0.55106	5.348694
4128	-1496.138	-1588.681	92.54349	0.4797014	0.6899386	6.3457
4134	-1483.467	-1577.073	93.60629	0.6298847	0.5365885	5.804728
4140	-1482.274	-1575.841	93.56743	0.5618427	0.6076195	5.804728
4146	-1476.427	-1571.091	94.66361	0.677944	0.5939654	5.148525
4152	-1476.607	-1571.533	94.92575	0.5269531	0.5285576	5.142222
4158	-1476.076	-1571.284	95.20832	0.3774509	0.602786	5.00595
4164	-1486.926	-1581.641	94.71473	0.4051741	0.6949633	5.193899
4170	-1479.987	-1574.61	94.62265	0.6284597	0.659563	5.147394
4176	-1487.886	-1581.482	93.59611	0.3928958	0.6035838	5.884613
4182	-1487.257	-1582.854	95.5972	0.6727147	0.4026905	4.809903
4188	-1479.873	-1575.2	95.32757	0.6245623	0.5930303	4.809903
4194	-1498.13	-1592.402	94.27166	0.4715069	0.648219	5.436433
4200	-1485.183	-1579.035	93.8521	0.4409737	0.5860562	5.732283
4206	-1483.642	-1580.418	96.77561	0.7376248	0.5431532	3.971263
4212	-1494.014	-1587.54	93.52574	0.494963	0.5232652	5.934059
4218	-1487.788	-1583.901	96.11258	0.7174534	0.5232652	4.377249
4224	-1484.585	-1581.398	96.81285	0.7543744	0.5666409	3.919679
4230	-1481.386	-1577.404	96.01813	0.9252693	0.5638349	4.277386
4236	-1483.868	-1581.086	97.21801	0.9145887	0.6046998	3.560835
4242	-1480.876	-1575.97	95.09357	0.672866	0.7690294	4.782729
4248	-1474.822	-1570.112	95.28956	0.5471957	0.7127257	4.782729
4254	-1496.59	-1595.415	98.82447	0.9894028	0.4219344	2.738038
4260	-1474.247	-1569.56	95.31329	0.6830708	0.5552504	4.816854
4266	-1479.076	-1574.432	95.35564	0.7125464	0.5552504	4.776764
4272	-1479.432	-1575.764	96.33182	0.8685256	0.4671236	4.220626
4278	-1490.808	-1586.746	95.93804	0.728832	0.8535096	4.220626
4284	-1483.2	-1577.181	93.98153	0.7661672	0.7471334	5.362775
4290	-1488.563	-1583.549	94.98663	0.7886433	0.6634238	4.853279
4296	-1483.698	-1578.982	95.28429	0.6844881	0.7057115	4.713997
4302	-1486.138	-1581.235	95.09736	0.5161255	0.5867132	5.003615
4308	-1484.397	-1579.306	94.90911	0.584631	0.6718603	5.003615
4314	-1483.328	-1578.334	95.00574	0.6155332	0.5814625	5.003615
4320	-1480.876	-1575.397	94.52193	0.4239064	0.7342467	5.262296
4326	-1483.532	-1577.801	94.26975	0.5507511	0.4979918	5.518442
4332	-1487.995	-1582.425	94.42973	0.5485213	0.4979918	5.431642
4338	-1483.614	-1578.802	95.18805	0.4613805	0.5348002	5.02765
4344	-1486.201	-1581.499	95.29806	0.4528139	0.5257337	4.979291
4350	-1492.982	-1586.782	93.80027	0.4798982	0.5960481	5.731312
4356	-1497.508	-1592.567	95.05886	0.5608403	0.6234314	4.970672
4362	-1495.33	-1590.186	94.85619	0.5681719	0.5873254	5.108055
4368	-1488.727	-1582.745	94.01806	0.6648806	0.5356572	5.560594
4374	-1482.161	-1577.619	95.45874	0.6847629	0.5611548	4.729624
4380	-1484.264	-1578.243	93.97895	0.6508382	0.4489594	5.669417
4386	-1484.604	-1580.561	95.95658	0.6637354	0.5478595	4.47362
4392	-1480.724	-1574.789	94.065	0.7134866	0.6882695	5.387282
4398	-1472.278	-1568.034	95.75638	0.6630489	0.5638409	4.572756
4404	-1476.957	-1572.924	95.96774	0.7095236	0.4980624	4.486491
4410	-1477.016	-1571.892	94.87583	0.882181	1.15205	4.564573
4416	-1483.359	-1580.623	97.26365	0.7865542	0.4959242	3.706275
4422	-1491.932	-1588.614	96.68201	0.715786	0.5740963	4.010189
4428	-1490.698	-1586.054	95.35606	0.6306455	0.6064354	4.779719
4434	-1487.69	-1584.134	96.44391	0.684786	0.457921	4.270336
4440	-1499.713	-1595.628	95.91491	0.5011466	0.5607335	4.577305
4446	-1499.939	-1596.127	96.18837	0.708508	0.430985	4.428604
4452	-1494.743	-1587.199	92.45597	0.388864	0.5851925	6.521543
4458	-1478.294	-1573.236	94.94213	0.5574074	0.5080299	5.134616
4464	-1483.417	-1577.778	94.36168	0.5401234	0.6880316	5.319446
4470	-1476.623	-1571.497	94.87481	0.4986726	0.549659	5.167762
4476	-1480.372	-1574.238	93.86515	0.4851316	0.5849181	5.701861
4482	-1479.957	-1576.013	96.05635	0.5884689	0.4764999	4.525153
4488	-1491.042	-1586.495	95.45319	0.8166384	0.7398494	4.520856
4494	-1501.749	-1595.389	93.64083	0.6667732	0.756219	5.598739
4500	-1499.438	-1595.357	95.91903	0.8756589	0.5823234	4.345791
4506	-1491.341	-1585.548	94.20719	0.7882425	0.7918039	5.19598
4512	-1484.442	-1579.225	94.78358	0.6542341	0.5776186	5.108589
4518	-1488.377	-1582.429	94.05201	0.7733904	0.6991543	5.353556
4524	-1489.751	-1585.72	95.96983	0.754804	0.7734115	4.24085
4530	-1482.688	-1579.417	96.72851	0.8595003	0.7112705	3.791971
4536	-1486.063	-1581.121	95.05829	0.7552547	0.5942154	4.886196
4542	-1484.354	-1580.695	96.34032	0.7135086	0.5942154	4.189092
4548	-1482.344	-1578.756	96.41161	0.8026793	0.4915717	4.189092
4554	-1471.32	-1566.152	94.83263	0.7086491	0.4453143	5.170907
4560	-1477.828	-1572.607	94.77854	0.7023798	0.4475507	5.202096
4566	-1482.225	-1576.686	94.46064	0.8012488	0.5453038	5.233233
4572	-1480.382	-1575.336	94.95371	0.5783472	0.5119389	5.113065
4578	-1479.075	-1574.882	95.8073	0.567441	0.5119389	4.643567
4584	-1488.982	-1584.892	95.90926	0.8885064	0.4219411	4.493814
4590	-1480.319	-1574.523	94.20316	0.7067127	0.5551097	5.41911
4596	-1482.723	-1577.113	94.38965	0.5202263	0.5551097	5.41911
4602	-1482.897	-1579.081	96.18372	0.6926418	0.6689244	4.230337
4608	-1472.401	-1567.375	94.97387	0.7498682	0.5879478	4.941316
4614	-1485.456	-1580.857	95.4012	0.6693509	0.845939	4.561941
4620	-1488.208	-1583.087	94.87954	0.8446251	0.7074697	4.84932
4626	-1477	-1571.394	94.39401	0.589977	0.6393818	5.310403
4632	-1477.528	-1572.189	94.66071	0.8514549	0.5077112	5.127909
4638	-1476.742	-1570.628	93.88597	0.8546426	0.6681421	5.422915
4644	-1479.882	-1575.879	95.99663	1.061261	0.9009949	3.968084
4650	-1487.551	-1580.484	92.93301	0.8349015	0.4794702	6.111318
4656	-1491.269	-1585.626	94.3575	0.6464954	0.8109036	5.178783
4662	-1493.444	-1587.94	94.4958	0.5821009	0.3976848	5.475542
4668	-1491.205	-1587.296	96.0919	0.7912382	0.5177843	4.352235
4674	-1482.791	-1577.843	95.05225	0.4159103	0.5484115	5.116392
4680	-1480.449	-1573.758	93.30891	0.5564602	0.5484115	5.997212
4686	-1482.993	-1577.649	94.65606	0.2991466	0.623014	5.338951
4692	-1482.053	-1576.581	94.52801	0.6989909	0.6257796	5.186624
4698	-1472.758	-1567.53	94.77223	0.6427052	0.5457781	5.148142
4704	-1481.884	-1575.649	93.76426	0.545861	0.653419	5.670465
4710	-1487.857	-1582.424	94.56655	0.5120613	0.5393763	5.339555
4716	-1489.427	-1583.239	93.81172	0.3794842	0.6057616	5.772301
4722	-1492	-1585.981	93.98064	0.2105643	0.6057616	5.772301
4728	-1486.468	-1582.016	95.54753	0.7160816	0.4137417	4.801699
4734	-1481.872	-1578.013	96.14166	0.6385808	0.5046421	4.422374
4740	-1485.118	-1581.685	96.5661	1.020683	0.5235851	3.946867
4746	-1478.623	-1576.105	97.48225	0.9737583	0.5449971	3.424351
4752	-1479.933	-1576.358	96.42501	0.7804008	0.5275239	4.160806
4758	-1479.039	-1574.749	95.71017	0.7878955	0.6385631	4.467515
4764	-1471.729	-1566.601	94.87221	0.7878955	0.6385631	4.9364
4770	-1484.951	-1580.618	95.66696	0.7123938	0.4813907	4.669414
4776	-1485.597	-1581.91	96.31326	0.668113	0.7504859	4.110948
4782	-1492.43	-1587.845	95.4158	0.692405	0.7399702	4.611521
4788	-1473.136	-1568.541	95.40542	0.7550062	0.5122221	4.763211
4794	-1484.275	-1578.425	94.14921	0.2719649	0.5304768	5.708718
4800	-1481.034	-1575.579	94.54512	0.5503584	0.5440331	5.326232
4806	-1490.919	-1586.483	95.5635	0.5677514	0.5440331	4.751228
4812	-1487.465	-1582.319	94.85415	0.7616952	0.599508	4.991887
4818	-1485.01	-1579.535	94.52537	0.6247312	0.800033	5.104932
4824	-1486.363	-1582.092	95.72892	0.7444618	0.7155546	4.42357
4830	-1495.402	-1590.671	95.26978	0.6305797	0.5344111	4.888454
4836	-1492.009	-1586.037	94.0277	0.5577072	0.5344111	5.615234
4842	-1480.353	-1575.133	94.7797	0.633583	0.5191695	5.172367
4848	-1476.189	-1572.075	95.88595	0.5998474	0.476332	4.614597
4854	-1479.311	-1574.418	95.10636	0.7673818	0.4726993	4.959812
4860	-1488.566	-1581.958	93.39219	0.2640654	0.5239527	6.132148
4866	-1493.046	-1586.408	93.36242	0.2938383	0.5239527	6.132148
4872	-1479.236	-1574.585	95.34871	0.7461623	0.6656484	4.673055
4878	-1488.456	-1584.267	95.81074	0.7213486	0.4980949	4.56806
4884	-1489.696	-1585.735	96.03983	0.7528608	0.4610676	4.456969
4890	-1486.212	-1581.809	95.59725	0.7528608	0.7517194	4.467392
4896	-1484.934	-1580.132	95.1983	0.7528608	0.587721	4.814799
4902	-1479.513	-1574.159	94.64615	0.8307459	0.5887747	5.077745
4908	-1480.215	-1575.703	95.48854	0.7494431	0.7252755	4.549061
4914	-1479.097	-1575.99	96.89278	0.8488543	0.4855012	3.893996
4920	-1479.565	-1577.048	97.48307	0.9781394	0.6079167	3.366085
4926	-1469.368	-1565.935	96.56743	0.8540858	0.6263191	3.953207
4932	-1472.654	-1570.281	97.6269	0.9641964	0.5036016	3.383995
4938	-1468.873	-1564.102	95.2288	0.9444572	0.6240744	4.661306
4944	-1469.845	-1564.393	94.54749	0.4555688	0.4749871	5.43933
4950	-1469.759	-1565.74	95.98053	0.8681874	0.5478022	4.344856
4956	-1476.708	-1571.639	94.93021	0.9061577	0.9877774	4.60833
4962	-1465.79	-1561.372	95.58201	0.6660845	0.6189388	4.623453
4968	-1470.37	-1565.838	95.46784	0.6424182	0.4706443	4.830068
4974	-1471.833	-1566.865	95.03218	0.8087491	0.5259504	4.929016
4980	-1471.236	-1566.6	95.3644	0.6304314	0.5259504	4.843288
4986	-1475.206	-1569.301	94.09554	0.4880605	0.5969603	5.564127
4992	-1473.706	-1569.444	95.73815	0.6736501	0.4590764	4.672806
4998	-1477.731	-1572.951	95.22068	0.5232029	0.4944602	5.011507
5004	-1488.156	-1584.612	96.45637	0.6803256	0.6929443	4.064195
5010	-1480.148	-1575.807	95.65884	0.4750875	0.4711525	4.816377
5016	-1472.394	-1567.043	94.6497	0.6339968	0.5862876	5.186805
5022	-1470.369	-1565.089	94.71966	0.4601809	0.6596152	5.186805
5028	-1475.798	-1570.703	94.90435	0.6502073	0.7265399	4.930201
5034	-1472.312	-1567.425	95.11324	0.6598121	0.5661152	4.932034
5040	-1477.138	-1573.201	96.06228	0.5003825	0.577134	4.480987
5046	-1475.287	-1571.349	96.0623	0.655162	0.430116	4.530485
5052	-1476.883	-1571.72	94.8366	0.7114382	0.5046385	5.110823
5058	-1470.299	-1565.394	95.09552	0.5598127	0.4766756	5.077313
5064	-1474.854	-1569.572	94.71883	0.5279387	0.539375	5.246706
5070	-1479.747	-1573.86	94.11325	0.6861918	0.6484809	5.405238
5076	-1477.229	-1571.724	94.49524	0.4966231	0.5189914	5.405238
5082	-1476.963	-1573.175	96.21165	0.7779134	0.9025279	4.006199
5088	-1482.798	-1578.012	95.21362	0.6975765	0.9025279	4.616251
5094	-1478.709	-1575.455	96.74595	0.8836745	0.8361849	3.68062
5100	-1474.001	-1571.219	97.21801	0.887561	0.6415531	3.54621
5106	-1478.443	-1575.556	97.11295	0.7871954	0.4414722	3.847057
5112	-1483.645	-1579.896	96.25169	0.8272849	0.8819686	3.967882
5118	-1484.505	-1580.687	96.18228	0.6515379	0.4312945	4.463813
5124	-1479.855	-1574.238	94.38298	0.5897888	0.773768	5.220479
5130	-1482.232	-1577.088	94.85511	0.6240792	0.5408833	5.116778
5136	-1478.396	-1572.626	94.23028	0.7986993	0.7229571	5.224227
5142	-1475.183	-1569.786	94.60318	0.5744518	0.6346683	5.207035
5148	-1480.58	-1574.624	94.04341	0.5365617	0.4886774	5.659062
5154	-1486.251	-1581.858	95.60703	0.6404557	0.9071272	4.424406
5160	-1488.194	-1585.636	97.44223	0.8292769	0.6393374	3.451203
5166	-1483.671	-1579.97	96.29838	0.7718036	0.6724202	4.117571
5172	-1489.931	-1585.111	95.18041	0.6308379	0.4745614	4.992767
5178	-1492.429	-1587.061	94.63124	0.6668565	0.4926957	5.260081
5184	-1497.965	-1592.04	94.07476	0.4659099	0.6381107	5.555506
5190	-1484.39	-1578.879	94.48915	0.4019443	0.4551525	5.519909
5196	-1478.769	-1572.704	93.93559	0.5475558	0.8735587	5.427006
5202	-1486.78	-1580.656	93.87584	0.4674491	0.6563808	5.650055
5208	-1481.893	-1575.687	93.7942	0.5436994	0.6603424	5.650055
5214	-1497.582	-1591.183	93.60087	0.4870425	0.6747796	5.776385
5220	-1493.076	-1588.805	95.7297	0.7176349	0.6268252	4.505305
5226	-1481.533	-1577.323	95.79057	0.7669584	0.5135768	4.539508
5232	-1495.735	-1590.473	94.73845	0.7033271	0.5703269	5.112457
5238	-1483.822	-1579.75	95.92809	0.4738439	0.4295	4.708034
5244	-1483.056	-1578.686	95.6291	0.4086723	0.4295	4.911242
5250	-1488.171	-1583.042	94.87101	0.4300696	0.5301006	5.224771
5256	-1496.18	-1592.46	96.28075	0.718894	0.825182	4.049705
5262	-1483.856	-1580.727	96.87068	0.811373	0.5342864	3.882506
5268	-1482.844	-1578.965	96.12084	0.7429019	0.6730174	4.234379
5274	-1478.838	-1574.792	95.95337	0.6638588	0.6185226	4.416254
5280	-1487.164	-1582.404	95.24037	0.8674114	0.5101861	4.794461
5286	-1483.203	-1579.364	96.16092	0.7963213	0.4266492	4.399062
5292	-1488.376	-1584.006	95.63033	0.6973998	0.5502144	4.635906
5298	-1489.419	-1585.333	95.91435	0.7469832	0.4574198	4.534468
5304	-1479.117	-1575.552	96.4348	0.6667673	0.5484095	4.201146
5310	-1491.313	-1585.629	94.31629	0.4369041	0.6850402	5.403569
5316	-1485.222	-1578.729	93.5073	0.7005752	0.5298451	5.826042
5322	-1488.258	-1582.87	94.6121	0.6264471	0.553178	5.239396
5328	-1483.77	-1579.339	95.56984	0.8017988	0.5320351	4.627233
5334	-1481.702	-1577.27	95.56816	0.6764337	0.616661	4.627233
5340	-1488.454	-1584.137	95.68245	0.6071181	0.3837007	4.819597
5346	-1481.249	-1575.804	94.55428	0.6188441	0.3996524	5.421027
5352	-1476.95	-1572.653	95.70237	0.6240441	0.3996524	4.781629
5358	-1479.322	-1575.271	95.94907	0.7679029	0.4977946	4.464389
5364	-1474.962	-1569.939	94.9768	0.6241149	0.5674917	5.026552
5370	-1478.168	-1573.062	94.89415	0.6134645	0.419522	5.215624
5376	-1483.238	-1577.8	94.56172	0.6842977	0.576587	5.215624
5382	-1476.273	-1571.039	94.76592	0.5059992	0.5594558	5.215624
5388	-1474.408	-1569.383	94.97507	0.5566135	0.7008895	4.96123
5394	-1481.204	-1575.969	94.76501	0.4847509	0.4889403	5.290252
5400	-1479.816	-1574.622	94.80619	0.6295852	0.7506839	4.979456
5406	-1490.29	-1586.079	95.78918	0.4785194	0.7028383	4.548534
5412	-1479.462	-1574.124	94.66154	0.5345653	0.663152	5.175152
5418	-1479.284	-1574.185	94.90126	0.5835451	0.3844097	5.265524
5424	-1480.463	-1577.188	96.72582	0.6418767	0.4200612	4.173646
5430	-1470.711	-1565.937	95.22573	0.7726531	0.7004779	4.701238
5436	-1474.637	-1569.93	95.29264	0.740979	0.7004779	4.681513
5442	-1481.745	-1576.927	95.1817	0.7082955	0.6284785	4.816176
5448	-1480.655	-1575.114	94.45846	0.3332366	0.5541781	5.484954
5454	-1480.982	-1575.6	94.61788	0.7374016	0.4952338	5.226132
5460	-1484.827	-1579.935	95.10798	0.4949181	0.4952338	5.089033
5466	-1484.155	-1579.834	95.67847	0.5740538	0.4635473	4.757517
5472	-1476.418	-1570.019	93.60154	0.5941333	0.8030636	5.629243
5478	-1474.116	-1568.971	94.85578	0.4927378	0.5845203	5.152369
5484	-1484.437	-1579.26	94.82339	0.6449067	0.5075321	5.152369
5490	-1489.365	-1584.219	94.85388	0.3953977	0.5752581	5.214922
5496	-1485.456	-1578.491	93.03527	0.451948	0.5139777	6.232847
5502	-1489.062	-1585.855	96.79279	0.9016772	0.404605	4.004119
5508	-1488.411	-1584.613	96.20193	0.7096474	0.6345152	4.237106
5514	-1494.903	-1589.444	94.54049	0.699475	0.5958276	5.203244
5520	-1495.077	-1591.085	96.00815	0.7938743	0.604798	4.32303
5526	-1499.403	-1594.194	94.79092	0.7994243	0.604798	5.001789
5532	-1495.526	-1591.372	95.84607	0.9361187	0.5091843	4.417086
5538	-1493.658	-1588.797	95.13862	0.6363082	0.5464828	4.947748
5544	-1484.171	-1578.59	94.41984	0.4482104	0.4693824	5.518918
5550	-1480.476	-1575.272	94.796	0.7980687	0.5757893	5.023423
5556	-1480.759	-1575.768	95.009	0.7073675	0.5964592	4.938467
5562	-1485.718	-1579.203	93.48456	0.5691238	0.6975517	5.778663
5568	-1483.682	-1578.121	94.43873	0.5784274	0.5601949	5.355691
5574	-1480.155	-1573.002	92.84705	0.5504519	0.6475817	6.173259
5580	-1482.809	-1577.403	94.59432	0.5105997	0.6475817	5.237342
5586	-1484.638	-1577.355	92.71744	0.5234549	0.6357182	6.267345
5592	-1480.888	-1576.816	95.92813	0.6941716	0.6760089	4.368714
5598	-1488.338	-1583.05	94.71227	0.3240236	0.6798852	5.251123
5604	-1485.713	-1579.848	94.13535	0.5704313	0.5723909	5.516975
5610	-1485.597	-1580.587	94.98945	0.7778225	0.8469524	4.731223
5616	-1488.851	-1583.928	95.07701	0.6902722	0.8469524	4.731223
5622	-1477.506	-1572.457	94.95093	0.6850919	0.8469524	4.80454
5628	-1484.769	-1579.215	94.44582	0.5971237	0.6582369	5.263531
5634	-1498.518	-1595.25	96.73218	0.6860348	0.5029827	4.06229
5640	-1489.977	-1585.32	95.34274	0.8128103	0.5401849	4.741005
5646	-1483.869	-1578.6	94.73155	0.5562292	0.7537759	5.059521
5652	-1481.559	-1575.366	93.80628	0.6549806	0.544383	5.67476
5658	-1479.771	-1574.116	94.34546	0.4269601	0.5284323	5.5177
5664	-1490.705	-1584.859	94.15431	0.4222269	0.6829561	5.502332
5670	-1482.71	-1576.903	94.19336	0.3912702	0.7097999	5.47859
5676	-1478.712	-1571.685	92.97323	0.4567449	0.6350478	6.165041
5682	-1475.841	-1571.008	95.16782	0.4409168	0.6350478	4.96769
5688	-1482.048	-1576.942	94.89366	0.5023458	0.6016219	5.112175
5694	-1489.722	-1584.04	94.31871	0.7053545	0.6392261	5.288397
5700	-1490.646	-1586.568	95.92211	0.687203	0.6392261	4.404308
5706	-1489.999	-1586.062	96.06293	0.8220144	0.5784932	4.297978
5712	-1486.598	-1580.565	93.96672	0.6526021	0.6256772	5.52185
5718	-1487.377	-1578.97	91.59318	0.4595113	0.7242235	6.846803
5724	-1487.737	-1581.984	94.24715	0.559103	0.6104749	5.430899
5730	-1481.17	-1576.031	94.86077	0.4134189	0.6155615	5.168532
5736	-1495.058	-1589.864	94.80594	0.3752286	0.6832488	5.168532
5742	-1486.365	-1581.296	94.93117	0.6492158	0.6832488	4.947017
5748	-1485.385	-1578.863	93.47768	0.6682165	0.4554579	5.927894
5754	-1490.857	-1586.778	95.92096	0.6832113	0.7634255	4.315926
5760	-1496.886	-1593.399	96.51363	0.8116986	0.3656646	4.257929
5766	-1488.421	-1584.326	95.90533	0.9815714	0.4368785	4.42817
5772	-1492.31	-1587.531	95.22179	0.6137573	0.6590736	4.822957
5778	-1486.612	-1584.083	97.47029	0.8483241	0.4391351	3.607831
5784	-1480.497	-1576.035	95.5381	0.7323277	0.5068123	4.706655
5790	-1481.283	-1576.813	95.52994	0.7326459	0.6932677	4.558418
5796	-1483.491	-1578.322	94.83073	0.641921	0.7642212	4.949709
5802	-1488.899	-1584.795	95.89515	0.7738337	0.4583313	4.529265
5808	-1491.756	-1585.324	93.56762	0.5987987	0.7776187	5.661916
5814	-1495.525	-1591.605	96.08013	0.5936331	0.552904	4.439128
5820	-1497.556	-1591.898	94.3423	0.5477443	0.557281	5.428197
5826	-1489.468	-1583.121	93.6532	0.4651645	0.557281	5.851588
5832	-1487.286	-1580.366	93.08008	0.5832752	0.5386379	6.115612
5838	-1493.823	-1588.236	94.41258	0.5985638	0.5386379	5.377401
5844	-1486.692	-1582.602	95.91007	0.8112226	0.6308857	4.347667
5850	-1490.612	-1587.565	96.95309	0.7584866	0.6957913	3.732292
5856	-1494.901	-1588.483	93.58193	0.5561761	0.5400368	5.855403
5862	-1484.361	-1578.768	94.40647	0.3999311	0.5400368	5.48894
5868	-1474.903	-1569.915	95.0123	0.45339	0.4799612	5.179276
5874	-1481.229	-1575.23	94.00056	0.4026441	0.660254	5.614289
5880	-1475.357	-1570.717	95.35923	0.5577481	0.5991134	4.824557
5886	-1489.645	-1585.781	96.13517	0.8943682	0.5991134	4.198818
5892	-1492.758	-1586.7	93.94195	1.030906	0.6223172	5.329758
5898	-1497.258	-1592.156	94.89797	0.6838998	0.8699704	4.820366
5904	-1488.618	-1585.382	96.76405	0.7212911	0.5220737	4.006273
5910	-1496.954	-1591.15	94.19635	0.5490431	0.7665202	5.350904
5916	-1492.678	-1588.26	95.58155	0.5835322	0.4649527	4.804981
5922	-1483.1	-1577.803	94.70241	0.5103461	0.8445265	5.041633
5928	-1477.96	-1573.633	95.67293	0.7416034	0.8492581	4.366138
5934	-1478.008	-1573.127	95.11844	0.6544976	0.6405161	4.872065
5940	-1486.141	-1581.52	95.37972	0.4979291	0.5317774	4.903422
5946	-1479.576	-1574.297	94.72084	0.6858324	0.6335565	5.081047
5952	-1488.927	-1585.329	96.4024	0.7583056	0.5463153	4.16941
5958	-1484.457	-1580.964	96.5073	0.7636823	0.8974114	3.848129
5964	-1481.887	-1576.862	94.97495	0.7636823	0.8974114	4.715992
5970	-1496.104	-1591.556	95.45273	0.8446503	0.3920365	4.80609
5976	-1488.414	-1585.435	97.02144	0.9051967	0.5546334	3.723457
5982	-1493.598	-1590.86	97.26218	0.8433565	0.4670645	3.702612
5988	-1491.625	-1587.24	95.6143	0.6282514	0.7210081	4.549541
5994	-1487.726	-1581.485	93.75919	0.7780633	0.7193353	5.497927
6000	-1483.377	-1579.213	95.83632	0.7252474	0.6763344	4.402747
6006	-1476.148	-1571.349	95.2011	0.6485508	0.747722	4.750856
6012	-1477.293	-1572.228	94.93578	0.6582507	0.6902317	4.934306
6018	-1473.457	-1568.964	95.50656	0.6050917	0.6461456	4.678551
6024	-1484.259	-1579.838	95.57813	0.77536	0.5932773	4.58511
6030	-1484.657	-1578.897	94.23985	0.3512667	0.6493441	5.519245
6036	-1490.915	-1583.968	93.05339	0.5829589	0.6493441	6.041862
6042	-1483.531	-1576.57	93.0391	0.5972533	0.6493441	6.041862
6048	-1474.863	-1570.176	95.31314	0.65516	0.4846096	4.895897
6054	-1497.55	-1592.05	94.49957	0.128335	0.5415371	5.585758
6060	-1484.099	-1578.113	94.0147	0.2502346	0.5424165	5.783994
6066	-1488.694	-1582.271	93.57717	0.5483214	0.6110974	5.804064
6072	-1489.014	-1583.416	94.40241	0.5558087	0.5995215	5.355879
6078	-1495.291	-1590.836	95.54529	0.3919277	0.5091864	4.890475
6084	-1491.017	-1587.054	96.03691	0.6919231	0.4819553	4.47267
6090	-1490.033	-1584.514	94.48022	0.6399268	0.5983975	5.267403
6096	-1482.334	-1576.718	94.38373	0.6261212	0.59892	5.327882
6102	-1489.074	-1583.734	94.65979	0.3688347	0.5819166	5.33132
6108	-1488.609	-1583.673	95.06402	0.6349621	0.796054	4.802284
6114	-1498.648	-1594.372	95.72433	0.4687792	0.7975352	4.524559
6120	-1493.526	-1588.217	94.69046	0.7004862	0.6618274	5.068185
6126	-1492.957	-1588.503	95.54632	0.6924056	0.6689692	4.589914
6132	-1485.863	-1582.031	96.16806	0.7516189	0.6881791	4.19122
6138	-1489.976	-1584.142	94.1664	0.6629544	0.5275059	5.487199
6144	-1488.136	-1583.293	95.1573	0.9631269	0.5200568	4.778479
6150	-1482.903	-1578.647	95.74464	0.6968771	0.4857917	4.630415
6156	-1485.462	-1581.303	95.84122	0.8948888	0.3316511	4.630415
6162	-1483.919	-1578.264	94.34456	0.5919203	0.599564	5.367831
6168	-1491.627	-1585.237	93.60986	0.2827001	0.6793666	5.879885
6174	-1488.01	-1582.412	94.40268	0.4781525	0.5385762	5.44924
6180	-1490.181	-1584.076	93.89573	0.7340751	0.5385762	5.58726
6186	-1494.517	-1587.507	92.98973	0.4589004	0.511216	6.256259
6192	-1482.299	-1577.858	95.55825	0.5952614	0.6379532	4.661467
6198	-1489.274	-1584.864	95.58939	0.5641198	0.6379532	4.661467
6204	-1491.861	-1587.919	96.05756	0.9224777	0.477315	4.335433
6210	-1481.589	-1578.828	97.23857	1.013668	0.4476157	3.637496
6216	-1475.022	-1569.659	94.63793	0.6913372	0.5128121	5.224533
6222	-1484.332	-1580.762	96.4295	0.8265309	0.5684477	4.095898
6228	-1480.081	-1575.84	95.75879	0.645983	0.5991508	4.551502
6234	-1482.461	-1577.391	94.92975	0.6393325	0.5728963	5.039702
6240	-1474.555	-1568.839	94.28387	0.5052641	0.5241246	5.512289
6246	-1470.957	-1565.506	94.54845	0.574415	0.5551632	5.301615
6252	-1479.083	-1573.16	94.07758	0.5716696	0.6144452	5.514169
6258	-1485.386	-1579.523	94.13764	0.6206654	0.5414541	5.514169
6264	-1471.909	-1566.132	94.22314	0.5799972	0.5133129	5.514169
6270	-1471.87	-1566.809	94.93837	0.6743566	0.6090721	4.985931
6276	-1471.715	-1566.717	95.00192	0.5043047	0.6864064	4.985931
6282	-1478.796	-1573.211	94.41522	0.6728345	0.6864064	5.217738
6288	-1488.627	-1583.601	94.97307	0.7285421	0.9132967	4.727126
6294	-1482.842	-1577.99	95.14886	0.5826761	0.6067629	4.921705
6300	-1488	-1584.392	96.39227	0.9082934	0.6067629	4.038274
6306	-1484.65	-1580.293	95.64259	0.6596987	0.6168627	4.594715
6312	-1485.567	-1581.197	95.63052	0.6077137	0.4018459	4.828482
6318	-1490.226	-1585.546	95.31996	0.576069	0.60873	4.828482
6324	-1489.221	-1584.474	95.25242	0.5313633	0.7916614	4.757843
6330	-1486.134	-1582.23	96.09569	0.6261087	0.5162707	4.44463
6336	-1485.981	-1580.917	94.93544	0.5696593	0.7506018	4.940966
6342	-1488.814	-1581.683	92.86949	0.5532411	0.5294565	6.254396
6348	-1487.823	-1582.33	94.50713	0.5763821	0.4685278	5.401143
6354	-1497.255	-1591.183	93.92799	0.936375	0.4904844	5.501207
6360	-1484.622	-1580.158	95.53576	0.7265802	0.6915996	4.559782
6366	-1491.767	-1587.106	95.3398	0.5916295	0.5618835	4.847406
6372	-1493.517	-1588.523	95.00657	0.512021	0.5446424	5.091688
6378	-1494.247	-1589.167	94.91988	0.6206977	0.5676707	5.059891
6384	-1488.08	-1582.958	94.87828	0.6889011	0.5338668	5.074108
6390	-1481.519	-1577.767	96.24862	0.6614383	0.4834183	4.369102
6396	-1478.125	-1572.674	94.54943	0.6686085	0.5745129	5.232811
6402	-1479.638	-1574.961	95.32308	0.6438622	0.5347371	4.851069
6408	-1485.045	-1579.463	94.41769	0.3607714	0.5465458	5.498722
6414	-1490.32	-1584.477	94.15698	0.5016152	0.5465458	5.564613
6420	-1486.737	-1580.432	93.69505	0.6473825	0.8158766	5.540416
6426	-1490.741	-1585.113	94.3721	0.439956	0.4792329	5.540416
6432	-1492.613	-1585.97	93.3574	0.4595799	0.5981809	5.982823
6438	-1487.735	-1583.714	95.9791	0.7207947	0.4417779	4.528443
6444	-1498.37	-1593.732	95.36174	0.787583	0.6749331	4.635567
6450	-1485.633	-1580.934	95.30036	0.7753708	0.7659859	4.611731
6456	-1484.352	-1578.261	93.90907	0.3358046	0.5762326	5.766678
6462	-1487.3	-1583.469	96.16964	0.5335362	0.5762326	4.402578
6468	-1484.227	-1578.35	94.12312	0.4896261	0.4879665	5.641739
6474	-1477.236	-1571.516	94.27981	0.6229538	0.4175187	5.551089
6480	-1491.151	-1587.344	96.19258	0.7714183	0.6078911	4.228793
6486	-1502.03	-1599.219	97.18995	0.9893582	0.7700087	3.405956
6492	-1494.946	-1588.604	93.65786	0.7121822	0.654763	5.636592
6498	-1488.824	-1583.078	94.2544	0.5569948	0.9111487	5.223289
6504	-1479.37	-1575.092	95.72201	0.7491149	0.7130736	4.426632
6510	-1473.727	-1570.22	96.49345	0.735407	0.6698454	4.029102
6516	-1479.814	-1575.538	95.72392	0.6392179	0.5568977	4.610288
6522	-1485.069	-1579.255	94.18582	0.6869625	0.3614066	5.628067
6528	-1481.592	-1577.226	95.63353	1.007682	1.091752	4.096527
6534	-1475.416	-1572.583	97.16694	0.887135	0.645385	3.573087
6540	-1482.661	-1576.422	93.76156	0.5339933	0.4738779	5.828595
6546	-1481.795	-1574.606	92.81148	0.5775946	0.7114975	6.131576
6552	-1490.844	-1584.897	94.05321	0.5911016	0.7187454	5.439426
6558	-1480.508	-1573.744	93.23573	0.529627	0.6175431	5.995772
6564	-1479.546	-1573.664	94.11783	0.5610481	0.6175431	5.49544
6570	-1483.624	-1577.525	93.90133	0.5636037	0.7814356	5.49544
6576	-1494.847	-1590.05	95.20232	0.8093493	0.6966585	4.696586
6582	-1485.516	-1582.043	96.52744	0.7440783	0.5920554	4.067043
6588	-1479.075	-1574.619	95.54425	0.7833464	0.7522918	4.47967
6594	-1484.369	-1580.587	96.21832	0.7297749	0.5210152	4.31258
6600	-1482.243	-1578.1	95.85652	0.7276372	0.6856091	4.383052
6606	-1488.564	-1583.383	94.81962	0.537748	0.5224775	5.200365
6612	-1485.505	-1578.723	93.21821	0.4919306	0.5224775	6.104098
6618	-1476.564	-1570.476	93.91184	0.3549038	0.4306802	5.88622
6624	-1483.566	-1577.693	94.12734	0.535907	0.4503552	5.649704
6630	-1486.721	-1583.049	96.32823	0.774781	0.6496842	4.11644
6636	-1494.272	-1591.312	97.04056	0.6090222	0.7552778	3.724529
6642	-1480.444	-1575.985	95.54149	0.5561525	0.4587129	4.848676
6648	-1490.831	-1585.401	94.57003	0.4156042	0.4840891	5.440396
6654	-1485.297	-1581.135	95.83803	0.5706512	0.5996111	4.548931
6660	-1483.251	-1578.87	95.61892	0.8424761	0.6955959	4.444876
6666	-1485.671	-1581.262	95.59114	0.5466974	0.4847679	4.801233
6672	-1487.227	-1582.591	95.36322	0.8130781	0.6120143	4.66922
6678	-1484.893	-1580.281	95.38841	0.6477843	0.7154975	4.66922
6684	-1488.062	-1581.913	93.85159	0.7222442	0.7045224	5.488279
6690	-1483.279	-1577.139	93.85984	0.5493869	0.4988315	5.743357
6696	-1482.04	-1576.761	94.721	0.5090296	0.4988315	5.292041
6702	-1484.86	-1579.844	94.98429	0.4513698	0.4963819	5.180617
6708	-1490.088	-1584.059	93.97082	0.6074103	0.5527318	5.603491
6714	-1486.519	-1581.227	94.70831	0.5753687	0.5839336	5.188743
6720	-1480.503	-1574.38	93.87709	0.59597	0.6582326	5.577443
6726	-1477.272	-1573.192	95.92031	0.7070319	0.7597311	4.305374
6732	-1482.247	-1577.863	95.61631	0.6672337	0.6567026	4.574082
6738	-1489.254	-1584.635	95.38037	0.6501954	0.5698649	4.785348
6744	-1489.099	-1583.961	94.8619	0.5354674	0.3944912	5.302887
6750	-1489.643	-1583.374	93.73119	0.4678988	0.6500433	5.733851
6756	-1485.942	-1582.04	96.09865	0.4738002	0.5806538	4.472519
6762	-1478.61	-1572.209	93.59986	0.423412	0.5425805	5.915975
6768	-1484.274	-1580.535	96.26132	0.646048	0.5823569	4.282035
6774	-1478.315	-1573.852	95.53659	0.6688595	0.5360227	4.716759
6780	-1489.225	-1583.504	94.27973	0.4412963	0.5825443	5.500248
6786	-1482.145	-1578.508	96.36308	0.6862013	0.5003943	4.27433
6792	-1484.054	-1578.098	94.04433	0.4841142	0.5243645	5.655248
6798	-1482.734	-1577.78	95.04596	0.5572231	0.5268611	5.060304
6804	-1485.681	-1581.633	95.95193	0.7460781	0.4304628	4.541055
6810	-1478.836	-1574.106	95.27005	0.7460781	0.6508697	4.72836
6816	-1490.96	-1586.301	95.34058	0.6761147	0.7907785	4.628086
6822	-1487.041	-1583.8	96.75958	0.718512	0.4637155	4.066063
6828	-1487.519	-1584.306	96.78673	0.9190603	0.5268097	3.875691
6834	-1487.873	-1581.438	93.56482	0.6695088	0.8736035	5.563843
6840	-1497.997	-1591.877	93.8791	0.5007574	0.5872882	5.683731
6846	-1495.078	-1588.8	93.72203	0.4668246	0.5340846	5.832774
6852	-1497.556	-1592.335	94.77907	0.6871472	0.7374631	4.971681
6858	-1492.997	-1587.803	94.80594	0.6516319	0.5179669	5.148921
6864	-1487.122	-1581.758	94.63583	0.6097486	0.4173833	5.362529
6870	-1500.341	-1595.2	94.85925	0.6267011	0.4488005	5.198081
6876	-1491.46	-1586.047	94.58653	0.475392	0.6324999	5.272667
6882	-1488.009	-1582.965	94.95621	0.6530559	0.6324999	4.969378
6888	-1483.664	-1576.223	92.55937	0.4727003	0.7378684	6.307491
6894	-1490.995	-1584.038	93.04339	0.5605527	0.4423973	6.235825
6900	-1483.048	-1575.865	92.81717	0.4186828	0.5344913	6.351553
6906	-1476.335	-1571.315	94.97994	0.4626837	0.5140688	5.160687
6912	-1477.42	-1571.836	94.41573	0.8913858	0.6025261	5.160687
6918	-1478.396	-1574.413	96.01723	0.9785158	0.6025261	4.215181
6924	-1484.735	-1580.869	96.13405	0.9111491	0.6495809	4.149403
6930	-1486.971	-1582.871	95.90071	1.025194	0.6314442	4.231417
6936	-1489.546	-1584.424	94.87836	0.6381907	0.5950352	5.050647
6942	-1485.188	-1580.008	94.82025	0.7358323	0.5450167	5.070571
6948	-1489.307	-1582.507	93.20005	0.5315358	0.6602459	5.981809
6954	-1491.451	-1585.454	94.00393	0.4464774	0.5962925	5.637786
6960	-1486.941	-1580.852	93.91145	0.6829801	0.7026713	5.478267
6966	-1480.111	-1575.875	95.76364	0.7172935	0.6441171	4.472827
6972	-1486.229	-1581.948	95.71899	0.6183245	0.6826755	4.524268
6978	-1481.415	-1576.074	94.65935	0.5624995	0.4577144	5.335267
6984	-1492.495	-1587.273	94.77781	0.7397458	0.5424844	5.094126
6990	-1478.616	-1574.864	96.24801	0.8408766	0.5677365	4.19155
6996	-1483.158	-1579.446	96.28813	0.8625329	0.6481057	4.090539
7002	-1487.798	-1583.495	95.69692	0.8079587	0.4684419	4.611507
7008	-1481.542	-1577.438	95.89528	0.6935191	0.560223	4.480651
7014	-1484.885	-1581.368	96.4835	0.8531462	0.6339465	3.99563
7020	-1486.407	-1582.024	95.61657	0.6773783	0.6443522	4.57775
7026	-1479.069	-1574.174	95.10546	0.6976688	0.5042383	4.969594
7032	-1479.138	-1573.762	94.62343	0.6161837	0.5651003	5.22873
7038	-1478.728	-1574.428	95.7002	0.7517059	0.5651003	4.553443
7044	-1485.178	-1580.952	95.77393	0.6830391	0.5501974	4.563421
7050	-1482.259	-1577.652	95.39306	0.7061748	0.818621	4.563421
7056	-1492.065	-1587.667	95.60281	0.775969	0.6178263	4.551007
7062	-1485.056	-1579.559	94.50296	0.5968523	0.5337755	5.33272
7068	-1486.248	-1580.915	94.66684	0.5308181	0.5170744	5.293437
7074	-1477.766	-1572.249	94.48307	0.5818048	0.5170744	5.366702
7080	-1479.526	-1575.265	95.73879	0.6007269	0.5575115	4.623001
7086	-1474.367	-1569.903	95.53611	0.605872	0.6881378	4.629865
7092	-1480.173	-1575.14	94.96662	0.636757	0.6907891	4.928698
7098	-1481.231	-1575.798	94.56781	0.5869077	0.5772784	5.265519
7104	-1482.437	-1576.216	93.77925	0.5764922	0.5016613	5.770087
7110	-1483.883	-1579.214	95.33089	0.5273735	0.4607524	4.979932
7116	-1489.276	-1586.12	96.84392	0.8667258	0.4704657	3.926465
7122	-1492.611	-1586.284	93.67236	0.3978672	0.6231476	5.824901
7128	-1486.433	-1579.934	93.50135	0.2786667	0.6231476	5.983431
7134	-1478.21	-1572.156	93.9459	0.5809097	0.6304935	5.568967
7140	-1484.417	-1578.383	93.96537	0.4440591	0.5270923	5.718105
7146	-1502.938	-1595.925	92.98782	0.8727062	0.960386	5.718105
7152	-1495.851	-1591.227	95.37689	0.6048871	0.5255191	4.85095
7158	-1493.305	-1588.663	95.35797	0.6706742	0.7281002	4.664471
7164	-1487.045	-1581.467	94.42216	0.4158117	0.7347349	5.321518
7170	-1484.993	-1579.338	94.34482	0.4340558	0.7828881	5.321518
7176	-1485.478	-1580.396	94.91777	0.4953702	0.5575601	5.139066
7182	-1483.912	-1577.276	93.3639	0.4891756	0.6827782	5.898985
7188	-1484.625	-1580.973	96.34783	0.7192877	0.5565135	4.213605
7194	-1483.772	-1578.48	94.70816	0.514405	0.5565135	5.245397
7200	-1484.67	-1579.029	94.35907	0.788452	0.6069886	5.245397
7206	-1488.446	-1581.557	93.11125	0.572944	0.6069886	6.048274
7212	-1486.737	-1581.927	95.19049	0.6758223	0.6825063	4.788237
7218	-1492.011	-1585.837	93.82649	0.686992	0.615164	5.588207
7224	-1485.923	-1581.514	95.59101	0.565232	0.4203821	4.854645
7230	-1482.286	-1578.196	95.91005	0.7010756	0.4653386	4.554897
7236	-1479.294	-1575.942	96.64804	0.6552858	0.465252	4.164012
7242	-1481.531	-1576.088	94.55678	0.7792417	0.8292836	4.982834
7248	-1481.105	-1575.494	94.38851	0.4513655	0.5940147	5.425531
7254	-1491.036	-1586.837	95.80117	0.6690773	0.4326367	4.666581
7260	-1491.527	-1585.74	94.2131	0.3277491	0.64742	5.548328
7266	-1485.545	-1578.89	93.34517	0.3767021	0.5511684	6.073118
7272	-1476.961	-1572.364	95.4034	0.6132875	0.6145321	4.75648
7278	-1476.592	-1571.722	95.13065	0.6548107	0.5682028	4.923374
7284	-1485.658	-1579.358	93.70087	0.5451481	0.5377008	5.798387
7290	-1490.539	-1586.355	95.81595	0.5314237	0.5048027	4.665429
7296	-1494.342	-1590.152	95.80962	0.7419325	0.8425605	4.292972
7302	-1488.052	-1581.615	93.56363	0.7419325	0.7675293	5.592262
7308	-1478.519	-1573.364	94.84433	0.4922951	0.4408643	5.288473
7314	-1475.287	-1570.99	95.70301	0.6586776	0.4259668	4.734178
7320	-1479.554	-1576.478	96.9242	0.6909826	0.5731606	3.88654
7326	-1479.557	-1576.051	96.4935	0.7059842	0.4411768	4.247121
7332	-1478.809	-1574.286	95.47629	0.5088841	0.5429069	4.833756
7338	-1483.636	-1578.047	94.41132	0.5239686	0.5766397	5.387124
7344	-1477.912	-1572.203	94.29094	0.4075468	0.4537294	5.627088
7350	-1496.854	-1590.801	93.94663	0.6607638	0.6203824	5.532528
7356	-1482.416	-1576.643	94.22764	0.5234928	0.6203824	5.45346
7362	-1483.877	-1577.87	93.99336	0.4578353	0.7397481	5.531074
7368	-1480.903	-1575.536	94.63271	0.5611639	0.6227641	5.207307
7374	-1481.488	-1576.084	94.5964	0.3379986	0.4490587	5.502041
7380	-1482.688	-1576.63	93.9419	0.5747739	0.3867199	5.795234
7386	-1485.612	-1581.087	95.47482	0.6441637	0.7219471	4.618217
7392	-1480.116	-1574.77	94.65332	0.4536588	0.5878972	5.283179
7398	-1485.616	-1580.726	95.11042	0.5672709	0.5878972	4.966964
7404	-1486.404	-1581.529	95.12443	0.530584	0.6034148	4.966964
7410	-1488.922	-1583.97	95.04853	0.5447468	0.6949863	4.931254
7416	-1483.546	-1577.384	93.83788	0.4794161	0.4394264	5.849883
7422	-1480.697	-1574.062	93.36505	0.4556799	0.4703016	6.091109
7428	-1487.869	-1583.841	95.97191	0.6992083	0.6262638	4.37967
7434	-1489.676	-1588.411	98.73557	2.903034	0.7168987	0.1508333
7440	-1494.803	-1593.364	98.56118	1.202183	0.6583899	2.538631
7446	-1497.345	-1595.195	97.85069	1.19777	0.8593553	2.825989
7452	-1492.28	-1590.874	98.59377	1.422472	0.8422969	2.23424
7458	-1487.087	-1583.961	96.87419	1.304321	0.8422969	3.356619
7464	-1480.985	-1577.829	96.84479	1.14808	0.4989182	3.736521
7470	-1488.51	-1582.77	94.25982	0.7612682	0.5529853	5.359619
7476	-1486.447	-1581.009	94.56119	0.6069107	0.5928527	5.245383
7482	-1477.088	-1572.545	95.45776	0.6595159	0.5485866	4.755083
7488	-1477.058	-1571.308	94.24939	0.6184935	0.5485866	5.447777
7494	-1478.659	-1573.682	95.02369	0.6464357	0.56649	4.988954
7500	-1478.576	-1574.081	95.50579	0.6531517	0.56649	4.716459
7506	-1480.511	-1574.593	94.0826	0.5567715	0.4927452	5.622735
7512	-1495.038	-1589.814	94.77588	0.8796304	0.4762567	5.07761
7518	-1484.38	-1580.199	95.81948	0.8796304	0.7896551	4.244264
7524	-1478.384	-1572.508	94.1238	0.6368863	0.5901457	5.472248
7530	-1490.017	-1586.051	96.03374	0.928227	0.743677	4.1268
7536	-1487.234	-1581.899	94.66548	0.7927007	0.743677	4.971833
7542	-1477.684	-1571.838	94.15358	0.5523072	0.4439291	5.63261
7548	-1483.253	-1576.989	93.7356	0.5055672	0.6641844	5.700241
7554	-1482.476	-1577.045	94.56866	0.4393654	0.6659631	5.277043
7560	-1477.011	-1571.426	94.4141	0.2977395	0.4782639	5.59637
7566	-1475.289	-1570.378	95.08915	0.4355078	0.4782639	5.148233
7572	-1480.647	-1575.982	95.3351	0.2660502	0.4348392	5.148233
7578	-1476.304	-1571.214	94.90949	0.6087599	0.6931716	4.974299
7584	-1480.388	-1575.435	95.0469	0.7596445	0.5080932	4.964185
7590	-1491.949	-1588.402	96.45345	0.9279407	0.7975275	3.849658
7596	-1480.023	-1576.053	96.02966	0.6864149	0.7734249	4.24569
7602	-1481.826	-1577.472	95.64564	0.4961981	0.4965043	4.788023
7608	-1488.617	-1583.792	95.17508	0.3879926	0.4965043	5.109936
7614	-1485.768	-1579.77	94.00227	0.4389441	0.5902585	5.647679
7620	-1484.461	-1579.297	94.83577	0.6145582	0.5572318	5.118743
7626	-1488.014	-1584.46	96.44551	0.5389587	0.562658	4.255143
7632	-1486.902	-1582.387	95.48516	0.9562098	0.874727	4.334904
7638	-1501.252	-1596.882	95.63034	0.8951035	0.6252749	4.46258
7644	-1498.317	-1592.881	94.56402	0.8240163	0.7470799	5.008464
7650	-1500.627	-1595.405	94.7781	0.8634767	0.6011454	4.97626
7656	-1499.388	-1594.857	95.46864	0.8983844	0.8478046	4.393882
7662	-1498.267	-1592.228	93.96122	0.6690781	0.5721738	5.558639
7668	-1495.74	-1589.821	94.0816	0.5105785	0.4687002	5.671039
7674	-1490.502	-1584.658	94.15601	0.3439049	0.5241949	5.671039
7680	-1490.73	-1585.987	95.25762	0.55911	0.5241949	4.944035
7686	-1493.037	-1588.137	95.1	0.6130321	0.4771431	5.04486
7692	-1477.891	-1573.859	95.9683	0.6991372	0.576927	4.422144
7698	-1482.159	-1578.512	96.35247	0.6627189	0.4888663	4.304495
7704	-1477.327	-1573.117	95.78941	0.7146806	0.4632981	4.616956
7710	-1488.613	-1584.668	96.05504	0.9309359	0.4632981	4.345746
7716	-1494.788	-1590.835	96.04686	0.7741832	0.4636663	4.438443
7722	-1491.462	-1586.453	94.99107	0.5428101	0.6697848	4.982862
7728	-1483.798	-1580.237	96.4387	0.7394353	0.695691	4.038507
7734	-1490.844	-1589.883	99.03877	2.844642	0.6683486	0.1991119
7740	-1490.733	-1587.582	96.84913	0.8195311	0.7311543	3.730865
7746	-1487.972	-1585.896	97.92373	0.8195311	0.3559955	3.454378
7752	-1494.89	-1592.155	97.26523	0.6706455	0.3788354	3.89476
7758	-1477.745	-1574.526	96.78042	0.9266386	0.4228393	3.977284
7764	-1483.972	-1583.133	99.16049	2.585897	0.8951701	0.2554142
7770	-1489.492	-1589.033	99.54008	2.585897	0.6280537	0.2851837
7776	-1486.387	-1585.893	99.50563	2.585897	0.6163083	0.2552156
7782	-1479.853	-1579.193	99.34087	2.585897	0.7253514	0.2460502
7788	-1483.453	-1582.51	99.05742	2.585897	1.04699	0.2862586
7794	-1480.331	-1573.692	93.36091	0.6555332	0.4264652	6.027067
7800	-1487.268	-1581.962	94.69359	0.6740609	0.4264652	5.285851
7806	-1488.891	-1583.688	94.79717	0.4886915	0.4368261	5.320534
7812	-1478.369	-1573.409	95.04003	0.6791469	0.6218927	4.916546
7818	-1485.36	-1580.478	95.11865	0.6005325	0.6218927	4.916546
7824	-1488.063	-1582.494	94.43094	0.6005325	0.9249946	5.093268
7830	-1498.168	-1594.064	95.89601	0.6597572	0.582332	4.48051
7836	-1484.846	-1581.638	96.7921	0.7560491	0.4288216	4.061714
7842	-1482.201	-1578.159	95.95788	0.9281353	0.4775825	4.388275
7848	-1490.227	-1585.006	94.77855	0.7604544	0.6153453	5.021888
7854	-1496.929	-1594.48	97.55103	0.9979566	0.5624928	3.354025
7860	-1484.078	-1581.945	97.86688	0.9868981	0.4992457	3.233501
7866	-1481.872	-1578.305	96.43255	0.8523894	0.4898646	4.150578
7872	-1477.244	-1574.09	96.84632	0.8460468	0.6546606	3.775067
7878	-1483.567	-1577.15	93.58276	0.447621	0.4125605	6.033614
7884	-1494.637	-1589.576	94.93904	0.5328656	0.4565747	5.198228
7890	-1482.282	-1577.99	95.70773	0.753181	0.648343	4.480816
7896	-1480.343	-1577.045	96.70172	0.83652	0.5672606	3.935748
7902	-1482.354	-1579.645	97.29108	0.973586	0.6420101	3.453035
7908	-1481.188	-1575.604	94.41676	1.097445	0.9044473	4.837076
7914	-1487.142	-1583.183	96.04104	0.9111926	0.8388988	4.067772
7920	-1495.967	-1593.374	97.40667	0.8845905	0.5674274	3.500516
7926	-1486.762	-1582.645	95.88392	0.9085297	0.5905574	4.340176
7932	-1499.181	-1594.287	95.10661	0.6221894	0.6070364	4.923009
7938	-1501.949	-1595.092	93.14321	0.6596159	0.6010337	5.988281
7944	-1492.052	-1589.361	97.30871	1.05669	0.6150184	3.416304
7950	-1494.829	-1590.881	96.05238	0.8768204	0.6118874	4.245261
7956	-1485.922	-1582.003	96.08163	0.7542175	0.6795332	4.245261
7962	-1504.009	-1599.804	95.79495	0.7586342	0.6938073	4.394221
7968	-1489.42	-1584.6	95.17949	0.6749194	0.7774065	4.727907
7974	-1482.015	-1576.578	94.56294	0.6749194	0.7774065	5.071233
7980	-1473.919	-1568.544	94.62524	0.7042591	0.5279928	5.21091
7986	-1479.211	-1572	92.78917	0.6999862	0.7315315	6.063178
7992	-1481.369	-1576.087	94.71782	0.3464379	0.5413423	5.345778
7998	-1494.02	-1587.183	93.16285	0.4626886	0.7616195	5.968432
8004	-1481.479	-1574.455	92.97587	0.3807881	0.7602164	6.11594
8010	-1482.952	-1578.864	95.91247	0.7903416	0.8269047	4.217423
8016	-1480.492	-1576.967	96.47437	0.7757506	0.5814139	4.088196
8022	-1483.806	-1580.68	96.87401	0.9629826	0.6112721	3.726661
8028	-1489.613	-1585.017	95.40384	0.8455952	0.9566727	4.393846
8034	-1489.913	-1584.109	94.19583	0.4628226	0.7016646	5.443639
8040	-1485.165	-1580.092	94.92767	0.5591084	0.5520005	5.102998
8046	-1478.239	-1573.08	94.84117	0.4432593	0.5596308	5.208556
8052	-1478.889	-1573.982	95.09356	0.4458257	0.5596308	5.067333
8058	-1478.62	-1573.073	94.45267	0.5534918	0.7080898	5.247364
8064	-1484.741	-1579.131	94.39	0.4781375	0.6298124	5.381677
8070	-1480.697	-1574.874	94.17751	0.6013452	0.6957337	5.381677
8076	-1476.407	-1570.924	94.51652	0.6545868	0.438973	5.381677
8082	-1479.731	-1573.207	93.47569	0.574285	0.7221717	5.763333
8088	-1483.913	-1578.862	94.94853	0.7343911	0.690043	4.884956
8094	-1495.362	-1589.686	94.32399	0.6194978	0.7907095	5.225427
8100	-1489.159	-1584.395	95.23674	0.9434448	0.5872456	4.687214
8106	-1480.31	-1575.122	94.81169	0.6356706	0.5872456	5.09537
8112	-1488.358	-1581.43	93.07204	0.7175481	0.5963681	5.999207
8118	-1491.407	-1585.016	93.60806	0.6789053	0.6324072	5.699098
8124	-1494.726	-1589.215	94.48897	0.6789053	0.6040588	5.236487
8130	-1483.613	-1579.529	95.91646	0.7127048	0.5767029	4.4439
8136	-1480.026	-1573.763	93.73654	0.5191936	0.623652	5.722965
8142	-1481.744	-1577.026	95.28218	0.5191936	0.623652	4.869384
8148	-1480.632	-1575.692	95.05984	0.5785822	0.8400728	4.80756
8154	-1489.329	-1586.408	97.07862	0.8291806	0.5838817	3.708833
8160	-1481.174	-1577.445	96.27013	0.9230734	0.5696459	4.130627
8166	-1491.477	-1586.264	94.78716	0.6800375	0.609839	5.066124
8172	-1485.831	-1579.215	93.3842	0.1973315	0.524674	6.172187
8178	-1486.142	-1579.619	93.47704	0.4433988	0.60696	5.919403
8184	-1494.322	-1589.976	95.65459	0.71984	0.8357985	4.397407
8190	-1488.78	-1583.338	94.55835	0.7106339	0.6873478	5.116893
8196	-1486.503	-1580.321	93.81815	0.4940841	0.7492397	5.600926
8202	-1490.162	-1583.928	93.76626	0.6172912	0.6729234	5.615702
8208	-1485.991	-1581.575	95.58367	0.7675856	0.6158421	4.568048
8214	-1482.905	-1579.081	96.17582	0.812026	0.6092237	4.214177
8220	-1484.339	-1580.373	96.03415	0.9220993	0.9330164	4.006661
8226	-1485.873	-1580.195	94.32192	0.8618291	0.7842737	5.096668
8232	-1491.025	-1587.598	96.57295	0.8958635	0.6495649	3.907583
8238	-1497.786	-1593.799	96.01359	1.00085	1.046994	3.907583
8244	-1485.904	-1580.293	94.38901	0.7562268	0.5978966	5.253943
8250	-1484.192	-1580.322	96.12987	0.6320396	0.4824221	4.4536
8256	-1485.682	-1580.528	94.8463	0.629591	0.6334575	5.042718
8262	-1482.319	-1576.432	94.11254	0.5037231	0.6334575	5.517524
8268	-1483.659	-1577.083	93.42373	0.549219	0.4492875	6.028228
8274	-1487.008	-1582.729	95.72139	0.8297035	0.4237251	4.630478
8280	-1482.986	-1579.668	96.68225	0.8184579	0.6954335	3.854006
8286	-1490.342	-1584.708	94.36569	0.5175468	0.6954335	5.32433
8292	-1492.001	-1586.851	94.8509	0.6853227	0.3977095	5.222717
8298	-1486.858	-1582.335	95.47614	0.7071982	0.5647874	4.704257
8304	-1481.491	-1574.384	92.89279	0.5160487	0.5250504	6.265757
8310	-1481.57	-1576.499	94.9291	0.4184739	0.6856436	5.074572
8316	-1474.535	-1569.446	94.91091	0.8146174	0.4858633	5.029704
8322	-1477.666	-1572.982	95.31653	0.4405333	0.5577112	4.948053
8328	-1476.493	-1570.292	93.79936	0.490178	0.590594	5.730554
8334	-1481.363	-1575.958	94.59494	0.7240047	0.6570889	5.111679
8340	-1487.329	-1582.023	94.69345	0.467376	0.4763334	5.35112
8346	-1487.659	-1581.682	94.02384	0.5983034	0.4763334	5.64741
8352	-1485.081	-1578.17	93.08928	0.6285726	0.6706753	5.981618
8358	-1479.451	-1572.586	93.13562	0.5390522	0.7034153	5.981618
8364	-1488.183	-1584.448	96.26526	0.7670438	0.5030101	4.281501
8370	-1481.529	-1575.594	94.06474	0.7131491	0.5856522	5.466431
8376	-1488.538	-1582.464	93.92608	0.4249995	0.5856522	5.700831
8382	-1488.887	-1584.722	95.83497	0.537861	0.6222735	4.550796
8388	-1484.174	-1579.173	94.99845	0.5148155	0.6131934	5.037887
8394	-1495.714	-1591.374	95.66031	0.6128508	0.6388966	4.593658
8400	-1485.832	-1580.25	94.41856	0.609573	0.6377837	5.28726
8406	-1484.72	-1579.316	94.59552	0.738973	0.6112852	5.138531
8412	-1486.49	-1581.609	95.11987	0.6776624	0.5445424	4.936851
8418	-1493.327	-1589.782	96.45503	0.9802974	0.5212441	4.035588
8424	-1488.983	-1583.757	94.77325	0.3363944	0.5351883	5.326068
8430	-1474.409	-1570.007	95.59883	0.5707557	0.5796809	4.699423
8436	-1485.128	-1580.31	95.18247	0.576398	0.5389264	4.963238
8442	-1484.761	-1579.207	94.44545	0.4994165	0.6546864	5.320359
8448	-1482.863	-1579.37	96.50783	0.6830686	0.5007583	4.193699
8454	-1492.814	-1586.83	94.01562	0.432447	0.3997376	5.818883
8460	-1480.609	-1575.581	94.97233	0.4904541	0.5362189	5.129923
8466	-1477.371	-1572.919	95.54852	0.7143733	0.5615757	4.662461
8472	-1485.301	-1580.876	95.57482	0.7851428	0.3585985	4.808716
8478	-1485.533	-1580.375	94.84121	0.6624696	0.4425284	5.194485
8484	-1484.239	-1578.214	93.97542	0.5986815	0.5177387	5.636038
8490	-1492.997	-1587.448	94.45054	0.5521093	0.5202927	5.398143
8496	-1493.864	-1588.449	94.58556	0.4013444	0.5529856	5.378463
8502	-1489.603	-1584.737	95.13426	0.5563258	0.4171594	5.116776
8508	-1491.952	-1587.594	95.64187	0.7544922	0.7173033	4.465701
8514	-1493.002	-1587.24	94.23777	0.6079355	0.6119964	5.407967
8520	-1490.511	-1585.515	95.00395	0.5123547	0.6103048	5.038502
8526	-1485.872	-1580.76	94.88803	0.4939885	0.5147182	5.193648
8532	-1485.044	-1579.246	94.20293	0.6133986	0.5842697	5.4464
8538	-1477.942	-1572.514	94.57208	0.6243917	0.5272234	5.285107
8544	-1487.015	-1583.198	96.18302	0.666475	0.6093919	4.292435
8550	-1483.983	-1579.553	95.57056	0.7032747	0.5110144	4.700909
8556	-1485.511	-1580.975	95.46356	0.7714038	0.4659722	4.764969
8562	-1482.354	-1577.539	95.18431	0.7688276	0.6490417	4.764969
8568	-1497.412	-1593.389	95.97714	0.6127209	0.7077861	4.363483
8574	-1493.942	-1588.482	94.53986	0.8648766	0.7021267	5.03087
8580	-1483.535	-1579.133	95.59802	0.7645563	0.6280266	4.551993
8586	-1498.42	-1595.991	97.57043	0.7861885	0.4490703	3.575399
8592	-1497.916	-1593.651	95.73465	0.5560188	0.5899663	4.623076
8598	-1490.668	-1585.259	94.59075	0.5316563	0.5899663	5.272976
8604	-1485.909	-1580.997	95.08728	0.5733026	0.5899663	4.974777
8610	-1484.84	-1579.319	94.47925	0.6285341	0.4831757	5.373951
8616	-1487.256	-1581.278	94.02185	0.5449175	0.5817006	5.585716
8622	-1490.996	-1586.318	95.32146	0.5617305	0.4941187	4.934387
8628	-1492.3	-1586.495	94.19509	0.6112665	0.5003681	5.524059
8634	-1484.267	-1580.075	95.80778	0.6228048	0.6848834	4.470156
8640	-1483.4	-1580.126	96.72559	1.027943	0.5338386	3.841859
8646	-1486.544	-1582.164	95.62081	0.763134	0.5494731	4.605029
8652	-1486.505	-1582.011	95.50597	0.7255711	0.6543943	4.605029
8658	-1491.516	-1586.35	94.83399	0.5200974	0.5659553	5.164687
8664	-1495.723	-1591.461	95.73845	0.818794	0.5659553	4.493503
8670	-1496.126	-1589.982	93.85612	0.3267523	0.476995	5.887277
8676	-1494.761	-1589.6	94.83823	0.5719787	0.4608293	5.22822
8682	-1489.634	-1581.844	92.21056	0.3619788	0.5838161	6.66996
8688	-1482.37	-1576.021	93.65111	0.3508985	0.5838161	5.893327
8694	-1474.399	-1569.424	95.02534	0.4703254	0.6234054	5.039593
8700	-1486.591	-1579.807	93.2168	0.6460947	0.7595082	5.840183
8706	-1480.359	-1575.497	95.13769	0.6486596	0.5459457	4.941859
8712	-1478.182	-1573.924	95.7412	0.7832087	0.6128664	4.473097
8718	-1493.84	-1591.51	97.66907	0.8871166	0.7505564	3.197923
8724	-1476.71	-1572.967	96.25716	0.829868	0.5541974	4.204323
8730	-1484.824	-1578.985	94.16098	0.6039823	0.6725485	5.406238
8736	-1482.663	-1577.332	94.66915	0.6013754	0.5669071	5.210126
8742	-1487.179	-1582.599	95.41979	0.7966903	0.3957447	4.847186
8748	-1490.116	-1584.652	94.53649	0.7966903	0.5341859	5.203442
8754	-1491.926	-1586.472	94.54525	0.6152597	0.4368528	5.389639
8760	-1483.589	-1579.111	95.52257	0.6584527	0.4630646	4.797917
8766	-1486.28	-1581.699	95.41915	0.7609788	0.4454103	4.815825
8772	-1481.859	-1577.72	95.86164	0.8248687	0.5297831	4.452314
8778	-1478.077	-1573.807	95.73075	0.836495	0.536529	4.51343
8784	-1484.068	-1578.376	94.30769	0.8446458	0.4718593	5.360037
8790	-1479.845	-1574.394	94.54865	0.7139987	0.6137158	5.17638
8796	-1475.188	-1567.972	92.78391	0.4478741	0.6137158	6.289176
8802	-1473.781	-1567.243	93.46184	0.5547811	0.6137158	5.861549
8808	-1481.868	-1577.671	95.80287	0.8668595	0.5011126	4.487895
8814	-1500.246	-1597.188	96.94193	1.050001	0.5430485	3.696092
8820	-1489.046	-1583.093	94.04733	0.8059927	0.72745	5.318115
8826	-1479.139	-1573.806	94.66782	0.6566722	0.7548611	5.038405
8832	-1478.057	-1572.466	94.40891	0.7047054	0.6513842	5.229646
8838	-1479.239	-1572.349	93.11032	0.421056	0.5957256	6.140417
8844	-1487.864	-1581.25	93.38639	0.5982146	0.6506896	5.85074
8850	-1484.824	-1578.212	93.38813	0.5168564	0.6176485	5.919476
8856	-1481.204	-1576.078	94.87412	0.610824	0.5670296	5.091288
8862	-1487.692	-1582.715	95.02367	0.6147406	0.4718463	5.091288
8868	-1484.87	-1578.239	93.36905	0.6223868	0.5809977	5.90139
8874	-1484.066	-1581	96.93313	0.8279792	0.5473045	3.82538
8880	-1493.38	-1589.665	96.28484	0.7965147	0.5015685	4.255065
8886	-1493.974	-1588.489	94.51563	0.6202757	0.816319	5.102226
8892	-1487.638	-1581.675	94.03709	0.5319611	0.5213527	5.635619
8898	-1486.679	-1580.833	94.15362	0.3885127	0.5133257	5.657495
8904	-1492.257	-1586.792	94.53556	0.6951821	0.6232715	5.186518
8910	-1492.79	-1587.882	95.09204	0.7268705	0.6684665	4.825151
8916	-1505.863	-1601.32	95.45752	0.5229765	0.547465	4.832405
8922	-1485.404	-1580.457	95.0522	0.7588263	0.7146501	4.795716
8928	-1482.274	-1578.344	96.06963	0.7314229	0.4879576	4.426278
8934	-1481.839	-1576.865	95.02539	0.7314229	0.7917678	4.772837
8940	-1482.01	-1576.003	93.99291	0.5232354	0.7089503	5.51686
8946	-1489.754	-1582.436	92.68161	0.5401246	0.7177158	6.218285
8952	-1483.955	-1577.476	93.52169	0.5635239	0.8576194	5.655468
8958	-1477.447	-1571.487	94.03958	0.5522267	0.4855427	5.655468
8964	-1475.608	-1571.515	95.90721	0.8843169	0.8470523	4.153984
8970	-1477.433	-1572.686	95.25251	0.7545572	0.6842282	4.708304
8976	-1484.362	-1579.843	95.48104	0.6659974	0.6120481	4.685573
8982	-1493.39	-1588.211	94.82049	0.7781342	0.6417369	4.968141
8988	-1487.282	-1584.571	97.28955	0.8222003	0.6417369	3.542465
8994	-1481.29	-1577.886	96.5958	0.8126238	0.439516	4.130192
9000	-1482.557	-1576.911	94.35395	0.4525514	0.5745817	5.459758
9006	-1477.067	-1571.725	94.65792	0.4091973	0.5701702	5.319778
9012	-1477.703	-1573.446	95.74315	0.7164294	0.6242191	4.500487
9018	-1481.227	-1575.674	94.44624	0.6848665	0.8585781	5.078145
9024	-1491.329	-1584.171	92.84225	0.6120043	0.8585781	5.999975
9030	-1487.74	-1582.129	94.38891	0.3766971	0.7405359	5.357431
9036	-1483.379	-1576.592	93.21309	0.3103336	0.7405359	6.038344
9042	-1492.882	-1585.86	92.97729	0.4793125	0.7322399	6.080431
9048	-1488.554	-1582.912	94.35746	0.7012477	0.5765501	5.319134
9054	-1487.56	-1581.901	94.34041	0.7408126	0.5607495	5.31988
9060	-1487.232	-1582.794	95.56175	0.7292083	0.695421	4.540892
9066	-1484.896	-1581.045	96.14914	0.7714989	0.5373068	4.313468
9072	-1479.235	-1574.525	95.28969	0.6308342	0.5373068	4.87468
9078	-1486.67	-1580.618	93.94795	0.3904569	0.647784	5.65919
9084	-1478.272	-1574.113	95.84188	0.6626935	0.544878	4.541317
9090	-1482.12	-1577.69	95.57011	0.8622184	0.7557746	4.41825
9096	-1486.388	-1581.293	94.90453	0.5296437	0.618869	5.07728
9102	-1490.247	-1586.404	96.15699	0.5694922	0.4928904	4.463632
9108	-1489.516	-1585.316	95.7995	0.77015	0.4928904	4.551828
9114	-1476.852	-1571.095	94.24226	0.5973331	0.504839	5.501732
9120	-1491.85	-1588.234	96.38461	0.8785622	0.6432787	4.030183
9126	-1487.765	-1582.75	94.98473	0.6044017	0.5581644	5.040971
9132	-1480.708	-1574.922	94.21368	0.5633258	0.5688565	5.480727
9138	-1477.41	-1572.033	94.62323	0.7971898	0.6841929	5.035215
9144	-1490.03	-1582.898	92.86831	0.4231101	0.658499	6.222827
9150	-1481.707	-1578.319	96.61192	0.5886895	0.4197162	4.268776
9156	-1479.103	-1574.392	95.28881	0.6528907	0.6299097	4.786196
9162	-1477.141	-1573.389	96.24761	0.6584561	0.7027267	4.188152
9168	-1478.223	-1572.6	94.3772	0.7282283	0.6370476	5.24512
9174	-1484.517	-1580.713	96.19594	0.7828276	0.4936141	4.320599
9180	-1485.766	-1582.053	96.2869	0.7633328	0.4520554	4.320599
9186	-1487.461	-1582.699	95.23826	0.6856407	0.6202403	4.803751
9192	-1484.332	-1579.84	95.50812	0.7313748	0.3603158	4.873902
9198	-1480.279	-1574.324	94.04479	0.616088	0.4954521	5.608454
9204	-1476.12	-1571.345	95.22461	0.7447403	0.8178424	4.636788
9210	-1476.078	-1572.352	96.27451	0.7881247	0.4401197	4.325661
9216	-1477.39	-1571.579	94.18914	0.526165	0.6603725	5.442633
9222	-1472.073	-1566.299	94.22602	0.5248454	0.6345448	5.442633
9228	-1487.92	-1582.492	94.57221	0.5551222	0.4030629	5.442633
9234	-1484.853	-1580.25	95.39717	0.6142813	0.5127786	4.84585
9240	-1482.855	-1578.435	95.57988	0.4200941	0.5127786	4.852249
9246	-1479.008	-1575.235	96.22723	0.6342102	0.6193823	4.277586
9252	-1482.508	-1576.527	94.01862	0.4523695	0.3711689	5.83723
9258	-1473.239	-1567.23	93.99151	0.4953652	0.5599082	5.647584
9264	-1474.351	-1568.193	93.84262	0.4718301	0.6564787	5.665801
9270	-1485.522	-1580.655	95.13355	0.6886376	0.6824965	4.81287
9276	-1482.031	-1578.242	96.21149	0.8336545	0.5909677	4.196723
9282	-1483.711	-1578.293	94.58137	0.643981	0.581089	5.223337
9288	-1477.963	-1572.798	94.83485	0.5934607	0.6385879	5.065153
9294	-1492.329	-1588.495	96.16594	0.8427142	0.628841	4.186537
9300	-1490.667	-1585.711	95.04439	0.6872355	0.628164	4.90469
9306	-1488.292	-1585.87	97.57763	0.9573636	0.5337885	3.388361
9312	-1495.694	-1593.664	97.97033	1.053015	0.4954241	3.136689
9318	-1487.514	-1584.621	97.10645	0.9054051	0.3360907	3.902155
9324	-1492.994	-1588.66	95.66602	0.8029836	0.9771838	4.257821
9330	-1486.712	-1583.125	96.41347	0.839175	0.5060384	4.153691
9336	-1487.402	-1582.94	95.53793	0.6820111	0.6477403	4.616648
9342	-1490.648	-1585.583	94.93466	0.6110376	0.5786609	5.047891
9348	-1494.237	-1590.053	95.81564	0.5547615	0.4477598	4.707182
9354	-1504.129	-1600.384	96.25525	0.7798015	0.5603945	4.228427
9360	-1493.82	-1589.351	95.53028	0.5151386	0.5334573	4.808422
9366	-1490.625	-1585.079	94.45403	0.697679	0.5588922	5.282532
9372	-1478.895	-1574.414	95.51871	0.702489	0.6259095	4.632993
9378	-1488.054	-1581.541	93.48717	0.5979211	0.6683456	5.78265
9384	-1490.025	-1583.293	93.2687	0.3659814	0.6515334	6.041138
9390	-1490.44	-1585.02	94.57987	0.581673	0.4977763	5.330805
9396	-1484.354	-1579.001	94.64679	0.5252561	0.5164804	5.308108
9402	-1479.896	-1575.148	95.25224	0.6053775	0.600348	4.856656
9408	-1483.468	-1579.934	96.46582	0.9701021	0.5852463	3.978905
9414	-1490.224	-1586.803	96.57833	0.6774939	0.7106316	3.983061
9420	-1482.811	-1578.791	95.98082	0.8330571	0.9852206	4.057174
9426	-1495.913	-1592.424	96.51153	0.7650348	0.6004562	4.057174
9432	-1493.53	-1589.315	95.78479	0.8603556	0.4972848	4.505283
9438	-1483.839	-1579.541	95.7014	0.7643003	0.4829298	4.619566
9444	-1484.576	-1580.326	95.74968	0.7610438	0.4568563	4.619566
9450	-1485.738	-1581.986	96.24725	0.6834679	0.5321983	4.312325
9456	-1483.783	-1580.061	96.27809	0.7755952	0.4583862	4.312325
9462	-1485.219	-1580.243	95.02415	0.8039168	0.6348261	4.845753
9468	-1495.139	-1591.659	96.52007	0.8623039	0.5146134	4.071894
9474	-1481.071	-1577.431	96.36021	0.749504	0.4683017	4.270839
9480	-1477.098	-1570.73	93.6324	0.627433	0.570343	5.763334
9486	-1470.808	-1565.886	95.07768	0.6313876	0.570343	4.964068
9492	-1481.705	-1576.34	94.63449	0.742057	0.5534449	5.162829
9498	-1480.519	-1575.208	94.68896	0.427612	0.5449847	5.313773
9504	-1482.765	-1575.702	92.93709	0.4658838	0.4967023	6.294033
9510	-1486.158	-1582.019	95.86128	0.910193	0.4916492	4.439459
9516	-1483.776	-1579.347	95.57063	0.9122945	0.6534754	4.464464
9522	-1490.337	-1585.54	95.2024	0.4892918	0.6534754	4.907374
9528	-1483.032	-1576.266	93.23412	0.6497604	0.6593164	5.899354
9534	-1482.79	-1577.881	95.09067	0.5139119	0.5879166	5.007574
9540	-1484.342	-1581.713	97.37092	0.9332146	0.6188527	3.448959
9546	-1482.834	-1578.59	95.75611	0.9030391	0.5567522	4.444026
9552	-1476.1	-1571.84	95.74065	0.6920032	0.7818505	4.4002
9558	-1480.529	-1575.402	94.8729	0.4424033	0.8076266	5.008313
9564	-1480.25	-1574.239	93.98965	0.4410617	0.7720524	5.520487
9570	-1477.918	-1572.25	94.33249	0.4086004	0.5451255	5.520487
9576	-1474.782	-1568.29	93.50809	0.4515382	0.7207028	5.8138
9582	-1467.221	-1561.347	94.12569	0.6669264	0.6311781	5.422234
9588	-1477.425	-1570.678	93.25334	0.7985263	0.7435032	5.747597
9594	-1483.812	-1578.841	95.02828	0.5166113	0.4913774	5.124753
9600	-1484.695	-1578.311	93.61633	0.6869635	0.6304843	5.691623
9606	-1483.232	-1577.356	94.1246	0.5153857	0.4211132	5.691623
9612	-1480.412	-1575.66	95.24753	0.7728723	0.7269634	4.669891
9618	-1489.473	-1585.039	95.5652	0.8171504	0.6487643	4.524682
9624	-1487.001	-1582.016	95.01529	0.4874971	0.4516844	5.185927
9630	-1488.531	-1584.056	95.5243	0.7070039	0.5149336	4.721136
9636	-1488.82	-1584.79	95.97085	0.8186543	0.6828751	4.269004
9642	-1502.316	-1597.483	95.16716	0.3226888	0.4908057	5.155769
9648	-1495.958	-1591.065	95.10626	0.4757476	0.5681875	5.036468
9654	-1484.907	-1579.082	94.17497	0.663586	0.5384633	5.472604
9660	-1478.575	-1573.658	95.08281	0.7868498	0.5611917	4.882418
9666	-1478.45	-1573.275	94.82506	0.6062098	0.5611917	5.125952
9672	-1476.42	-1573.095	96.67427	0.7190495	0.5611917	4.02389
9678	-1474.992	-1570.731	95.739	0.5581413	0.6255018	4.590728
9684	-1472.772	-1568.324	95.55238	0.6842978	0.6694154	4.590728
9690	-1474.381	-1570.754	96.3726	0.6842978	0.4894379	4.280352
9696	-1471.468	-1566.633	95.16507	0.7366776	0.4824549	4.934969
9702	-1470.679	-1566.646	95.9672	0.7023293	0.7679326	4.275831
9708	-1474.979	-1569.302	94.32366	0.7084541	0.5348837	5.369093
9714	-1468.868	-1563.175	94.30686	0.5791196	0.507967	5.473394
9720	-1474.587	-1567.599	93.01228	0.5380807	0.6197565	6.111234
9726	-1473.816	-1569.161	95.34482	0.5260651	0.5344262	4.904852
9732	-1483.771	-1578.598	94.82673	0.5576796	0.8178962	4.963246
9738	-1474.402	-1568.372	93.97074	0.3859314	0.6643276	5.636795
9744	-1480.05	-1573.41	93.36023	0.5316928	0.5573867	5.975181
9750	-1478.927	-1575.184	96.25666	0.8068675	0.7674335	4.052289
9756	-1482.593	-1579.472	96.87942	0.940802	0.4213697	3.914056
9762	-1480.992	-1578.421	97.42923	0.9391758	0.3888795	3.633874
9768	-1482.587	-1579.091	96.50475	1.198735	0.9454779	3.568622
9774	-1499.225	-1595.162	95.93708	0.6675373	0.8945668	4.230187
9780	-1486.225	-1581.704	95.47832	0.6614014	0.6610559	4.651414
9786	-1476.98	-1571.384	94.40395	0.710642	0.6925949	5.198558
9792	-1478.534	-1572.487	93.95311	0.3256617	0.6661939	5.67814
9798	-1475.201	-1570.053	94.85236	0.6271076	0.7361638	4.965221
9804	-1473.108	-1569.254	96.14561	0.7904275	0.4719249	4.365511
9810	-1482.264	-1579.303	97.03899	0.7563775	0.4791945	3.869293
9816	-1478.723	-1573.962	95.23903	0.6627714	0.7109037	4.747703
9822	-1497.947	-1592.538	94.59107	0.4336504	0.5221871	5.384305
9828	-1492.55	-1587.911	95.36105	0.6756944	0.5813613	4.772283
9834	-1479.509	-1573.981	94.47175	0.6319505	0.4623655	5.395918
9840	-1473.672	-1568.197	94.52492	0.5221378	0.4956088	5.395918
9846	-1480.624	-1574.392	93.76813	0.538246	0.4648987	5.831159
9852	-1480.514	-1575.76	95.24581	0.5889402	0.7459783	4.760388
9858	-1483.786	-1579.266	95.48008	0.8088616	0.5875084	4.626077
9864	-1480.113	-1576.295	96.18179	0.8503965	0.5295489	4.257264
9870	-1479.502	-1575.986	96.48373	0.8689192	0.3530386	4.257264
9876	-1474.797	-1570.34	95.5434	0.6491477	0.6979388	4.5943
9882	-1479.906	-1574.857	94.95063	0.7437703	0.7199824	4.856963
9888	-1483.39	-1578.906	95.51583	0.665694	0.5963179	4.679004
9894	-1487.301	-1580.976	93.67482	0.665694	0.4608231	5.816377
9900	-1506.145	-1601.903	95.75883	0.600276	0.5480626	4.620184
9906	-1490.922	-1586.18	95.25836	0.5091226	0.6661156	4.855593
9912	-1482.564	-1577.624	95.05968	0.7281854	0.6511283	4.855593
9918	-1485.353	-1578.087	92.73336	0.6199096	0.8029735	6.089823
9924	-1485.951	-1579.708	93.75741	0.4199794	0.5686787	5.80983
9930	-1496.654	-1590.993	94.33958	0.655062	0.6163221	5.322438
9936	-1496.381	-1592.107	95.72603	0.6975427	0.6663333	4.488044
9942	-1496.47	-1593.553	97.08286	1.04779	0.4043316	3.754043
9948	-1496.216	-1590.192	93.97674	0.7261859	0.5595409	5.529249
9954	-1485.936	-1579.079	93.14341	0.4916278	0.5057844	6.159717
9960	-1485.42	-1578.967	93.54692	0.6089465	0.5104665	5.871515
9966	-1479.928	-1575.489	95.56066	0.930301	0.5127988	4.577604
9972	-1484.348	-1580.561	96.21205	1.025783	0.6475155	4.041306
9978	-1480.992	-1579.224	98.23237	1.025783	0.3488696	3.159843
9984	-1489.783	-1585.671	95.8877	0.9912281	0.4825071	4.387545
9990	-1483.688	-1577.661	93.97231	0.684627	0.6107422	5.512856
9996	-1487.672	-1582.359	94.68751	0.5847725	0.6163668	5.168951
10002	-1481.549	-1578.863	97.31423	0.9035153	0.6656474	3.461574
10008	-1485.836	-1582.301	96.46563	0.7090591	0.4779922	4.224579
10014	-1491.044	-1587.976	96.93168	0.7697469	0.6564307	3.768455
10020	-1489.606	-1585.531	95.92425	0.789577	0.6375321	4.346639
10026	-1481.42	-1577.155	95.73533	0.6048522	0.587475	4.597366
10032	-1502.277	-1601.618	99.34084	1.392654	0.8158726	1.776046
10038	-1490.706	-1589.08	98.37395	1.347997	0.7630272	2.480319
10044	-1498.594	-1595.481	96.88641	1.144207	0.7922363	3.477318
10050	-1501.428	-1597.529	96.10097	0.7158514	0.68425	4.252499
10056	-1487.754	-1584.853	97.09834	0.9220532	0.7597457	3.506171
10062	-1495.653	-1594.373	98.72058	1.299996	0.8129446	2.253188
10068	-1489.51	-1586.455	96.9446	1.077594	0.6383025	3.597309
10074	-1485.96	-1581.721	95.76185	0.7932581	0.6523683	4.424653
10080	-1486.962	-1582.445	95.48292	0.8404261	0.5758633	4.616488
10086	-1491.144	-1584.321	93.17738	0.3980265	0.5949241	6.117085
10092	-1488.141	-1582.883	94.74287	0.5750352	0.6471322	5.119809
10098	-1485.977	-1581.36	95.38278	0.6108651	0.5556392	4.818034
10104	-1478.604	-1574.358	95.75356	0.6481396	0.5775028	4.571153
10110	-1480.2	-1575.846	95.64616	0.7988995	0.621856	4.510539
10116	-1492.11	-1584.651	92.5411	0.6641735	0.7238766	6.222967
10122	-1488.995	-1583.005	94.01042	0.7515991	0.7238766	5.370975
10128	-1488.167	-1583.4	95.23337	0.4368751	0.6710757	4.906041
10134	-1480.648	-1574.945	94.29735	0.5220414	0.5549094	5.469096
10140	-1480.756	-1575.561	94.80515	0.7450193	0.3675268	5.248154
10146	-1486.175	-1580.159	93.9838	0.4486881	0.5892693	5.653264
10152	-1486.875	-1582.965	96.09014	0.610507	0.5528342	4.424036
10158	-1500.845	-1595.1	94.2547	0.7275359	0.6295391	5.31896
10164	-1482.855	-1578.752	95.89643	0.9195885	0.6406224	4.28642
10170	-1480.781	-1575.908	95.12707	0.687077	0.6180472	4.866699
10176	-1482.093	-1577.561	95.46787	0.4824107	0.5275536	4.866699
10182	-1480.054	-1576.251	96.19712	0.7360562	0.6123591	4.242627
10188	-1486.397	-1582.376	95.97875	0.7113226	0.5226219	4.456746
10194	-1487.517	-1583.518	96.00112	0.8685375	0.5842734	4.301767
10200	-1494.89	-1589.979	95.089	0.769644	0.5478201	4.900003
10206	-1498.737	-1594.166	95.42902	0.8340858	0.6118659	4.620698
10212	-1496.757	-1592.817	96.05999	0.648624	0.5078235	4.459797
10218	-1504.314	-1597.665	93.35049	0.4970087	0.8709712	5.777563
10224	-1504.36	-1599.511	95.15027	0.6868493	1.054539	4.57102
10230	-1495.649	-1592.523	96.87387	1.105162	0.9107636	3.42929
10236	-1502.598	-1600.433	97.83474	1.095425	0.4314319	3.258082
10242	-1497.978	-1592.494	94.51562	0.4545383	0.8070109	5.200028
10248	-1489.649	-1584.396	94.74717	0.6043076	0.5265426	5.200028
10254	-1492.978	-1587.403	94.42491	0.6692832	0.5779575	5.298387
10260	-1481.753	-1577.84	96.08657	0.8542063	0.7739141	4.117745
10266	-1482.407	-1576.959	94.55185	0.8473849	0.9089531	4.898439
10272	-1482.466	-1577.141	94.67457	0.7380443	0.8662683	4.916973
10278	-1477.855	-1572.107	94.25191	0.5484885	0.5890839	5.451253
10284	-1483.366	-1576.364	92.99803	0.4466283	0.5890839	6.192901
10290	-1477.904	-1571.614	93.70981	0.2427411	0.6736265	5.851278
10296	-1475.729	-1569.755	94.02608	0.5631503	0.6031753	5.556067
10302	-1486.124	-1581.411	95.28764	0.6604391	0.7640007	4.684603
10308	-1482.19	-1577.636	95.44605	0.61099	0.4087661	4.92207
10314	-1481.779	-1577.406	95.62724	0.7840888	0.4718277	4.660663
10320	-1484.742	-1579.913	95.17085	0.4749382	0.4955474	5.064957
10326	-1486.069	-1581.754	95.68573	0.5385164	0.5187486	4.721638
10332	-1484.924	-1579.682	94.7585	0.5981861	0.5187486	5.20406
10338	-1481.592	-1576.043	94.45121	0.6225776	0.5232193	5.35634
10344	-1474.901	-1570.516	95.6151	0.6117702	0.5232193	4.716152
10350	-1480.04	-1574.497	94.45757	0.4911466	0.7238287	5.267973
10356	-1487.322	-1579.716	92.39417	0.3003235	0.7561373	6.478306
10362	-1483.593	-1576.374	92.78051	0.4046948	0.6550057	6.28314
10368	-1482.593	-1576.28	93.68666	0.2794689	0.5667503	5.926892
10374	-1485.093	-1580.613	95.51948	0.442653	0.4341464	4.948601
10380	-1488.673	-1583.341	94.66877	0.6176213	0.6137545	5.163209
10386	-1484	-1577.489	93.48924	0.5294382	0.5863777	5.882151
10392	-1487.081	-1580.373	93.29198	0.4193661	0.7239145	5.947246
10398	-1487.584	-1582.288	94.70444	0.3935392	0.6113595	5.269297
10404	-1500.658	-1595.425	94.76704	0.5436833	0.5045358	5.242258
10410	-1486.608	-1581.674	95.06577	0.6009606	0.5829814	4.9771
10416	-1490.774	-1585.41	94.63639	0.4935131	0.6298251	5.237177
10422	-1484.147	-1580.372	96.22562	0.5476281	0.5866006	4.354323
10428	-1481.853	-1576.889	95.03574	0.7102587	0.6056215	4.914575
10434	-1475.185	-1570.482	95.29721	0.4420859	0.5772907	4.94146
10440	-1483.207	-1579.187	95.97997	0.5567522	0.6628095	4.427
10446	-1481.49	-1576.86	95.37018	0.5141204	0.6141853	4.830656
10452	-1490.098	-1586.502	96.40411	0.7523811	0.4073471	4.306941
10458	-1495.827	-1590.791	94.96455	0.3718791	0.4347235	5.294731
10464	-1495.338	-1592.111	96.77261	0.7563975	0.6916461	3.840596
10470	-1487.203	-1582	94.79719	0.4671274	0.6001662	5.186272
10476	-1479.041	-1571.905	92.8641	0.3535207	0.4914752	6.399363
10482	-1476.227	-1570.633	94.40578	0.448665	0.5606227	5.444986
10488	-1480.2	-1575.341	95.14124	0.5129912	0.4833373	5.071637
10494	-1487.398	-1583.078	95.6807	0.8152383	0.9087788	4.283058
10500	-1485.926	-1580.594	94.66765	0.7758817	0.4995245	5.173376
10506	-1482.787	-1576.996	94.20891	0.4921869	0.6246279	5.477691
10512	-1491.133	-1585.418	94.28532	0.7002331	0.6509259	5.300746
10518	-1488.346	-1584.362	96.01595	0.7168857	0.38384	4.571389
10524	-1489.926	-1583.541	93.61548	0.629681	0.4550461	5.874063
10530	-1486.81	-1582.161	95.3513	0.7503987	0.7253416	4.625493
10536	-1491.551	-1588.293	96.7421	1.0433	0.8247055	3.597968
10542	-1490.973	-1585.291	94.31776	0.7260033	0.6971024	5.234462
10548	-1492.398	-1586.021	93.6228	0.6143655	0.7578903	5.636271
10554	-1487.256	-1583.951	96.69451	0.6812044	0.5104003	4.079592
10560	-1487.287	-1582.31	95.02355	0.6344202	0.6782259	4.907559
10566	-1492.834	-1588.228	95.39397	0.5360306	0.6565611	4.772141
10572	-1483.763	-1579.293	95.53034	0.6520447	0.5415572	4.724807
10578	-1483.749	-1578.957	95.20811	0.8785189	0.6052945	4.724807
10584	-1487.043	-1582.177	95.13471	0.7984466	0.7210623	4.722905
10590	-1480.473	-1575.703	95.22975	0.7441017	0.8325566	4.624752
10596	-1484.084	-1579.183	95.09917	0.8525087	0.8067394	4.653956
10602	-1486.007	-1582.52	96.51322	0.8038359	0.5319229	4.093314
10608	-1493.327	-1590.681	97.35416	0.8267974	0.7866183	3.393259
10614	-1482.796	-1579.385	96.58958	1.060127	0.4254412	4.007309
10620	-1478.687	-1573.728	95.04104	0.9253055	0.5054206	4.877682
10626	-1483.737	-1580.133	96.39628	0.8612369	0.4910257	4.165056
10632	-1476.294	-1572.416	96.12169	0.9490793	0.6721323	4.117459
10638	-1474.277	-1570.824	96.54773	0.8918153	0.4838129	4.06837
10644	-1472.496	-1568.776	96.27951	0.8020625	0.531454	4.227562
10650	-1484.952	-1582.288	97.33591	1.112309	0.8184842	3.213683
10656	-1482.41	-1579.247	96.83721	1.116208	0.8184842	3.504377
10662	-1480.515	-1577.44	96.92427	0.8585965	0.4880174	3.867898
10668	-1492.895	-1589.678	96.78259	0.8842962	0.6143509	3.822162
10674	-1491.59	-1588.476	96.88585	0.913055	0.5313563	3.818022
10680	-1487.589	-1582.297	94.70772	0.6206934	0.6402196	5.119281
10686	-1491.899	-1586.729	94.82964	0.5885333	0.5778502	5.119281
10692	-1495.609	-1590.942	95.33243	0.6879267	0.5988897	4.767035
10698	-1505.389	-1599.639	94.24964	0.5810844	0.663656	5.376595
10704	-1489.168	-1584.802	95.63376	0.7083508	0.922094	4.361989
10710	-1483.824	-1580.08	96.25624	0.8592909	0.7264682	4.051633
10716	-1491.887	-1587.347	95.46023	0.8543273	0.7448689	4.492181
10722	-1490.129	-1585.496	95.36792	0.6379007	0.5703087	4.798789
10728	-1487.866	-1584.42	96.55396	0.7647739	0.7091049	3.948189
10734	-1481.4	-1578.834	97.43402	1.006022	0.5737272	3.407985
10740	-1481.928	-1579.324	97.39568	1.128622	0.6251286	3.314557
10746	-1479.975	-1577.466	97.49085	0.8795839	0.5418503	3.477262
10752	-1491.222	-1586.106	94.8838	0.8496454	1.013636	4.651531
10758	-1490.058	-1587.849	97.79182	0.8496454	0.6905067	3.192741
10764	-1503.103	-1598.146	95.04345	0.8720317	0.653516	4.78257
10770	-1488.699	-1585.159	96.46068	0.9320858	0.8004446	3.841135
10776	-1483.709	-1580.813	97.10439	0.7684472	0.4626829	3.841135
10782	-1484.569	-1579.677	95.10815	0.8284109	0.5686396	4.838833
10788	-1487.753	-1584.356	96.60327	0.8387812	0.6569862	3.917109
10794	-1486.803	-1583.429	96.62565	0.7656939	0.6949758	3.917109
10800	-1487.182	-1582.546	95.36405	0.8784992	0.5748297	4.662635
10806	-1491.692	-1586.829	95.13702	0.9941208	0.3727299	4.920109
10812	-1491.604	-1588.3	96.6968	0.8628362	0.3581578	4.133706
10818	-1489.039	-1585.95	96.91178	0.8628362	0.3581578	4.011172
10824	-1481.717	-1578.85	97.1325	0.7805521	0.6619752	3.641778
10830	-1487.991	-1584.215	96.2236	0.6890196	0.994459	3.995488
10836	-1482.745	-1578.104	95.35934	0.6426067	0.9018256	4.56576
10842	-1479.524	-1575.938	96.41387	0.8290658	0.7254018	3.979641
10848	-1484.193	-1581.475	97.28197	0.9301158	0.7254018	3.419171
10854	-1496.459	-1592.441	95.98211	0.9069644	0.4153975	4.449299
10860	-1482.812	-1578.886	96.07348	0.8346806	0.5733241	4.289222
10866	-1498.031	-1593.927	95.89609	0.6772346	0.6119695	4.446272
10872	-1494.331	-1589.479	95.14834	0.7974981	0.6119695	4.798092
10878	-1497.943	-1594.842	96.89903	0.9026576	0.6505393	3.71524
10884	-1504.906	-1601.58	96.67383	0.821384	0.6513798	3.891015
10890	-1499.594	-1593.531	93.93785	0.6640601	0.4603573	5.673664
10896	-1492.611	-1587.181	94.56938	0.6786009	0.6026146	5.193342
10902	-1494.702	-1588.756	94.05378	0.4816661	0.6679009	5.535977
10908	-1488.46	-1582.911	94.45062	0.4876432	0.4046259	5.544985
10914	-1491.824	-1585.941	94.11705	0.5793773	0.460784	5.621409
10920	-1486.891	-1581.478	94.58623	0.5793773	0.5709153	5.264777
10926	-1496.845	-1591.434	94.58951	0.4916514	0.628972	5.264777
10932	-1485.832	-1579.813	93.98126	0.3330493	0.4570484	5.834332
10938	-1496.448	-1587.258	90.81094	0.2192183	0.6332193	7.461668
10944	-1501.719	-1592.68	90.96112	0.5301672	0.5517139	7.278518
10950	-1490.466	-1585.579	95.11283	0.4667912	0.6099476	5.003627
10956	-1490.414	-1584.826	94.41173	0.4519437	0.5435825	5.454372
10962	-1485.408	-1581.747	96.33923	0.6705741	0.4853437	4.310896
10968	-1481.162	-1574.878	93.71558	0.4889291	0.4949927	5.85886
10974	-1483.018	-1578.221	95.20377	0.8960346	0.6781213	4.660927
10980	-1475.142	-1570.779	95.63659	0.7496101	0.4794638	4.667415
10986	-1478.132	-1572.779	94.6467	0.5943773	0.6321166	5.173908
10992	-1474.567	-1570.458	95.89145	0.8372834	0.3854123	4.571945
10998	-1479.893	-1575.249	95.35594	0.7464792	0.7048445	4.639811
11004	-1474.931	-1570.496	95.5641	0.7281905	0.541393	4.663441
11010	-1475.881	-1571.66	95.77934	0.7870324	0.51298	4.535085
11016	-1491.822	-1587.381	95.55976	0.6494514	0.4269829	4.818283
11022	-1481.911	-1577.105	95.19352	0.5597723	0.4269829	5.071891
11028	-1473.084	-1567.562	94.47788	0.5226907	0.524716	5.395379
11034	-1483.828	-1577.736	93.90745	0.5620514	0.4478348	5.758343
11040	-1474.944	-1570.08	95.13536	0.5953061	0.5783749	4.945362
11046	-1485.517	-1580.994	95.47742	0.5784732	0.5622446	4.777654
11052	-1481.468	-1576.466	94.99868	0.5578628	0.6261066	5.003668
11058	-1485.364	-1580.411	95.04701	0.5659088	0.5870308	5.003668
11064	-1488.275	-1584.132	95.85726	0.7176433	0.5689093	4.481049
11070	-1495.282	-1589.103	93.82046	0.5518725	0.6274566	5.656101
11076	-1493.341	-1588.457	95.11598	0.6605368	0.8518965	4.722935
11082	-1491.997	-1589.5	97.50317	1.071823	0.3183984	3.599736
11088	-1482.116	-1578.225	96.10948	0.594866	0.5037906	4.465923
11094	-1478.456	-1574.299	95.84241	0.664183	0.5037906	4.577093
11100	-1474.719	-1568.013	93.29433	0.5223768	0.6448314	5.946871
11106	-1477.593	-1573.622	96.02936	0.6798813	0.6287221	4.356188
11112	-1483.842	-1579.767	95.92521	0.6518605	0.7279115	4.356188
11118	-1483.003	-1575.877	92.87361	0.2060534	0.4449958	6.517741
11124	-1475.874	-1570.034	94.16003	0.4815365	0.5036774	5.611583
11130	-1489.79	-1584.185	94.39435	0.7932115	0.5342138	5.283902
11136	-1506.095	-1600.238	94.143	0.8734014	0.7416374	5.218178
11142	-1491.876	-1584.854	92.97858	0.7542526	0.8961834	5.825172
11148	-1484.693	-1580.87	96.17749	0.8143758	0.6433586	4.184576
11154	-1485.583	-1581.345	95.76149	0.9301052	0.5055322	4.471491
11160	-1482.987	-1579.202	96.21534	0.4285233	0.5352143	4.471491
11166	-1482.706	-1577.219	94.5121	0.5804199	0.5982853	5.282752
11172	-1480.205	-1574.41	94.20513	0.6576282	0.5982853	5.40949
11178	-1480.764	-1575.202	94.43749	0.4962052	0.5509851	5.40949
11184	-1487.18	-1582.894	95.71414	0.7002313	0.6666641	4.492968
11190	-1481.447	-1577.699	96.2524	0.9349548	0.5624491	4.140159
11196	-1480.253	-1576.503	96.25037	0.8132457	0.8654048	3.98714
11202	-1488.272	-1586.444	98.17179	1.179552	0.7636597	2.709407
11208	-1486.913	-1585.138	98.22431	1.189947	0.7133964	2.709407
11214	-1488.475	-1586.526	98.05057	1.046388	0.6895062	2.921209
11220	-1491.059	-1585.797	94.73773	0.4582792	0.5784018	5.241774
11226	-1491.321	-1587.324	96.00262	0.7978095	0.5784018	4.345844
11232	-1488.651	-1583.839	95.18864	0.4080348	0.5784018	5.019808
11238	-1494.156	-1587.749	93.59271	0.5243918	0.5325349	5.873339
11244	-1484.227	-1577.779	93.55241	0.5620359	0.6148004	5.807203
11250	-1485.155	-1579.023	93.86829	0.5399886	0.7521349	5.546204
11256	-1483.022	-1577.97	94.94851	0.5780276	0.6050739	5.037005
11262	-1490.498	-1583.991	93.49387	0.2669685	0.7524339	5.900721
11268	-1482.811	-1576.234	93.42257	0.338274	0.7524339	5.900721
11274	-1475.829	-1571.39	95.56069	0.7579659	0.5130336	4.673986
11280	-1483.69	-1577.938	94.24852	0.6017705	0.7443645	5.308074
11286	-1491.243	-1586.599	95.3566	0.8284519	0.4744925	4.784636
11292	-1483.865	-1578.746	94.88113	0.7915819	0.8460408	4.784636
11298	-1489.234	-1584.15	94.91542	0.254118	0.4890179	5.334457
11304	-1502.907	-1597.232	94.32498	0.5686664	0.7184638	5.302162
11310	-1496.422	-1591.859	95.43692	0.5478353	0.562539	4.817108
11316	-1489.343	-1584.749	95.40666	0.4368418	0.5836619	4.878169
11322	-1489.324	-1584.07	94.74572	0.4635692	0.5660577	5.244692
11328	-1489.434	-1584.128	94.69438	0.514912	0.5660577	5.244692
11334	-1484.238	-1577.794	93.55616	0.4801288	0.6588903	5.816352
11340	-1488.914	-1583.423	94.5098	0.7514259	0.5038132	5.270266
11346	-1484.72	-1578.421	93.70149	0.5199194	0.517989	5.829018
11352	-1481.56	-1575.214	93.65416	0.4437695	0.5986076	5.829018
11358	-1473.719	-1568.945	95.22632	0.7440724	0.5472384	4.838239
11364	-1480.831	-1578.682	97.85058	0.9508902	0.5472384	3.218951
11370	-1488.252	-1585.025	96.77274	1.05473	0.7900651	3.597119
11376	-1483.096	-1578.707	95.61105	0.6994815	0.6784506	4.542476
11382	-1488.484	-1586.472	97.98826	1.112513	0.4663709	3.119994
11388	-1488.835	-1584.105	95.27064	0.6818563	0.7611671	4.684074
11394	-1488.962	-1584.206	95.24446	0.6032516	0.6303357	4.838308
11400	-1481.862	-1576.889	95.02745	0.5795305	0.620955	4.979692
11406	-1484.066	-1579.507	95.44092	0.7049315	0.5131252	4.770534
11412	-1479.268	-1574.578	95.30921	0.6033546	0.5131252	4.900633
11418	-1481.954	-1577.03	95.07588	0.6314956	0.6508623	4.900633
11424	-1482.574	-1578.528	95.95415	0.6266574	0.5915044	4.458784
11430	-1476.433	-1569.856	93.42263	0.296696	0.6308714	6.010605
11436	-1490.641	-1583.884	93.24379	0.5233029	0.6658401	5.958298
11442	-1488.191	-1583.073	94.88193	0.5088263	0.5016955	5.20059
11448	-1501.12	-1597.092	95.97242	0.8362489	0.6221769	4.305206
11454	-1498.433	-1594.035	95.60262	0.7651193	0.5133045	4.646247
11460	-1499.098	-1593.535	94.43664	0.4941037	0.6040999	5.367368
11466	-1500.574	-1594.738	94.16403	0.50705	0.6040999	5.510341
11472	-1483.836	-1579.776	95.93961	0.6951034	0.432742	4.574261
11478	-1480.454	-1576.824	96.37046	0.7564942	0.4861024	4.243843
11484	-1487.524	-1583.287	95.76263	0.8432508	0.8297919	4.270474
11490	-1486.42	-1581.451	95.03084	0.6227221	0.4467897	5.107251
11496	-1480.851	-1576.089	95.23817	0.5303886	0.5295359	4.96609
11502	-1480.452	-1575.135	94.68313	0.5888761	0.6521381	5.141428
11508	-1485.582	-1580.972	95.39031	0.6912284	0.4954907	4.822611
11514	-1487.422	-1583.53	96.10789	0.7834991	0.4644971	4.397966
11520	-1481.394	-1575.72	94.32591	0.5593274	0.5504109	5.436669
11526	-1491.621	-1588.126	96.50523	0.6848997	0.5019218	4.193046
11532	-1483.793	-1579.375	95.58229	0.6377926	0.5019218	4.739302
11538	-1474.839	-1569.773	94.9342	0.5846114	0.5606386	5.077892
11544	-1481.429	-1577.255	95.82602	0.574757	0.4417546	4.69621
11550	-1482.325	-1576.911	94.58575	0.781209	0.5161804	5.200668
11556	-1488.002	-1582.443	94.44068	0.5035261	0.4318307	5.513749
11562	-1486.109	-1581.687	95.57757	0.5048177	0.4671031	4.849024
11568	-1490.246	-1586.152	95.90507	0.5245514	0.6410562	4.504083
11574	-1496.755	-1591.899	95.14356	0.4628443	0.4747046	5.106312
11580	-1492.651	-1586.338	93.68679	0.6672288	0.6268111	5.666646
11586	-1482.431	-1576.698	94.26748	0.5967645	0.5537853	5.445361
11592	-1479.334	-1574.667	95.33287	0.7909884	0.5537853	4.74692
11598	-1478.466	-1573.931	95.46496	0.6625408	0.5641742	4.736005
11604	-1479.666	-1574.654	94.98801	0.6436664	0.5652893	5.011322
11610	-1481.351	-1576.774	95.42256	0.5947347	0.492783	4.860952
11616	-1486.224	-1579.861	93.63711	0.7173172	0.4879556	5.783298
11622	-1480.999	-1575.981	94.98189	0.5352029	0.5820205	5.060991
11628	-1489.608	-1587.232	97.62354	0.8732147	0.6916921	3.277405
11634	-1485.656	-1582.447	96.7908	0.8691301	0.4642147	3.961706
11640	-1480.23	-1576.255	96.02532	0.5074052	0.5045018	4.561769
11646	-1478.762	-1573.963	95.20117	0.5629116	0.7753809	4.779746
11652	-1484.104	-1578.744	94.63984	0.4565542	0.6880609	5.211919
11658	-1477.604	-1572.755	95.15146	0.5796129	0.6566119	4.883058
11664	-1482.159	-1577.477	95.31737	0.5707994	0.5484032	4.883058
11670	-1476.981	-1573.145	96.16484	0.6078345	0.5632908	4.374371
11676	-1485.757	-1582.585	96.82836	0.7703133	0.8385617	3.696953
11682	-1483.445	-1578.726	95.28027	0.6244585	0.5866306	4.841597
11688	-1478.616	-1575.048	96.43194	0.8615406	0.6057808	4.043126
11694	-1491.166	-1590.941	99.77442	1.106468	0.4188028	2.066838
11700	-1485.301	-1580.029	94.72833	0.6158202	0.4712234	5.25476
11706	-1485.403	-1580.06	94.65751	0.5965726	0.6192555	5.176749
11712	-1489.132	-1584.148	95.0161	0.666619	0.6407249	4.922142
11718	-1486.855	-1581.132	94.27661	0.5197219	0.6482278	5.407142
11724	-1488.09	-1583.376	95.28562	0.6019311	0.6482278	4.802214
11730	-1479.549	-1575.046	95.49694	0.6019311	0.5203193	4.790277
11736	-1488.689	-1582.684	93.99533	0.4798006	0.6435958	5.58733
11742	-1485.941	-1580.634	94.69339	0.662079	0.5903508	5.143754
11748	-1490.361	-1587.497	97.13594	0.9963952	0.368906	3.793351
11754	-1491.303	-1586.001	94.69815	0.4912076	0.6480023	5.190325
11760	-1482.659	-1577.516	94.85762	0.6880257	0.6640734	4.980599
11766	-1482.702	-1578.711	96.00889	0.6915497	0.603903	4.381148
11772	-1482.683	-1577.864	95.18051	0.3397509	0.5026455	5.128031
11778	-1478.934	-1575.115	96.18142	0.7996245	0.387403	4.427813
11784	-1491.575	-1588.462	96.88716	0.7340197	0.6285931	3.836835
11790	-1497.433	-1592.946	95.51251	0.5492615	0.5200294	4.811247
11796	-1495.901	-1591.738	95.83648	0.6525494	0.7953143	4.35931
11802	-1494.439	-1590.245	95.8061	0.9885749	0.4448905	4.471982
11808	-1494.351	-1589.7	95.3492	0.7086175	0.7090519	4.661749
11814	-1485.124	-1580.39	95.26613	0.7262755	0.7611332	4.661749
11820	-1484.391	-1581.234	96.84291	0.9754165	0.7611332	3.622703
11826	-1479.171	-1574.396	95.22507	0.7368885	0.8482892	4.62138
11832	-1479.405	-1574.683	95.27794	0.5980111	0.4798786	4.951753
11838	-1481.875	-1576.889	95.01428	0.5528307	0.6081851	5.011981
11844	-1484.569	-1579.94	95.37135	0.6199598	0.4805835	4.886881
11850	-1485.202	-1580.102	94.89955	0.5631951	0.4321678	5.227514
11856	-1478.827	-1573.704	94.87629	0.5864599	0.4321678	5.227514
11862	-1485.686	-1579.356	93.67053	0.5899731	0.4332441	5.887067
11868	-1487.351	-1583.442	96.09036	0.8108226	0.914629	4.049235
11874	-1483.848	-1577.247	93.39886	0.5881872	0.6186811	5.873845
11880	-1490.559	-1585.274	94.7149	0.6878475	0.7426534	5.003351
11886	-1488.328	-1583.272	94.94397	0.843093	0.508332	4.974794
11892	-1484.089	-1580.989	96.90046	0.8906057	0.5688124	3.789189
11898	-1479.003	-1574.683	95.68028	0.7408049	0.677363	4.481126
11904	-1489.592	-1585.381	95.78874	0.9725637	0.6099967	4.341812
11910	-1486.063	-1579.908	93.84493	0.4236242	0.6412363	5.702448
11916	-1490.688	-1585.344	94.65579	0.5574952	0.6412363	5.182252
11922	-1492.816	-1587.973	95.15737	0.6384714	0.4988423	4.978594
11928	-1486.04	-1579.352	93.31144	0.7134344	0.5888406	5.876774
11934	-1496.588	-1590.495	93.90682	0.8472049	0.6297983	5.444551
11940	-1490.877	-1587.867	96.98977	0.8355893	0.5375628	3.797159
11946	-1485.562	-1579.324	93.76186	0.8993109	0.6447251	5.484217
11952	-1480.39	-1575.439	95.04993	0.5607869	0.5542458	5.032329
11958	-1482.705	-1578.637	95.93163	0.8588598	0.4513335	4.46787
11964	-1487.742	-1584.003	96.26037	0.9471656	0.7737741	3.965631
11970	-1485.91	-1579.827	93.91707	0.5350609	0.5847089	5.646185
11976	-1483.89	-1579.819	95.92925	0.6590507	0.6073291	4.441598
11982	-1487.154	-1582.066	94.91231	0.4622615	0.6073291	5.119482
11988	-1480.522	-1575.752	95.23052	0.4791829	0.5800529	4.955627
11994	-1481.065	-1576.3	95.23445	0.4517661	0.556319	4.988627
12000	-1487.322	-1583.673	96.35147	0.8279468	0.4523745	4.247152
12006	-1484.104	-1578.936	94.83276	0.6944519	0.8560145	4.859527
12012	-1484.032	-1579.285	95.25301	0.5671742	0.575296	4.898104
12018	-1474.419	-1569.44	95.02084	0.5929224	0.7106527	4.90854
12024	-1479.141	-1574.498	95.35779	0.4451014	0.5743254	4.90854
12030	-1482.69	-1577.055	94.36544	0.519636	0.5959146	5.399099
12036	-1486.205	-1578.744	92.53934	0.5205198	0.5717668	6.415875
12042	-1482.649	-1576.691	94.04249	0.6688949	0.6444424	5.456798
12048	-1489.3	-1583.529	94.22917	0.6589376	0.7524971	5.281627
12054	-1491.948	-1586.292	94.34331	0.5437633	0.7533369	5.281627
12060	-1488.161	-1582.279	94.11721	0.726437	0.5827896	5.432564
12066	-1493.996	-1589.786	95.78999	0.5559162	0.701915	4.505248
12072	-1493.586	-1589.299	95.71286	0.6826558	0.6644637	4.505248
12078	-1488.372	-1584.576	96.20407	0.6527591	0.3806776	4.505248
12084	-1486.258	-1582.126	95.86875	0.6197078	0.5981938	4.505248
12090	-1506.292	-1602.455	96.16306	0.4541868	0.5381518	4.483873
12096	-1491.652	-1587.389	95.73708	0.6955078	0.7082162	4.451873
12102	-1494.385	-1590.511	96.12531	0.7917624	0.6996873	4.184145
12108	-1491.948	-1587.346	95.39832	0.5926362	0.6996873	4.705966
12114	-1486.164	-1580.55	94.38572	0.6148841	0.6687209	5.279089
12120	-1480.343	-1574.842	94.49834	0.5295894	0.6687209	5.263995
12126	-1492.471	-1585.073	92.60225	0.3963429	0.5999325	6.42651
12132	-1503.377	-1598.629	95.2513	0.6277762	0.836419	4.675377
12138	-1488.653	-1583.782	95.1287	0.7134226	0.4339418	5.015505
12144	-1487.672	-1583.304	95.63191	0.6854271	0.4708068	4.71425
12150	-1477.84	-1573.647	95.80649	0.7491124	0.6445288	4.430448
12156	-1475.853	-1570.832	94.97916	0.6256359	0.5781537	5.015501
12162	-1479.004	-1573.077	94.07301	0.6502784	0.7717605	5.35958
12168	-1479.912	-1573.003	93.09157	0.4466511	0.6411499	6.101494
12174	-1478.213	-1571.52	93.30628	0.4704992	0.649443	5.965197
12180	-1484.205	-1578.788	94.58305	0.5189157	0.4594879	5.399651
12186	-1485.148	-1579.227	94.07918	0.5514134	0.4229873	5.694864
12192	-1483.672	-1580.251	96.57965	0.7304514	0.6581195	3.99175
12198	-1482.168	-1578.606	96.43832	0.6717256	0.3434445	4.405863
12204	-1481.305	-1576.275	94.97076	0.622298	0.6460603	4.967911
12210	-1468.78	-1564.966	96.18586	0.8863132	0.5490369	4.217271
12216	-1481.038	-1577.073	96.03459	0.8749644	0.5490369	4.309382
12222	-1489.701	-1584.118	94.41634	0.6261811	0.4973161	5.396857
12228	-1493.46	-1586.801	93.34156	0.5160628	0.5798229	5.975401
12234	-1482.568	-1576.544	93.97596	0.5358475	0.6335335	5.57487
12240	-1478.59	-1575.293	96.70285	0.8424165	0.6537119	3.860447
12246	-1483.992	-1579.943	95.95155	0.6479083	0.5935143	4.446617
12252	-1474.068	-1569.445	95.3767	0.6479083	0.8056916	4.613764
12258	-1479.805	-1574.763	94.95775	0.6562723	0.8567483	4.810655
12264	-1490.263	-1585.147	94.88367	0.7347494	0.7393339	4.885685
12270	-1490.955	-1586.762	95.80717	0.9295071	0.5618918	4.39589
12276	-1483.092	-1579.303	96.21105	0.8079491	0.4121451	4.379489
12282	-1491.098	-1587.111	96.0127	0.7799241	0.5860071	4.343869
12288	-1495.83	-1591.099	95.26898	0.5763978	0.5792176	4.880807
12294	-1492.744	-1587.81	95.0655	0.5476291	0.6602208	4.945979
12300	-1484.476	-1580.299	95.82349	0.7209821	0.7228946	4.378186
12306	-1476.376	-1572.841	96.46567	0.7286182	0.5138518	4.179606
12312	-1475.483	-1569.718	94.23533	0.60932	0.5166774	5.488342
12318	-1474.017	-1568.775	94.75814	0.5214792	0.4952666	5.267916
12324	-1489.32	-1582.02	92.69976	0.5222135	0.6429568	6.272159
12330	-1484.368	-1580.692	96.32317	0.8300406	0.4193854	4.29596
12336	-1490.671	-1586.079	95.40856	0.8909597	0.4193854	4.775742
12342	-1499.382	-1594.673	95.29146	0.7005904	0.5416839	4.830985
12348	-1484.084	-1578.463	94.37848	0.5530718	0.5767738	5.389076
12354	-1495.732	-1590.918	95.18523	0.5702583	0.5309922	4.972075
12360	-1482.604	-1575.91	93.30642	0.4686805	0.6065782	5.99903
12366	-1481.034	-1577.911	96.8767	0.9611501	0.6065782	3.730069
12372	-1477.296	-1573.738	96.44123	0.8350211	0.64755	4.019351
12378	-1483.127	-1579.596	96.46891	0.836816	0.6263895	4.019351
12384	-1480.313	-1575.295	94.98245	0.5451492	0.7294285	4.943169
12390	-1498.408	-1591.363	92.95494	0.3919504	0.5536421	6.275058
12396	-1502.023	-1596.533	94.50987	0.7520811	0.6587789	5.141981
12402	-1498.882	-1593.829	94.94727	0.5702461	0.7477578	4.936017
12408	-1495.8	-1591.289	95.489	0.5664767	0.3965188	4.936017
12414	-1485.266	-1580.008	94.74191	0.7358718	0.5518972	5.108074
12420	-1488.731	-1583.953	95.22186	0.595587	0.441487	5.021616
12426	-1485.432	-1581.582	96.15007	0.8483379	0.5031914	4.300516
12432	-1491.631	-1587.542	95.91113	0.6679235	0.544725	4.499577
12438	-1480.861	-1575.279	94.41759	0.7369935	0.5641641	5.276504
12444	-1490.584	-1585.374	94.78973	0.6890947	0.5641641	5.097089
12450	-1482.495	-1577.271	94.77578	0.6198665	0.6208404	5.097089
12456	-1476.359	-1571.693	95.33412	0.4824909	0.5421344	4.928324
12462	-1482.543	-1577.595	95.05199	0.6489261	0.6198462	4.928324
12468	-1487.455	-1584.035	96.58045	0.8315255	0.6678395	3.925921
12474	-1490.316	-1584.76	94.44394	0.6023953	0.4600398	5.429761
12480	-1504.639	-1603.67	99.03082	1.337378	0.444661	2.36741
12486	-1497.683	-1595.766	98.08245	1.175868	0.5847263	2.912012
12492	-1493.621	-1588.895	95.27438	0.7978553	0.6164937	4.723867
12498	-1495.243	-1589.849	94.60581	0.5999809	0.4020377	5.400502
12504	-1491.582	-1586.585	95.00385	0.8656725	0.5581249	4.885106
12510	-1500.689	-1598.648	97.95945	0.9983921	0.3698111	3.3118
12516	-1492.439	-1590.172	97.73265	0.9983921	0.7445677	3.098398
12522	-1486.627	-1582.881	96.2542	0.8050158	0.6687139	4.126643
12528	-1491.378	-1585.39	94.01193	0.6683932	0.7294893	5.412084
12534	-1489.373	-1584.252	94.8794	0.7909522	0.5129219	5.035475
12540	-1487.33	-1582.312	94.98248	0.6400351	0.5429699	5.035475
12546	-1491.003	-1585.051	94.04727	0.7141615	0.9967297	5.201868
12552	-1483.962	-1578.804	94.84215	0.6248747	0.4808839	5.177666
12558	-1484.812	-1579.66	94.84747	0.6660637	0.4540428	5.177666
12564	-1484.585	-1578.836	94.25071	0.451977	0.5100377	5.572306
12570	-1501.016	-1595.558	94.54259	0.7429684	0.7977925	5.031259
12576	-1496.318	-1590.517	94.19884	0.5660692	0.8410366	5.291746
12582	-1499.967	-1596.965	96.99836	1.011449	0.8007703	3.483568
12588	-1506.254	-1603.597	97.3435	0.8840853	0.652493	3.466269
12594	-1492.702	-1587.368	94.66535	0.4789892	0.5846777	5.26517
12600	-1496.518	-1590.916	94.39878	0.6937477	0.4745615	5.390447
12606	-1493.5	-1589.121	95.62136	0.5954273	0.702869	4.577103
12612	-1486.498	-1583.288	96.79057	0.862524	0.5024466	3.928555
12618	-1493.471	-1590.463	96.99211	0.8179173	0.8367209	3.575644
12624	-1490.485	-1587.671	97.18646	0.9395441	0.5400647	3.621146
12630	-1488.98	-1584.942	95.96218	0.782915	0.561907	4.391127
12636	-1490.898	-1585.208	94.30947	0.7767572	0.908958	5.072388
12642	-1488.15	-1583.624	95.47399	0.6430072	0.5546998	4.749965
12648	-1484.766	-1578.704	93.93782	0.5006018	0.6472699	5.604702
12654	-1489.137	-1582.26	93.12307	0.4623284	0.5744656	6.128137
12660	-1496.292	-1590.492	94.1994	0.5956783	0.6836634	5.381486
12666	-1504.918	-1599.173	94.25524	0.6147896	0.4973257	5.491813
12672	-1505.845	-1599.822	93.97703	0.8213365	0.6574203	5.399093
12678	-1505.69	-1600.773	95.08295	0.5468212	0.7194071	4.893378
12684	-1493.756	-1588.543	94.78712	0.5428455	0.8252956	4.988754
12690	-1498.692	-1592.853	94.16131	0.5195038	0.6798626	5.447212
12696	-1488.389	-1583.09	94.70085	0.570686	0.5692595	5.207602
12702	-1483.792	-1580.309	96.51695	0.7460964	0.5942018	4.070081
12708	-1481.231	-1575.529	94.29865	0.5350943	0.5942018	5.428758
12714	-1476.559	-1571.009	94.44964	0.4471745	0.6166001	5.376175
12720	-1482.086	-1576.515	94.42889	0.422673	0.5108217	5.489767
12726	-1473.635	-1568.717	95.08151	0.550728	0.520369	5.04995
12732	-1482.243	-1576.216	93.97267	0.4282785	0.6129228	5.651726
12738	-1485.557	-1580.419	94.86116	0.3487249	0.4947884	5.30687
12744	-1494.573	-1589.537	94.96438	0.4711662	0.5817503	5.106433
12750	-1482.789	-1576.563	93.77443	0.4787816	0.6070967	5.737295
12756	-1487.157	-1583.076	95.91919	0.549054	0.6070967	4.509364
12762	-1473.231	-1567.681	94.4506	0.5098673	0.6253227	5.334244
12768	-1476.951	-1571.485	94.53438	0.4873763	0.5829697	5.334244
12774	-1484.865	-1579.949	95.08347	0.5809952	0.6159137	4.951718
12780	-1488.495	-1584.122	95.62763	0.4604138	0.6159137	4.715485
12786	-1493.462	-1586.363	92.90109	0.2886272	0.5403319	6.371612
12792	-1486.188	-1578.659	92.47038	0.4257056	0.5269357	6.54222
12798	-1490.596	-1585.784	95.18786	0.5101635	0.5630963	4.976308
12804	-1479.166	-1574.242	95.07529	0.5802986	0.5185127	5.038646
12810	-1476.004	-1571.523	95.51823	0.5658464	0.5185127	4.80016
12816	-1486.697	-1581.791	95.09383	0.7237403	0.6720256	4.823231
12822	-1491.502	-1586.657	95.15465	0.8791607	0.4965516	4.848244
12828	-1486.598	-1582.402	95.80362	0.815525	0.560358	4.463451
12834	-1485.886	-1582.58	96.69451	0.8078247	0.6611455	3.879288
12840	-1485.21	-1580.262	95.05194	0.8799688	0.6898967	4.746144
12846	-1480.386	-1575.212	94.82541	0.4880418	0.6330063	5.13314
12852	-1481.88	-1576.985	95.10509	0.5886554	0.506311	5.028475
12858	-1488.084	-1581.714	93.62972	0.3389309	0.6993635	5.823899
12864	-1484.292	-1579.088	94.79599	0.4246803	0.6747688	5.152906
12870	-1483.387	-1578.823	95.43626	0.6908525	0.6224226	4.68845
12876	-1482.581	-1577.147	94.56573	0.484648	0.6947926	5.232475
12882	-1481.004	-1574.941	93.93706	0.4185609	0.563342	5.716671
12888	-1490.876	-1583.843	92.96759	0.6112958	0.563342	6.140827
12894	-1484.393	-1579.037	94.64401	0.4432094	0.5820278	5.298885
12900	-1493.71	-1588.879	95.16946	0.5710007	0.6552652	4.878851
12906	-1498.314	-1591.708	93.39415	0.5277751	0.5037963	6.005203
12912	-1496.461	-1590.32	93.85901	0.4899733	0.3824097	5.891591
12918	-1485.699	-1581.396	95.69699	0.5259383	0.3801137	4.860732
12924	-1494.705	-1592.807	98.10283	1.03555	0.8930986	2.748508
12930	-1490.164	-1588.714	98.54964	1.262232	0.4305859	2.729493
12936	-1483.511	-1581.655	98.14358	1.262232	0.6640325	2.754363
12942	-1491.643	-1586.9	95.25693	0.9877864	1.16234	4.285012
12948	-1485.281	-1580.539	95.25823	0.7717136	0.7265925	4.664809
12954	-1488.627	-1583.985	95.35735	0.6879273	0.5208772	4.819685
12960	-1474.368	-1569.521	95.15252	0.7310167	0.5208772	4.909821
12966	-1480.608	-1574.588	93.9792	0.7622856	0.725789	5.380959
12972	-1481.198	-1577.514	96.31632	0.7622856	0.4799092	4.277172
12978	-1494.998	-1589.889	94.89112	0.7941559	0.4784391	5.059032
12984	-1481.862	-1578.815	96.95336	0.7053602	0.5281656	3.901457
12990	-1479.102	-1575.884	96.78243	0.7754078	0.5070019	3.978796
12996	-1479.972	-1575.197	95.22507	0.745001	0.4777719	4.901376
13002	-1484.831	-1581.399	96.56834	0.8433192	0.4777719	4.090108
13008	-1490.358	-1586.852	96.49401	0.8402218	0.5246596	4.090108
13014	-1494.105	-1591.729	97.62408	0.8660428	0.5856117	3.368223
13020	-1488.806	-1585.452	96.64606	0.8255504	0.5594519	3.980675
13026	-1490.251	-1585.715	95.46373	0.6802055	0.427741	4.853905
13032	-1492.431	-1588.379	95.94792	0.8401141	0.5069569	4.415846
13038	-1482.936	-1577.919	94.9831	0.506332	0.569911	5.086383
13044	-1478.234	-1572.626	94.39227	0.5638543	0.569911	5.381211
13050	-1475.975	-1572.11	96.13495	0.6427791	0.6350576	4.312463
13056	-1480.954	-1576.291	95.33629	0.7457234	0.6975022	4.656588
13062	-1496.148	-1591.419	95.271	0.713816	0.590841	4.793454
13068	-1491.345	-1585.239	93.89341	0.595313	0.7034123	5.535874
13074	-1485.198	-1580.4	95.20212	0.8287469	0.6589868	4.713921
13080	-1488.012	-1582.567	94.5555	0.46474	0.537512	5.373362
13086	-1499.435	-1595.416	95.98091	0.8198313	0.537512	4.381023
13092	-1491.141	-1585.716	94.57533	0.4263041	0.5609686	5.3636
13098	-1493.549	-1589.102	95.5531	0.5008701	0.545033	4.793519
13104	-1479.619	-1574.31	94.69135	0.6254867	0.4588627	5.281719
13110	-1475.027	-1570.327	95.29976	0.8781228	0.6050599	4.673935
13116	-1486.974	-1584.174	97.19956	0.8715822	0.5099718	3.68079
13122	-1477.578	-1572.496	94.91854	0.5360478	0.8110277	4.928666
13128	-1473.094	-1568.635	95.54109	0.7970045	0.6195684	4.572461
13134	-1484.481	-1578.734	94.25284	0.7112472	0.7184739	5.263249
13140	-1481.196	-1575.696	94.49939	0.652219	0.4809793	5.351837
13146	-1479.935	-1575.356	95.42114	0.6434119	0.6505766	4.7015
13152	-1470.697	-1565.431	94.73401	0.6813646	0.6505766	5.063145
13158	-1470.072	-1566.623	96.55099	0.735716	0.4816596	4.157441
13164	-1479.205	-1573.766	94.56035	0.6257287	0.6810622	5.167417
13170	-1478.329	-1575.757	97.42749	0.8028544	0.6138911	3.496195
13176	-1479.228	-1574.43	95.20239	0.9551742	0.83544	4.519767
13182	-1475.047	-1571.614	96.56696	0.9570203	0.6549445	3.871702
13188	-1476.436	-1571.944	95.50845	0.7316871	0.4978519	4.731854
13194	-1483.419	-1578.562	95.14284	0.7864022	0.8186347	4.658745
13200	-1486.086	-1581.431	95.34588	0.4103786	0.406347	5.0917
13206	-1486.916	-1580.14	93.2236	0.3876707	0.4953323	6.182046
13212	-1482.786	-1576.315	93.52959	0.3524732	0.7152419	5.860033
13218	-1488.355	-1584.137	95.78196	0.4711569	0.7174246	4.546177
13224	-1487.613	-1582.702	95.08915	0.6171141	0.5019906	5.02547
13230	-1486.708	-1582.065	95.35722	0.6400041	0.5156668	4.851169
13236	-1489.014	-1580.762	91.74818	0.5438619	0.6121961	6.799118
13242	-1492.893	-1586.696	93.80278	0.4508258	0.4835644	5.842505
13248	-1484.307	-1578.715	94.40748	0.636548	0.4592947	5.431753
13254	-1484.424	-1580.283	95.85902	0.7227387	0.4309946	4.605768
13260	-1482.641	-1577.186	94.54517	0.6632767	0.7135712	5.131539
13266	-1483.308	-1580.101	96.79343	0.8234553	0.6005209	3.862359
13272	-1486.869	-1583.875	97.00599	0.960565	0.6005209	3.660714
13278	-1485.637	-1581.38	95.74308	1.134446	0.363892	4.512701
13284	-1485.972	-1583.63	97.65758	1.048024	0.6596265	3.179166
13290	-1485.453	-1583.069	97.61647	1.053926	0.507979	3.333193
13296	-1488.15	-1584.464	96.31353	0.9578093	0.7078708	3.976222
13302	-1477.922	-1573.252	95.32933	0.7996704	0.7636942	4.583414
13308	-1481.641	-1577.774	96.1331	0.8272274	0.6763145	4.17707
13314	-1483.799	-1578.815	95.01587	0.6307885	0.3754411	5.185931
13320	-1483.503	-1579.609	96.1057	0.7874478	0.6309733	4.250362
13326	-1492.016	-1588.3	96.28362	0.7131859	0.6309733	4.191569
13332	-1486.018	-1582.939	96.92166	0.558468	0.3837805	4.149371
13338	-1474.385	-1569.489	95.10403	0.660545	0.3426899	5.158232
13344	-1479.645	-1576.004	96.35871	0.7451893	0.4673326	4.275079
13350	-1489.17	-1583.607	94.43703	0.564586	0.4493159	5.464805
13356	-1485.578	-1579.445	93.86652	0.6674515	0.4338772	5.73683
13362	-1479.058	-1574.28	95.2221	0.4955309	0.6586304	4.889015
13368	-1477.198	-1573.4	96.20192	0.6129279	0.5295716	4.380144
13374	-1481.605	-1577.73	96.12539	0.7442651	0.4958449	4.380144
13380	-1489.261	-1584.425	95.16334	0.7970409	0.5309396	4.858071
13386	-1484.933	-1579.834	94.90106	0.6684413	0.8212097	4.858071
13392	-1488.053	-1583.582	95.52852	0.7123344	0.5801391	4.65914
13398	-1483.1	-1579.038	95.9381	0.7802992	0.6353891	4.345743
13404	-1488.344	-1581.997	93.65262	0.5609405	0.5846619	5.776953
13410	-1479.536	-1576.369	96.83283	0.784892	0.5945092	3.866917
13416	-1475.74	-1571.017	95.27682	0.7656031	0.5883778	4.76331
13422	-1489.817	-1585.331	95.51401	0.5894884	0.6225141	4.701591
13428	-1489.853	-1583.352	93.49962	0.5186971	0.5074835	5.949309
13434	-1476.943	-1571.973	95.02937	0.5856383	0.6113664	4.982829
13440	-1478.478	-1573.911	95.43253	0.4531243	0.5243029	4.905584
13446	-1467.036	-1562.785	95.74927	0.646039	0.5243029	4.620858
13452	-1467.013	-1562.379	95.36564	0.6485977	0.5015333	4.854558
13458	-1482.997	-1576.944	93.94643	0.7632577	0.7555061	5.378029
13464	-1491.242	-1584.879	93.63657	0.8273084	0.7569038	5.512411
13470	-1495.22	-1590.53	95.31049	0.7917173	0.8601495	4.535176
13476	-1484.269	-1580.107	95.83796	0.7812436	0.5173533	4.501404
13482	-1480.284	-1575.513	95.22857	0.5959629	0.7087819	4.792384
13488	-1478.818	-1573.843	95.02493	0.5095414	0.6885341	4.968672
13494	-1480.086	-1574.182	94.09631	0.6163902	0.6030376	5.488296
13500	-1487.984	-1583.504	95.51971	0.7352662	0.4946733	4.726509
13506	-1485.241	-1579.608	94.36676	0.4600472	0.4881398	5.524023
13512	-1478.308	-1573.92	95.61182	0.6968839	0.5017399	4.689903
13518	-1473.411	-1569.209	95.79795	0.5573185	0.434006	4.729522
13524	-1481.513	-1576.964	95.45139	0.7736058	0.5708583	4.675806
13530	-1486.575	-1580.943	94.36812	0.5948939	0.6437244	5.318657
13536	-1481.066	-1576.855	95.7899	0.8096775	0.7993904	4.294092
13542	-1476.586	-1573.499	96.913	0.9048037	0.508915	3.827919
13548	-1489.912	-1588.484	98.57218	0.8959173	0.508915	2.856393
13554	-1489.481	-1586.32	96.83892	1.126421	1.382725	3.184292
13560	-1483.191	-1580.104	96.91267	0.9826735	0.9049683	3.481851
13566	-1493.294	-1591.804	98.51062	1.101068	0.3668617	2.925944
13572	-1483.699	-1581.46	97.7606	1.069528	0.5779357	3.174271
13578	-1486.159	-1583.499	97.34084	1.069528	0.5797956	3.420055
13584	-1474.075	-1569.83	95.75501	0.7869746	0.6247732	4.453664
13590	-1471.639	-1567.574	95.93499	0.8809388	0.6969271	4.243563
13596	-1475.522	-1571.61	96.08774	0.8034738	0.6820607	4.211964
13602	-1476.924	-1572.956	96.03175	0.9742554	0.7716962	4.08213
13608	-1478.201	-1575.915	97.7146	0.838272	0.5160172	3.394534
13614	-1483.619	-1581.659	98.04042	0.7111231	0.3912893	3.407832
13620	-1473.833	-1569.27	95.43619	0.8453154	0.4788323	4.7266
13626	-1477.79	-1573.368	95.57797	0.785585	0.8553561	4.39104
13632	-1496.177	-1590.902	94.72556	0.686503	0.4543518	5.233491
13638	-1499.213	-1596.024	96.81051	0.8952702	1.013	3.527352
13644	-1478.902	-1573.661	94.75887	0.4850099	0.4731851	5.308271
13650	-1488.237	-1582.818	94.58168	0.7359081	0.4316071	5.308271
13656	-1492.744	-1588.852	96.10811	0.7642905	0.7433031	4.17798
13662	-1479.038	-1575.765	96.72678	0.7272415	0.5432568	4.005019
13668	-1483.513	-1580.13	96.61603	0.7081007	0.5728322	4.053319
13674	-1491.805	-1586.22	94.41513	0.7172147	0.5376787	5.311374
13680	-1485.034	-1581.569	96.53561	0.8154184	0.547869	4.05971
13686	-1485.486	-1582.095	96.60918	0.7976393	0.465432	4.104966
13692	-1486.698	-1585.511	98.81291	1.052586	0.7264281	2.418735
13698	-1479.657	-1578.074	98.41724	1.052586	0.7197219	2.670309
13704	-1485.472	-1584.372	98.89996	1.148621	0.896818	2.174184
13710	-1485.241	-1584.064	98.82316	1.311418	0.5012104	2.453444
13716	-1479.781	-1576.77	96.98905	1.062629	0.7217559	3.515594
13722	-1486.806	-1583.66	96.85404	0.8620685	0.7217559	3.710333
13728	-1496.998	-1590.914	93.91604	0.6483053	0.6949619	5.500344
13734	-1491.36	-1585.522	94.16162	0.8612392	0.6528418	5.278692
13740	-1489.883	-1585.131	95.24785	0.6778911	0.3940518	5.010799
13746	-1491.605	-1586.682	95.07701	0.7109674	0.5707795	4.919807
13752	-1495.125	-1590.936	95.81042	0.7209818	0.5722012	4.502736
13758	-1488.853	-1583.896	95.04309	0.6482533	0.580581	4.9654
13764	-1489.022	-1585.416	96.39332	0.7513687	0.5739795	4.154511
13770	-1482.933	-1579.491	96.55805	0.8237085	0.5638843	4.028151
13776	-1482.535	-1578.463	95.92819	0.6209924	0.3777278	4.681172
13782	-1485.382	-1581.611	96.22857	0.8070088	0.792563	4.050994
13788	-1490.45	-1584.064	93.61401	0.9495411	1.040091	5.287597
13794	-1490.678	-1584.395	93.71634	0.5299291	0.7953389	5.606482
13800	-1493.755	-1586.575	92.82055	0.5071323	0.5154392	6.318233
13806	-1490.148	-1582.605	92.4568	0.4947522	0.7875474	6.318233
13812	-1487.773	-1583.618	95.84459	0.7209459	0.5000852	4.547426
13818	-1491.04	-1588.187	97.14746	0.9816638	0.8189536	3.401333
13824	-1491.1	-1588.667	97.56767	0.8319131	0.5874721	3.419701
13830	-1492.496	-1589.574	97.0776	0.8756626	0.7766355	3.533324
13836	-1489.909	-1586.917	97.00802	0.7002061	0.5219295	3.878771
13842	-1487.473	-1584.048	96.57526	0.9700357	0.4278775	4.064336
13848	-1476.517	-1572.45	95.93244	0.7635428	0.6424933	4.352825
13854	-1481.764	-1576.744	94.98077	0.7617877	0.6018265	4.919544
13860	-1476.967	-1572.901	95.93355	0.6725071	0.4589582	4.563998
13866	-1478.884	-1574.53	95.64612	0.7940579	0.5715822	4.554533
13872	-1494.155	-1590.555	96.40036	0.8037864	0.6812908	4.034483
13878	-1493.584	-1588.378	94.79389	0.5228768	0.5532464	5.196081
13884	-1487.061	-1582.682	95.62068	0.7248287	0.4301859	4.738883
13890	-1492.138	-1587.468	95.33039	0.7251948	0.6093632	4.738883
13896	-1495.314	-1591.739	96.42451	0.7116927	0.649196	4.097924
13902	-1491.405	-1586.362	94.95627	0.7032309	0.5789654	4.984435
13908	-1483.509	-1579.208	95.69973	0.6043119	0.5789654	4.624715
13914	-1490.252	-1584.969	94.71673	0.3130903	0.5389637	5.366822
13920	-1484.814	-1579.387	94.57341	0.4317024	0.5956368	5.333138
13926	-1477.996	-1573.586	95.59031	0.7931532	0.6158425	4.54996
13932	-1476.673	-1573.124	96.45124	0.7931532	0.6158425	4.062882
13938	-1480.78	-1577.334	96.5544	0.7986709	0.6663672	3.960783
13944	-1477.741	-1572.621	94.88009	0.8252392	0.595326	4.945528
13950	-1496.56	-1589.779	93.21894	0.3014694	0.475802	6.249373
13956	-1486.413	-1581.762	95.34855	0.6720043	0.677112	4.706044
13962	-1478.677	-1574.567	95.89049	0.811819	0.5770911	4.402342
13968	-1479.649	-1573.423	93.7746	0.6365155	0.446277	5.791826
13974	-1468.349	-1563.313	94.9631	0.9000104	0.527801	4.915025
13980	-1471.584	-1566.684	95.10053	0.9000104	0.6157458	4.764532
13986	-1475.629	-1572.722	97.0928	1.023636	0.5740059	3.5965
13992	-1474.284	-1571.56	97.27673	0.9655134	0.7168394	3.40789
13998	-1479.621	-1575.154	95.5328	0.8628719	0.736946	4.452089
14004	-1477.071	-1573.641	96.57012	0.6929279	0.5692048	4.091254
14010	-1471.823	-1568.749	96.92594	0.7623774	0.4845293	3.925505
14016	-1470.952	-1568.655	97.70287	0.9827337	0.5853151	3.25335
14022	-1475.507	-1571.478	95.97111	1.008936	0.7287874	4.127136
14028	-1487.088	-1584.085	96.99665	0.9154041	0.721017	3.597373
14034	-1480.594	-1575.464	94.87045	0.6237065	0.5414019	5.108035
14040	-1486.126	-1580.67	94.54348	0.4667778	0.8599389	5.144275
14046	-1478.373	-1573.064	94.69055	0.6896361	0.5532266	5.161001
14052	-1484.423	-1578.783	94.36078	0.6335601	0.8472453	5.161001
14058	-1479.686	-1574.856	95.16986	0.5964378	0.5974719	4.909855
14064	-1488.062	-1583.724	95.66118	0.849609	0.6865422	4.423743
14070	-1480.946	-1575.835	94.88883	0.5734025	0.5757871	5.096568
14076	-1479.54	-1574.903	95.36286	0.6553685	0.5056514	4.848556
14082	-1487.158	-1581.987	94.82898	0.6560807	0.6755327	5.005707
14088	-1489.679	-1585.43	95.75085	0.6740784	0.6755327	4.480333
14094	-1497.345	-1592.479	95.13424	0.8502611	0.4871544	4.884481
14100	-1486.958	-1581.758	94.80014	0.6501292	0.56649	5.110963
14106	-1484.423	-1580.484	96.06129	0.8151324	0.6254131	4.264264
14112	-1495.584	-1590.811	95.22741	1.019945	0.4075385	4.817324
14118	-1500.634	-1596.029	95.3956	0.5158928	0.6263923	4.805818
14124	-1490.972	-1586.181	95.20968	0.7848727	0.6805127	4.718053
14130	-1493.957	-1589.813	95.85619	0.5816514	0.4852516	4.632986
14136	-1494.868	-1589.109	94.24087	0.4334893	0.6886988	5.444328
14142	-1494.122	-1589.119	94.99667	0.6553555	0.5973062	4.973561
14148	-1486.711	-1583.563	96.8523	0.7322519	0.5973062	3.883613
14154	-1488.443	-1583.756	95.31328	0.5458496	0.4880237	4.953446
14160	-1499.989	-1595.306	95.31641	0.699264	0.7076599	4.686353
14166	-1493.037	-1588.785	95.74803	0.6686284	0.472818	4.65672
14172	-1489.192	-1585.094	95.90227	0.8480417	0.6724932	4.299017
14178	-1478.412	-1572.384	93.97121	0.6694167	0.5865797	5.541167
14184	-1479.094	-1574.558	95.46328	0.8398478	0.8639456	4.419698
14190	-1485.659	-1582.849	97.19063	1.055133	0.6504265	3.457303
14196	-1491.415	-1588.56	97.14454	1.080208	0.7179669	3.417293
14202	-1491.905	-1588.684	96.77924	0.8081517	0.7179669	3.787383
14208	-1481.382	-1577.247	95.8652	0.6006879	0.6572081	4.471189
14214	-1496.285	-1593.608	97.32302	1.021321	0.5161556	3.516312
14220	-1492.197	-1589.323	97.12582	0.9973118	0.5188071	3.642389
14226	-1493.298	-1588.83	95.53224	1.025347	0.6388393	4.43377
14232	-1483.213	-1579.096	95.88374	0.774548	0.5692825	4.43377
14238	-1482.99	-1578.644	95.6538	0.9291465	0.4759601	4.560438
14244	-1480.168	-1575.965	95.79694	0.7112632	0.5210498	4.560438
14250	-1495.752	-1589.902	94.1504	0.6285116	0.7894977	5.317139
14256	-1487.726	-1582.714	94.98856	0.5654658	0.6305945	5.001561
14262	-1478.858	-1574.159	95.30178	0.509773	0.6034905	4.879787
14268	-1485.677	-1580.115	94.43739	0.3615298	0.506973	5.522176
14274	-1481.369	-1577.888	96.51881	0.812216	0.4015269	4.214377
14280	-1485.948	-1580.954	95.00599	0.6430105	0.3882716	5.170509
14286	-1487.019	-1585.021	98.0025	0.8661425	0.8102271	2.968616
14292	-1481.194	-1577.727	96.53274	0.8676279	0.6479827	3.948044
14298	-1478.212	-1573.278	95.06658	0.6786154	0.5348926	4.974366
14304	-1486.19	-1580.474	94.28451	0.3387055	0.5942139	5.544562
14310	-1488.822	-1586.245	97.42207	1.083597	0.9025564	3.123725
14316	-1490.002	-1586.87	96.86796	0.6463363	0.4625087	4.046617
14322	-1485.197	-1580.127	94.93012	0.3561821	0.4882756	5.270688
14328	-1482.448	-1576.592	94.14433	0.4584319	0.5523938	5.590306
14334	-1485.892	-1579.647	93.75515	0.4584319	0.6270322	5.74344
14340	-1486.877	-1581.101	94.2247	0.5779807	0.7739188	5.314343
14346	-1484.986	-1578.873	93.8867	0.6093143	0.5273855	5.670386
14352	-1489.694	-1583.567	93.87277	0.4536025	0.4648825	5.820237
14358	-1484.994	-1580.346	95.35187	0.6721594	0.680707	4.70142
14364	-1480.614	-1577.289	96.67565	0.6520524	0.4698752	4.145602
14370	-1483.203	-1580.455	97.25178	0.940805	0.6144183	3.517775
14376	-1482.521	-1579.604	97.08273	0.8256391	0.7883756	3.551263
14382	-1481.874	-1578.19	96.31534	0.6877134	0.6792805	4.150545
14388	-1478.958	-1574.356	95.39862	0.8754694	0.5239026	4.689122
14394	-1479.489	-1577.142	97.65288	1.14642	0.4945331	3.270312
14400	-1481.933	-1578.884	96.95115	0.6674079	0.5538292	3.90146
14406	-1487.03	-1584.385	97.35531	0.8843953	0.6348514	3.473436
14412	-1488.254	-1583.875	95.62039	0.6995073	0.8295029	4.432223
14418	-1484.118	-1580.306	96.18823	0.6334652	0.4696533	4.432223
14424	-1486.145	-1583.559	97.41485	0.8359492	0.556471	3.533826
14430	-1495.946	-1591.819	95.87279	0.7204955	0.5176052	4.515747
14436	-1490.612	-1587.027	96.41497	0.7945328	0.5176052	4.167514
14442	-1484.162	-1580.564	96.40266	0.6980823	0.5512167	4.199151
14448	-1489.932	-1586.876	96.9447	0.9055441	0.7857212	3.586902
14454	-1490.012	-1585.913	95.90054	0.7484081	0.6456399	4.376931
14460	-1484.513	-1579.864	95.35125	0.6730565	0.4701204	4.878484
14466	-1480.531	-1575.651	95.12063	0.5469348	0.3822824	5.166791
14472	-1478.972	-1575.008	96.0354	0.7673553	0.5740564	4.348201
14478	-1482.921	-1578.248	95.32723	0.6730102	0.5740564	4.798759
14484	-1481.445	-1577.438	95.99289	0.7070975	0.3774617	4.59696
14490	-1484.293	-1580.139	95.84579	0.6371414	0.6403164	4.474663
14496	-1494.896	-1590.845	95.94882	0.7079553	0.5221088	4.475952
14502	-1489.138	-1583.616	94.47775	0.5201451	0.5118621	5.408276
14508	-1480.854	-1574.171	93.31665	0.6055333	0.5118621	5.997866
14514	-1498.156	-1593.918	95.76184	0.498237	0.457139	4.759566
14520	-1494.418	-1590.048	95.62975	0.5310104	0.7347194	4.585727
14526	-1490.678	-1585.766	95.088	0.739441	0.5311897	4.931882
14532	-1485.491	-1579.022	93.53051	0.4006316	0.5360124	5.971894
14538	-1478.652	-1572.909	94.25773	0.5323485	0.5246207	5.511334
14544	-1488.233	-1582.103	93.87017	0.3771223	0.527254	5.806732
14550	-1477.531	-1571.9	94.36906	0.5131784	0.4754278	5.505403
14556	-1483.412	-1579.058	95.64579	0.6647594	0.6040848	4.600372
14562	-1478.135	-1571.992	93.85645	0.5595179	0.5961821	5.656767
14568	-1482.498	-1576.24	93.74214	0.6443992	0.4801163	5.772977
14574	-1472.013	-1565.968	93.95439	0.557401	0.5871438	5.611471
14580	-1486.068	-1581.977	95.90886	0.899882	0.4462339	4.462709
14586	-1483.059	-1579.158	96.09887	0.8539771	0.3705188	4.462709
14592	-1484.493	-1578.584	94.09041	0.6255232	0.630757	5.464776
14598	-1485.912	-1581.72	95.80776	0.7797727	0.6690502	4.3936
14604	-1488.25	-1581.197	92.9467	0.4367316	0.7442456	6.112099
14610	-1482.787	-1577.997	95.21064	0.8671929	0.3623855	4.961505
14616	-1480.727	-1577.348	96.62099	0.7042905	0.5986691	4.030858
14622	-1469.094	-1563.853	94.75932	0.6804793	0.4713424	5.201764
14628	-1471.636	-1566.046	94.40994	0.6171546	0.4810037	5.420443
14634	-1478.1	-1573.793	95.69338	0.8063647	0.5585364	4.532184
14640	-1485.002	-1581.4	96.39762	0.9017461	0.4729782	4.15867
14646	-1476.304	-1571.718	95.41384	0.8633253	0.4506262	4.756456
14652	-1476.06	-1570.101	94.0409	0.5342454	0.5430561	5.613419
14658	-1482.308	-1576.177	93.86896	0.5635154	0.6400853	5.613419
14664	-1487.944	-1583.112	95.16774	0.5947389	0.560337	4.942807
14670	-1484.126	-1578.37	94.24418	0.4821719	0.4733338	5.593035
14676	-1483.805	-1579.093	95.28829	0.8556978	0.5075717	4.776632
14682	-1489.581	-1583.931	94.34963	0.6065927	0.4532199	5.485969
14688	-1484.418	-1578.499	94.08165	0.5495158	0.6771835	5.476497
14694	-1486.624	-1580.663	94.03906	0.570609	0.6089171	5.540281
14700	-1478.296	-1572.629	94.33224	0.618794	0.6125307	5.349482
14706	-1485.573	-1580.17	94.59632	0.5427332	0.4909589	5.349482
14712	-1482.775	-1578.671	95.89615	0.467447	0.5402027	4.624529
14718	-1477.714	-1571.611	93.89757	0.4063409	0.5137464	5.787632
14724	-1488.183	-1583.85	95.66641	0.5071042	0.5264789	4.743072
14730	-1476.465	-1571.551	95.08603	0.6327005	0.5264789	4.99649
14736	-1483.273	-1579.239	95.96593	0.7814174	0.3792417	4.568379
14742	-1484.486	-1579.85	95.36406	0.673776	0.3973605	4.944921
14748	-1481.5	-1577.529	96.02872	0.6947871	0.5914053	4.378413
14754	-1482.812	-1578.397	95.58508	0.6156157	0.545168	4.711416
14760	-1502.692	-1598.777	96.08555	0.742357	0.4912131	4.408058
14766	-1508.008	-1603.604	95.59585	0.5286903	0.5596363	4.741525
14772	-1493.881	-1589.162	95.281	0.4730904	0.5801755	4.930834
14778	-1492.242	-1586.949	94.70692	0.3956788	0.5739628	5.297046
14784	-1499.122	-1593.897	94.77526	0.3339263	0.5739628	5.293406
14790	-1504.728	-1598.01	93.28248	0.4738266	0.6562275	5.971299
14796	-1491.412	-1587.183	95.77027	0.6304096	0.5922466	4.559469
14802	-1489.711	-1585.551	95.84001	0.6340142	0.6714107	4.455799
14808	-1493.361	-1587.665	94.30424	0.5643296	0.6060675	5.400071
14814	-1487.19	-1581.951	94.76117	0.5569048	0.6852991	5.09118
14820	-1495.266	-1589.621	94.35421	0.712009	0.3510661	5.533659
14826	-1489.235	-1584.697	95.46221	0.5335836	0.6219878	4.762223
14832	-1486.337	-1581.866	95.52853	0.4672696	0.6219878	4.762223
14838	-1484.78	-1579.852	95.07166	0.4553384	0.7138556	4.954524
14844	-1485.148	-1579.529	94.38057	0.5346792	0.4140727	5.547781
14850	-1482.824	-1577.686	94.86283	0.5579366	0.5052796	5.180727
14856	-1494.155	-1590.813	96.65798	0.5567053	0.5052796	4.175965
14862	-1487.291	-1584.769	97.47777	1.032621	0.4678994	3.466514
14868	-1492.47	-1587.359	94.88852	0.959745	0.5562865	4.898512
14874	-1501.13	-1596.866	95.73607	0.7066989	0.6942105	4.456389
14880	-1487.246	-1581.594	94.34742	0.6816652	0.715772	5.229235
14886	-1487.989	-1583.137	95.14849	0.5943387	0.715772	4.832964
14892	-1495.624	-1590.834	95.20925	0.4334001	0.5511415	5.017255
14898	-1495.02	-1588.685	93.66565	0.2485124	0.508309	6.005405
14904	-1501.227	-1595.604	94.37773	0.6712972	0.7663939	5.183245
14910	-1489.207	-1583.686	94.47912	0.4541684	0.5739461	5.390452
14916	-1486.577	-1581.611	95.03316	0.8417082	0.4289369	5.002407
14922	-1480.402	-1575.451	95.04842	0.651367	0.6619082	4.896473
14928	-1478.525	-1573.753	95.2277	0.5974488	0.5739379	4.896473
14934	-1483.043	-1578.029	94.98617	0.7707495	0.6207033	4.896473
14940	-1487.881	-1583.33	95.44984	0.5979685	0.692749	4.679225
14946	-1490.444	-1585.544	95.0996	0.4929637	0.5122346	5.079255
14952	-1487.915	-1581.507	93.59235	0.6560678	0.6184154	5.731039
14958	-1485.947	-1579.653	93.70549	0.6733138	0.4707279	5.786013
14964	-1486.878	-1581.55	94.67223	0.6778007	0.5579974	5.173642
14970	-1489.601	-1584.677	95.07538	0.521238	0.5579974	5.036957
14976	-1489.925	-1584.481	94.55571	0.6724701	0.4327495	5.356451
14982	-1478.988	-1573.6	94.6125	0.421007	0.5486647	5.356451
14988	-1483.768	-1579.403	95.63493	0.5246189	0.504528	4.770728
14994	-1482.615	-1576.993	94.37836	0.6543507	0.5972366	5.31662
15000	-1482.515	-1577.476	94.96103	0.5349218	0.4803622	5.162145
15006	-1496.21	-1590.668	94.45764	0.249499	0.6514109	5.453856
15012	-1485.302	-1579.583	94.28104	0.4188571	0.656712	5.453856
15018	-1490.32	-1584.135	93.81528	0.4777931	0.656712	5.677349
15024	-1492.561	-1588.56	95.99858	0.4972374	0.7069859	4.417134
15030	-1496.122	-1591.812	95.69037	0.6322753	0.4594346	4.72234
15036	-1496.092	-1592.132	96.04004	0.6897295	0.4989495	4.456107
15042	-1492.983	-1589.336	96.3525	0.7563077	0.3787955	4.365365
15048	-1485.336	-1580.64	95.30441	0.6789194	0.4765359	4.895169
15054	-1488.032	-1583.588	95.55603	0.4324616	0.4996218	4.870665
15060	-1487.309	-1582.169	94.86046	0.5296038	0.4996218	5.202868
15066	-1485.751	-1581.448	95.69656	0.8879806	0.4996218	4.537177
15072	-1488.435	-1585.464	97.02956	0.7769169	0.5439559	3.802271
15078	-1489.253	-1585.034	95.78091	0.7769169	0.652623	4.422921
15084	-1489.231	-1584.86	95.62893	0.7590437	0.5963363	4.56324
15090	-1489.785	-1588.045	98.25998	1.009314	0.704899	2.804633
15096	-1476.975	-1575.148	98.17371	1.318043	0.7657194	2.621438
15102	-1480.323	-1578.825	98.50221	1.105509	0.876122	2.46965
15108	-1482.58	-1580.937	98.35747	1.242424	0.7244243	2.586297
15114	-1488.178	-1587.699	99.52094	1.453548	0.9359858	1.507088
15120	-1487.383	-1587.062	99.67929	1.486918	0.7506843	1.521394
15126	-1488.53	-1587.947	99.41709	1.387139	0.6791547	1.844537
15132	-1483.829	-1582.145	98.31657	1.440393	1.311809	2.111302
15138	-1485.725	-1583.915	98.18999	1.408559	0.7544196	2.563864
15144	-1490.153	-1585.091	94.93842	0.2000255	0.6777284	5.196231
15150	-1490.886	-1584.387	93.50087	0.3370572	0.6121368	5.960387
15156	-1497.389	-1590.997	93.60788	0.4814015	0.7198169	5.74345
15162	-1490.207	-1584.936	94.72934	0.5512191	0.3928841	5.369055
15168	-1496.54	-1591.786	95.24628	0.7169872	0.4519097	4.9302
15174	-1480.664	-1575.428	94.76446	0.4712315	0.5727248	5.224539
15180	-1479.61	-1572.747	93.13756	0.4460649	0.6283354	6.086509
15186	-1484.666	-1577.717	93.05064	0.4718092	0.6024442	6.139952
15192	-1496.246	-1589.931	93.68455	0.629043	0.6792392	5.649464
15198	-1491.405	-1585.472	94.06651	0.4298732	0.4127731	5.778842
15204	-1488.271	-1583.892	95.6209	0.5676027	0.50696	4.752323
15210	-1487.597	-1582.412	94.81503	0.4577543	0.6445545	5.146774
15216	-1501.63	-1596.067	94.43677	0.596261	0.8358132	5.146774
15222	-1501.365	-1596.359	94.99414	0.569298	0.9260715	4.79672
15228	-1491.082	-1586.584	95.50145	0.5924827	0.5399757	4.775616
15234	-1487.149	-1582.508	95.3588	0.4141804	0.6542707	4.861488
15240	-1490.186	-1586.379	96.1935	0.6063417	0.6444907	4.292545
15246	-1493.746	-1589.538	95.79165	0.6127954	0.5151023	4.624041
15252	-1494.962	-1591.158	96.19676	0.5991849	0.5661612	4.358775
15258	-1491.621	-1586.953	95.33228	0.8070813	0.553879	4.738172
15264	-1480.104	-1575.492	95.3879	0.6899813	0.5948663	4.738172
15270	-1492.015	-1586.868	94.85303	0.5920305	0.6894101	5.017711
15276	-1481.626	-1576.511	94.88442	0.4946599	0.6894101	5.054337
15282	-1488.054	-1582.733	94.67907	0.3960411	0.597889	5.292686
15288	-1485.726	-1580.045	94.31913	0.439865	0.597889	5.466943
15294	-1489.979	-1585.348	95.36858	0.7435695	0.597889	4.716543
15300	-1490.031	-1585.689	95.6578	0.880151	0.8325245	4.307146
15306	-1484.789	-1580.089	95.29969	0.6427993	0.5034713	4.892752
15312	-1484.932	-1579.691	94.75875	0.5968879	0.5134759	5.209357
15318	-1487.737	-1580.76	93.02353	0.5618701	0.5979747	6.109216
15324	-1488.416	-1581.429	93.01307	0.5723321	0.5979747	6.109216
15330	-1485.067	-1580.785	95.718	0.5982892	0.4497872	4.735424
15336	-1486.768	-1583.223	96.45501	0.7877217	0.7074858	3.992861
15342	-1486.22	-1582.451	96.23097	0.8597912	0.7074858	4.079595
15348	-1483.021	-1577.479	94.45823	0.5882686	0.5943519	5.311332
15354	-1483.311	-1577.911	94.5999	0.713767	0.6664472	5.107571
15360	-1483.43	-1578.386	94.95609	0.6679158	0.6664472	4.93524
15366	-1489.109	-1584.11	95.00069	0.7008565	0.6664472	4.892081
15372	-1482.549	-1578.301	95.75143	0.8373663	0.4183947	4.614898
15378	-1484.089	-1577.224	93.13519	0.6830023	0.7268717	5.886844
15384	-1495.451	-1589.984	94.53327	0.5958526	0.6106151	5.252683
15390	-1487.594	-1582.252	94.65879	0.4990296	0.5354111	5.299283
15396	-1490.56	-1583.768	93.20833	0.5520909	0.5366457	6.064447
15402	-1483.205	-1577.24	94.03528	0.5832031	0.6837467	5.47868
15408	-1496.423	-1590.638	94.2147	0.4781872	0.5158596	5.572494
15414	-1500.246	-1594.498	94.25258	0.655939	0.4314645	5.533736
15420	-1494.039	-1588.947	94.90704	0.5104597	0.4314645	5.253237
15426	-1489.402	-1584.497	95.09478	0.6217964	0.5791058	4.95259
15432	-1497.098	-1593.17	96.07241	0.5750613	0.4561121	4.543551
15438	-1497.59	-1593.185	95.59509	0.771174	0.6361258	4.543551
15444	-1500.658	-1596.32	95.66258	0.9012687	0.5052956	4.543551
15450	-1487.302	-1583.455	96.15225	0.8685708	0.5825566	4.217575
15456	-1486.999	-1582.004	95.00535	0.7665291	0.70219	4.826525
15462	-1489.733	-1584.8	95.06635	0.7719869	0.5574106	4.903077
15468	-1490.743	-1584.82	94.07672	0.5992409	0.8885407	5.311619
15474	-1485.132	-1580.155	95.0227	0.5783371	0.6408981	4.967445
15480	-1486.148	-1581.455	95.30691	0.581871	0.4623556	4.961411
15486	-1494.42	-1588.866	94.44616	0.3629062	0.5303293	5.49589
15492	-1490.822	-1587.787	96.96513	1.047641	0.9478749	3.386546
15498	-1498.256	-1593.348	95.09264	0.6439418	0.5234992	4.989214
15504	-1496.282	-1591.371	95.08918	0.7612865	0.7902518	4.721509
15510	-1487.048	-1582.265	95.21759	0.9235176	0.9615144	4.452101
15516	-1487.616	-1583.26	95.64419	0.7162758	0.741133	4.468963
15522	-1487.68	-1580.843	93.16357	0.5246021	0.6125306	6.041764
15528	-1490.652	-1585.197	94.54458	0.6262028	0.6507352	5.198522
15534	-1490.671	-1585.557	94.88647	0.4946269	0.4661126	5.239225
15540	-1489.692	-1584.954	95.26146	0.4946269	0.451311	5.045924
15546	-1495.893	-1590.681	94.7882	0.6795318	0.451311	5.205687
15552	-1484.71	-1581.67	96.95938	0.7040047	0.4332089	3.991342
15558	-1481.666	-1578.274	96.60795	1.004394	0.5074282	3.947208
15564	-1482.526	-1579.034	96.50806	0.7558561	0.6891719	3.994399
15570	-1478.984	-1576.006	97.02185	1.014446	0.851502	3.433903
15576	-1485.056	-1582.637	97.58183	1.014446	0.4873694	3.396796
15582	-1488.37	-1585.592	97.22257	0.9490697	0.4424574	3.689517
15588	-1478.272	-1573.269	94.99713	0.6074963	0.5319574	5.055012
15594	-1484.641	-1579.959	95.31783	1.049769	0.5595934	4.605471
15600	-1497.657	-1594.38	96.72357	0.6924349	0.5796506	3.99504
15606	-1500.049	-1594.943	94.89387	0.576983	0.5226997	5.13735
15612	-1492.094	-1588.006	95.91138	0.9649005	0.7452652	4.174386
15618	-1488.589	-1582.854	94.26442	0.7164001	0.9046675	5.133376
15624	-1501.67	-1596.906	95.23687	0.814217	0.6234172	4.730192
15630	-1496.922	-1592.23	95.3083	0.5983348	0.7317089	4.730192
15636	-1483.166	-1577.428	94.26213	0.5460968	0.5995764	5.438489
15642	-1483.744	-1580.397	96.6532	0.9695162	0.4416923	4.005788
15648	-1474.815	-1569.589	94.77444	0.4637448	0.5273939	5.261912
15654	-1480.205	-1576.61	96.40516	0.7187451	0.6155405	4.131745
15660	-1488.896	-1585.176	96.27966	0.8295913	0.3380154	4.412876
15666	-1488.434	-1585.357	96.92238	0.8412954	0.5142028	3.854087
15672	-1495.632	-1589.746	94.11349	0.5558559	0.5739408	5.535724
15678	-1493.991	-1589.445	95.45401	0.673405	0.7176048	4.616598
15684	-1488.691	-1583.874	95.18332	0.7802338	0.5203338	4.865739
15690	-1486.485	-1583.381	96.896	0.9793578	0.5433625	3.763121
15696	-1486.125	-1581.509	95.384	0.7289437	0.4394955	4.859225
15702	-1487.518	-1581.651	94.13325	0.5752672	0.6029475	5.490669
15708	-1492.26	-1587.706	95.44596	0.7700635	0.6419469	4.623329
15714	-1480.453	-1573.761	93.30751	0.6481826	0.7095635	5.823763
15720	-1486.026	-1580.586	94.55997	0.5352528	0.7095635	5.197069
15726	-1493.36	-1587.754	94.39391	0.7191452	0.4548255	5.398058
15732	-1482.581	-1577.341	94.7604	0.6033428	0.8436237	4.958319
15738	-1485.932	-1581.229	95.29647	0.786849	0.5870871	4.741522
15744	-1479.179	-1574.098	94.91954	0.721672	0.4922488	5.070546
15750	-1477.552	-1572.995	95.44302	0.7108203	0.6197769	4.675593
15756	-1482.992	-1578.631	95.63858	0.6280892	0.5439086	4.675593
15762	-1480.241	-1575.547	95.30669	0.6610292	0.5484476	4.838681
15768	-1477.345	-1573.304	95.9592	0.6723264	0.6129471	4.412682
15774	-1483.965	-1580.26	96.29426	0.5015457	0.6460109	4.29364
15780	-1480.378	-1575.312	94.93368	0.6314543	0.6613165	4.97184
15786	-1478.178	-1573.524	95.34572	0.531132	0.4954842	4.936646
15792	-1479.668	-1572.637	92.96848	0.6041992	0.4909633	6.207003
15798	-1487.194	-1582.176	94.98185	0.672145	0.7260289	4.875195
15804	-1490.954	-1585.983	95.02954	0.672145	0.7154481	4.856132
15810	-1501.692	-1598.959	97.26719	0.9370839	0.4270956	3.68682
15816	-1482.141	-1578.263	96.1216	0.7289825	0.5277395	4.361615
15822	-1477.117	-1570.963	93.84588	0.6017252	0.6098991	5.628509
15828	-1483.465	-1576.178	92.7137	0.5550659	0.6174281	6.266207
15834	-1485.852	-1579.549	93.69676	0.564504	0.6407274	5.706831
15840	-1478.944	-1574.409	95.46437	0.8709591	0.664565	4.539002
15846	-1480.504	-1575.559	95.05456	0.6412403	0.664565	4.896694
15852	-1490.753	-1585.279	94.52656	0.4956472	0.6136236	5.309351
15858	-1489.349	-1583.09	93.74118	0.3649642	0.6852557	5.758783
15864	-1499.608	-1593.954	94.34598	0.7624036	1.225881	4.89158
15870	-1496.31	-1592.016	95.7061	0.6497484	0.7260449	4.482244
15876	-1487.062	-1582.21	95.14823	0.8062326	1.026753	4.520246
15882	-1483.878	-1578.426	94.54795	0.5455593	0.5642978	5.310116
15888	-1482.128	-1576.745	94.61737	0.4759499	0.5642978	5.310222
15894	-1495.987	-1588.189	92.20154	0.3774542	0.6366424	6.625429
15900	-1493.322	-1589.002	95.6808	0.6965874	0.4864644	4.66571
15906	-1495.367	-1589.88	94.51351	0.6770616	0.4500494	5.359993
15912	-1490.924	-1585.941	95.01685	0.7241209	0.6185657	4.907045
15918	-1493.735	-1589.307	95.57197	0.6879713	0.6732303	4.574801
15924	-1493.878	-1587.932	94.05384	0.5212239	0.6156793	5.553975
15930	-1488.363	-1583.249	94.88581	0.7930872	0.5342537	5.011764
15936	-1492.819	-1587.739	94.9195	0.6025455	0.7187049	4.95383
15942	-1503.173	-1596.487	93.31406	0.6878819	0.3977516	6.064538
15948	-1493.211	-1588.746	95.53471	0.6549534	0.3977516	4.859963
15954	-1494.642	-1588.508	93.86549	0.3992597	0.7522781	5.62493
15960	-1487.978	-1582.707	94.72932	0.6438365	0.7522781	5.013155
15966	-1485.272	-1578.83	93.55753	0.6942172	0.6637763	5.694745
15972	-1485.772	-1580.159	94.3866	0.4101256	0.6272444	5.423015
15978	-1490.674	-1583.718	93.0441	0.4534396	0.6272444	6.134225
15984	-1492.13	-1585.242	93.11182	0.2562309	0.732526	6.128459
15990	-1484.788	-1578.74	93.95111	0.5146617	0.7374743	5.524628
15996	-1491.101	-1585.177	94.07589	0.5090985	0.6466808	5.524628
16002	-1484.043	-1578.36	94.31702	0.6187849	0.7035863	5.28945
16008	-1487.734	-1583.447	95.71313	0.9011886	0.7035863	4.352739
16014	-1483.082	-1577.246	94.16391	0.4040594	0.5894587	5.57875
16020	-1479.789	-1575.813	96.02408	0.6316977	0.5894587	4.418235
16026	-1481.628	-1578.786	97.15839	0.9671825	0.5894587	3.577846
16032	-1475.842	-1571.896	96.05359	0.9671825	0.6304776	4.178352
16038	-1483.043	-1578.232	95.18869	0.976613	1.100351	4.361847
16044	-1487.958	-1584.806	96.84819	0.9814869	0.6142969	3.728387
16050	-1486.634	-1581.919	95.28519	0.8401301	0.7111843	4.622384
16056	-1480.137	-1575.226	95.08911	0.8567388	0.5785204	4.825378
16062	-1481.479	-1577.889	96.40966	0.8567388	0.5142149	4.138289
16068	-1484.916	-1580.105	95.18844	0.7378287	0.4425774	4.960056
16074	-1483.542	-1579.222	95.68064	0.7496805	0.423931	4.697899
16080	-1478.289	-1573.533	95.24336	0.7496805	0.4529678	4.912591
16086	-1486.235	-1582.102	95.86693	0.6466459	0.4529678	4.621813
16092	-1481.998	-1577.373	95.37507	0.5937855	0.6438793	4.760161
16098	-1480.375	-1574.161	93.78634	0.5617821	0.5563024	5.726674
16104	-1481.758	-1576.095	94.33697	0.4523967	0.410875	5.620225
16110	-1485.154	-1579.878	94.72404	0.4943667	0.4990633	5.298243
16116	-1485.641	-1580.259	94.61838	0.6548068	0.6011723	5.180553
16122	-1490.015	-1584.34	94.32536	0.6874902	0.815518	5.170902
16128	-1481.464	-1576.207	94.74268	0.5919061	0.7255885	5.053103
16134	-1469.329	-1564.31	94.98106	0.4941813	0.6206377	5.053103
16140	-1483.663	-1579.687	96.02392	0.6477924	0.5859466	4.412174
16146	-1482.424	-1579.774	97.35007	0.9130893	0.5099765	3.569415
16152	-1489.618	-1583.519	93.90123	0.6656576	0.5672872	5.597517
16158	-1490.298	-1583.682	93.38368	0.5243679	0.5920449	5.938017
16164	-1475.124	-1569.458	94.33404	0.710442	0.6133358	5.297282
16170	-1485.126	-1578.708	93.58202	0.430294	0.6639041	5.825748
16176	-1480.492	-1572.755	92.26347	0.5810423	0.6484166	6.472875
16182	-1494.482	-1586.612	92.12967	0.6417479	0.7031598	6.472875
16188	-1497.581	-1591.199	93.61813	0.6236653	0.5489975	5.791053
16194	-1487.349	-1582.866	95.51725	0.5417303	0.6061479	4.739576
16200	-1486.883	-1583.777	96.89385	0.9332548	0.585416	3.754112
16206	-1489.321	-1586.499	97.1783	0.8696414	0.4784649	3.724566
16212	-1486.257	-1582.951	96.6944	0.7664416	0.8086587	3.79642
16218	-1482.32	-1579.281	96.96147	0.9782255	0.816152	3.513964
16224	-1482.647	-1579.812	97.16597	0.9158127	0.5387448	3.647984
16230	-1484.068	-1579.094	95.02557	0.7665994	0.6320323	4.867939
16236	-1492.277	-1588.882	96.60575	0.8535537	0.4476616	4.0929
16242	-1497.468	-1590.414	92.94617	0.5378835	0.5496347	6.203862
16248	-1497.442	-1591.794	94.35185	0.7317588	0.6588664	5.240588
16254	-1482.38	-1579.997	97.61722	1.312077	0.642847	3.059665
16260	-1484.602	-1580.956	96.35423	1.023991	0.7215963	3.904941
16266	-1486.346	-1581.521	95.17494	0.7895539	0.707021	4.715449
16272	-1493.276	-1587.72	94.44338	0.9194324	0.5301504	5.190583
16278	-1493.582	-1589.155	95.5733	0.7970228	0.5670572	4.597575
16284	-1491.481	-1587.553	96.07228	0.7215753	0.7333138	4.229647
16290	-1492.388	-1586.918	94.52946	0.6293435	0.4183926	5.409315
16296	-1489.62	-1585.2	95.57985	0.5370552	0.45752	4.839106
16302	-1491.283	-1587.388	96.10503	0.6820218	0.4550514	4.466101
16308	-1482.842	-1577.816	94.97317	0.7049454	0.756199	4.840764
16314	-1492.118	-1587.455	95.33638	0.7275273	0.8496431	4.563321
16320	-1483.661	-1579.951	96.29028	0.750707	0.6190191	4.176063
16326	-1481.234	-1577.083	95.84825	0.8940093	0.8135457	4.20382
16332	-1489.492	-1584.799	95.30691	0.9208058	0.59352	4.655429
16338	-1492.984	-1588.443	95.45953	0.6249759	0.59352	4.735569
16344	-1487.25	-1584.069	96.81948	0.9327071	0.3918547	3.985218
16350	-1483.631	-1579.727	96.09553	0.6672424	0.4846162	4.451024
16356	-1486.128	-1582.463	96.33546	0.6439042	0.5464604	4.272138
16362	-1490.066	-1585.583	95.51768	0.8292922	0.6812363	4.519913
16368	-1480.753	-1575.723	94.97043	0.4818772	0.6812363	5.019684
16374	-1490.735	-1584.366	93.6313	0.6338466	0.6408995	5.704573
16380	-1486.684	-1582.641	95.95692	0.8830932	0.5658855	4.33411
16386	-1485.886	-1581.072	95.18627	0.8831387	0.5658855	4.767016
16392	-1482.563	-1577.809	95.2457	0.7871183	0.5903925	4.767016
16398	-1490.126	-1587.228	97.10211	1.15455	0.6658287	3.438674
16404	-1489.897	-1585.705	95.80816	1.072699	0.5866917	4.293404
16410	-1493.574	-1588.725	95.15114	0.7416355	0.5885447	4.846687
16416	-1503.641	-1599.894	96.25327	1.079687	0.6720988	3.967882
16422	-1499.476	-1595.164	95.6882	0.7305192	0.5377379	4.595788
16428	-1487.922	-1582.793	94.87145	0.6720705	0.6526924	4.99038
16434	-1501.294	-1596.405	95.11135	0.8112603	0.4148982	4.99038
16440	-1504.309	-1599.791	95.48175	0.9139898	0.823423	4.393405
16446	-1494.446	-1590.366	95.91943	0.7289009	0.6251644	4.393405
16452	-1483.428	-1580.231	96.80329	0.9484855	0.6088313	3.777846
16458	-1477.414	-1574.529	97.11529	0.9368004	0.4241352	3.777846
16464	-1481.003	-1575.924	94.92064	0.7037723	0.7734973	4.858938
16470	-1482.77	-1579.693	96.92298	0.8612472	0.47882	3.876056
16476	-1485.84	-1582.157	96.31736	0.820616	0.6576255	4.090348
16482	-1488.501	-1584.608	96.10777	0.7123563	0.408757	4.495172
16488	-1484.512	-1580.151	95.6391	0.6987022	0.7221626	4.495172
16494	-1494.527	-1591.055	96.52889	0.5536023	0.5435756	4.216235
16500	-1480.182	-1575.577	95.39572	0.4639664	0.5435756	4.9031
16506	-1482.736	-1577.519	94.78318	0.5898506	0.8584249	4.943868
16512	-1479.772	-1575.019	95.24701	0.5566893	0.5616082	4.91879
16518	-1473.856	-1569.368	95.51214	0.799006	0.6177274	4.589056
16524	-1480.171	-1573.747	93.57606	0.6355481	0.98035	5.514198
16530	-1481.901	-1578.28	96.37909	0.8841032	0.5391311	4.117511
16536	-1473.829	-1569.84	96.01064	0.8943465	0.5539716	4.30766
16542	-1477.876	-1573.171	95.29418	0.7962755	0.612744	4.716675
16548	-1472.965	-1568.492	95.52712	0.6476155	0.5722195	4.702787
16554	-1485.967	-1583.207	97.23959	1.018998	0.3881287	3.698313
16560	-1482.822	-1579.905	97.08344	0.9096056	0.638134	3.614366
16566	-1483.635	-1579.364	95.72877	0.6777531	0.7430901	4.441647
16572	-1477.478	-1572.239	94.76078	0.5090407	0.7514888	5.07105
16578	-1479.911	-1576.045	96.13401	0.6655518	0.4121397	4.503137
16584	-1481.038	-1575.273	94.23465	0.4892494	0.4490221	5.617728
16590	-1483.526	-1578.444	94.9178	0.7556432	1.030324	4.675941
16596	-1479.939	-1575.47	95.53127	0.7124404	0.7076587	4.558504
16602	-1479.491	-1576.085	96.59411	0.7397185	0.4590669	4.152813
16608	-1479.692	-1574.571	94.87963	0.7818388	0.733666	4.865662
16614	-1490.568	-1587.056	96.48885	0.5656575	0.4541887	4.316044
16620	-1481.996	-1578.481	96.48482	0.6523305	0.5482561	4.181076
16626	-1494.025	-1588.196	94.17109	0.7489251	0.9772336	5.124976
16632	-1478.228	-1572.589	94.3615	0.6779174	0.5412688	5.359541
16638	-1484.905	-1580.493	95.58706	0.7706963	0.4530233	4.709023
16644	-1490.847	-1586.134	95.28752	0.6373683	0.6072581	4.813565
16650	-1481.291	-1576.728	95.43698	0.6169599	0.552468	4.787109
16656	-1483.084	-1578.58	95.49613	0.5605934	0.5506626	4.787109
16662	-1491.622	-1585.018	93.39568	0.5353016	0.5827286	5.933002
16668	-1495.45	-1590.13	94.67963	0.654443	0.4834657	5.248773
16674	-1493.01	-1588.092	95.08226	0.7898143	0.4506451	4.982163
16680	-1486.6	-1580.782	94.18128	0.6705705	0.6440698	5.379707
16686	-1482.746	-1577.491	94.7451	0.7073758	0.4415701	5.223756
16692	-1474.342	-1568.546	94.20417	0.8171809	0.7296567	5.223756
16698	-1483.146	-1577.577	94.4308	0.6213734	0.8632071	5.119035
16704	-1488.45	-1583.573	95.12296	0.6335836	0.8788119	4.717336
16710	-1486.283	-1580.331	94.04721	0.7126406	0.5421223	5.512747
16716	-1480.066	-1575.124	95.0587	0.608112	0.840042	4.791729
16722	-1481.605	-1575.792	94.18751	0.6400827	0.5458773	5.472267
16728	-1493.151	-1587.67	94.51881	0.4622454	0.453261	5.472267
16734	-1488.535	-1582.286	93.75117	0.4899318	0.6315848	5.724859
16740	-1490.398	-1586.07	95.67205	0.7592295	0.4681637	4.65303
16746	-1479.802	-1574.358	94.55608	0.5848877	0.6217273	5.237378
16752	-1479.984	-1574.606	94.62166	0.5524429	0.4956688	5.325808
16758	-1479.201	-1574.593	95.39162	0.8433533	0.5989065	4.646958
16764	-1483.625	-1576.624	92.99843	0.5842148	0.5948889	6.113171
16770	-1487.144	-1582.54	95.3958	0.609583	0.6546688	4.731464
16776	-1488.151	-1583.402	95.25123	0.6520539	0.5150003	4.904106
16782	-1482.238	-1577.398	95.1594	0.6520539	0.4802203	4.987286
16788	-1491.817	-1587.41	95.59319	0.6095267	0.5329359	4.721016
16794	-1485.188	-1579.021	93.8331	0.468751	0.5639203	5.745645
16800	-1492.532	-1588.994	96.46251	0.9093833	0.6099892	3.994886
16806	-1487.547	-1583.5	95.95316	0.5328498	0.448691	4.641525
16812	-1479.151	-1572.787	93.63557	0.6034798	0.7776256	5.622063
16818	-1472.394	-1566.61	94.21544	0.6435778	0.5856001	5.421807
16824	-1487.534	-1584.335	96.80167	0.69734	0.551596	3.971903
16830	-1483.765	-1580.097	96.33142	0.6635609	0.5507555	4.259524
16836	-1489.1	-1584.443	95.34315	0.757035	0.7725678	4.593528
16842	-1484.734	-1578.348	93.61425	0.4526241	0.5315341	5.90165
16848	-1484.587	-1577.856	93.26877	0.6258629	0.6483681	5.90165
16854	-1489.202	-1582.273	93.07162	0.6166374	0.5754524	6.07131
16860	-1483.184	-1577.311	94.12741	0.711183	0.6533918	5.379953
16866	-1482.9	-1579.298	96.39771	1.017028	0.4936468	4.073093
16872	-1485.813	-1582.671	96.85846	0.9250415	0.4032159	3.954725
16878	-1484.484	-1581.729	97.24567	0.9250415	0.5351326	3.599693
16884	-1482.091	-1577.322	95.23051	0.7197202	0.4857316	4.904902
16890	-1472.225	-1567.825	95.59982	0.6500443	0.5135311	4.712031
16896	-1478.824	-1573.87	95.04623	0.6271402	0.7453623	4.850877
16902	-1480.318	-1575.102	94.78389	0.5869311	0.7659132	5.005164
16908	-1482.262	-1577.423	95.16079	0.5986727	0.4919682	5.005164
16914	-1491.434	-1586.991	95.55689	0.6377953	0.6623248	4.619647
16920	-1482.618	-1576.381	93.76331	0.7596443	0.5142353	5.667201
16926	-1483.613	-1579.231	95.61769	0.8007571	0.6680018	4.489663
16932	-1491.076	-1587.902	96.82553	0.7365261	0.8850165	3.688111
16938	-1485.746	-1581.384	95.63726	0.6546725	0.7445979	4.505096
16944	-1481.329	-1576.755	95.42526	0.7556944	0.8378029	4.505096
16950	-1484.341	-1580.146	95.80498	0.8010897	0.7024527	4.358229
16956	-1483.589	-1579.972	96.38339	0.8010897	0.6213816	4.092539
16962	-1478.393	-1574.25	95.85685	0.6902738	0.5800763	4.48726
16968	-1485.506	-1580.154	94.64778	0.5386095	0.4272926	5.385011
16974	-1489.198	-1585.068	95.86999	0.8114659	0.4564445	4.52412
16980	-1484.133	-1578.944	94.81079	0.7875141	0.5232408	5.066222
16986	-1488.764	-1583.969	95.20559	0.7080651	0.4818976	4.928869
16992	-1484.785	-1577.471	92.68593	0.5576127	0.7193694	6.205277
16998	-1493.04	-1586.795	93.75539	0.7063803	0.7193694	5.539406
17004	-1483.189	-1578.987	95.79823	0.7592976	0.6194697	4.449145
17010	-1487.712	-1582.467	94.7551	0.6165995	0.6977034	5.052405
17016	-1487.663	-1582.232	94.56911	0.6339146	0.8360202	5.052405
17022	-1488.121	-1582.817	94.69572	0.6225285	0.517053	5.226828
17028	-1492.437	-1587.511	95.07391	0.8489392	0.9111868	4.604496
17034	-1484.599	-1579.951	95.35169	0.6912199	0.8041845	4.604496
17040	-1476.563	-1571.98	95.41683	0.7467294	0.8021291	4.538122
17046	-1478.874	-1575.165	96.29124	0.9197801	0.5367019	4.149359
17052	-1486.574	-1583.49	96.91569	0.8615846	0.5367019	3.82561
17058	-1478.14	-1574.079	95.93906	0.7146724	0.6961602	4.335931
17064	-1482.668	-1577.485	94.81635	0.6293768	0.5734345	5.107673
17070	-1480.08	-1575.048	94.96826	0.6268227	0.5734345	5.024821
17076	-1490.272	-1584.663	94.39086	0.591018	0.3788495	5.548712
17082	-1486.81	-1581.583	94.77293	0.4847172	0.6018919	5.188577
17088	-1491.247	-1584.498	93.25141	0.5473838	0.9091799	5.781403
17094	-1487.753	-1584.768	97.01533	0.8478176	0.7557213	3.600547
17100	-1478.094	-1574.21	96.11556	0.5495314	0.5125237	4.479985
17106	-1479.42	-1575.237	95.81671	0.9365546	0.5931015	4.360206
17112	-1468.11	-1564.728	96.61826	0.9365546	0.7016032	3.818277
17118	-1479.78	-1576.078	96.29844	0.9821626	0.7016032	3.975567
17124	-1481.535	-1577.88	96.34494	0.9821626	0.5231105	4.09558
17130	-1479.029	-1574.005	94.97509	0.7431132	0.636495	4.905664
17136	-1480.002	-1574.332	94.33007	0.6666526	0.5737306	5.355659
17142	-1484.971	-1580.26	95.28851	0.6357631	0.4307032	4.973152
17148	-1494.252	-1586.984	92.73137	0.4352125	0.6240857	6.316579
17154	-1492.503	-1589.147	96.64345	0.9542436	0.5447594	3.921472
17160	-1473.74	-1568.684	94.94401	0.7637207	0.7342133	4.839491
17166	-1476.917	-1573.298	96.38085	0.7237806	0.5154773	4.228993
17172	-1483.47	-1576.953	93.48338	0.7488792	0.6371055	5.725479
17178	-1481.793	-1577.383	95.5897	0.5976001	0.5907324	4.680354
17184	-1489.114	-1582.771	93.65683	0.4710767	0.5907324	5.818922
17190	-1486.826	-1582.513	95.68624	0.5535375	0.6524568	4.601891
17196	-1480.592	-1574.627	94.03456	0.5162465	0.7354596	5.479248
17202	-1477.183	-1571.877	94.69404	0.3125537	0.5269643	5.390084
17208	-1485.935	-1580.876	94.94026	0.5771017	0.6425532	5.01267
17214	-1485.01	-1580.237	95.22702	0.5860937	0.6425532	4.848099
17220	-1483.612	-1579.669	96.05693	0.4805796	0.5606671	4.509123
17226	-1476.594	-1570.675	94.08144	0.5268067	0.6733947	5.491893
17232	-1471.217	-1565.999	94.78112	0.5684486	0.6733947	5.082495
17238	-1476.304	-1569.828	93.52483	0.7638975	0.5779932	5.741225
17244	-1484.837	-1576.862	92.02556	0.5475562	0.9351368	6.433925
17250	-1486.537	-1580.595	94.05802	0.3396895	0.5467911	5.707545
17256	-1495.466	-1590.818	95.35279	0.598953	0.5175246	4.874842
17262	-1490.492	-1586.667	96.17542	0.8574417	0.6458734	4.159315
17268	-1485.818	-1580.904	95.08604	0.7150963	0.6584942	4.842588
17274	-1483.849	-1578.359	94.50931	0.4891057	0.6584942	5.287934
17280	-1481.972	-1577.425	95.45302	0.8212554	0.9045003	4.410895
17286	-1482.771	-1578.603	95.83179	0.7142562	0.5717834	4.494851
17292	-1489.211	-1583.738	94.52704	0.5846204	0.7988488	5.127009
17298	-1496.464	-1590.892	94.42854	0.7217858	0.7666155	5.127009
17304	-1490.853	-1584.862	94.00873	0.5838282	0.7145871	5.470843
17310	-1485.205	-1578.798	93.59326	0.6296404	0.5094875	5.835744
17316	-1479.905	-1574.367	94.46189	0.2470319	0.5485968	5.535208
17322	-1480.501	-1574.86	94.35948	0.4627049	0.4788465	5.535208
17328	-1472.633	-1567.449	94.8162	0.6921538	0.6647959	5.00078
17334	-1473.181	-1568.69	95.5095	0.6921538	0.6647959	4.613867
17340	-1470.66	-1566.183	95.5229	0.7028236	0.6903176	4.581283
17346	-1474.432	-1569.314	94.88248	0.8124466	0.6044403	4.94394
17352	-1472.07	-1568.003	95.93297	0.8221614	0.4195051	4.520342
17358	-1473.769	-1569.747	95.97885	0.9253978	0.7374745	4.164024
17364	-1479.119	-1572.966	93.84748	0.652772	0.4944785	5.697448
17370	-1480.036	-1575.038	95.00195	0.557606	0.5822478	5.037234
17376	-1489.748	-1585.934	96.18608	0.7172317	0.7552777	4.151987
17382	-1485.073	-1580.887	95.8145	0.8710483	0.6154389	4.380194
17388	-1485.326	-1582.518	97.19222	0.8805451	0.5230266	3.667638
17394	-1496.778	-1591.545	94.76722	0.6183679	0.5094525	5.196413
17400	-1487.625	-1581.339	93.71368	0.2698733	0.6509495	5.851123
17406	-1481.113	-1576.163	95.04973	0.5851823	0.588189	4.9905
17412	-1490.617	-1586.607	95.99022	0.710489	0.6758763	4.324513
17418	-1489.374	-1583.009	93.6349	0.7630619	0.5216054	5.729193
17424	-1492.495	-1588.659	96.16443	0.73436	0.3724212	4.490965
17430	-1495.74	-1590.421	94.68123	0.6434935	0.7274286	5.057279
17436	-1481.467	-1576.425	94.95831	0.7731771	0.5715334	4.950605
17442	-1490.832	-1586.179	95.34776	0.6221701	0.6546694	4.751275
17448	-1483.657	-1578.933	95.27641	0.6557905	0.6827179	4.751275
17454	-1484.875	-1579.415	94.53943	0.7999176	0.5134469	5.218392
17460	-1484.628	-1580.804	96.17595	0.8830086	0.5540328	4.220396
17466	-1487.208	-1583.652	96.44463	0.7079752	0.4954776	4.220396
17472	-1480.786	-1576.859	96.0726	0.7864418	0.4389111	4.441795
17478	-1489.282	-1584.732	95.44975	0.4421818	0.6600579	4.790743
17484	-1487.43	-1581.666	94.2356	0.6469852	0.700157	5.321287
17490	-1489.11	-1585.471	96.36085	0.7322995	0.6024922	4.159907
17496	-1478.83	-1574.801	95.97041	1.017385	0.5058275	4.304068
17502	-1478.328	-1573.407	95.0796	0.7913363	0.6500793	4.810065
17508	-1482.776	-1578.118	95.34221	0.5287292	0.6500793	4.810065
17514	-1481.545	-1576.228	94.68294	0.7528506	0.6992495	5.015704
17520	-1479.662	-1575.402	95.73973	0.7286044	0.7027923	4.435683
17526	-1478.791	-1573.782	94.99077	0.427587	0.598484	5.102316
17532	-1485.786	-1580.423	94.63744	0.8721535	0.6922627	4.979774
17538	-1480.702	-1577.136	96.43408	0.8537267	0.718802	3.958777
17544	-1473.836	-1570.713	96.87674	0.9835114	0.6715594	3.664877
17550	-1486.696	-1583.565	96.86963	1.014232	0.8186837	3.544775
17556	-1490.683	-1587.917	97.2345	0.9094669	0.5502364	3.601532
17562	-1476.928	-1570.351	93.42283	0.6274988	0.6562492	5.810636
17568	-1477.833	-1573.551	95.71814	0.6963107	0.5061646	4.626594
17574	-1487.259	-1583.055	95.79636	0.8640477	0.7023951	4.327569
17580	-1486.508	-1580.947	94.43833	0.5151936	0.5218719	5.423809
17586	-1499.546	-1593.951	94.40435	0.5711482	0.4862393	5.443976
17592	-1490.271	-1583.948	93.67646	0.6536424	0.4862393	5.798191
17598	-1490.68	-1584.546	93.86665	0.5429816	0.6017835	5.655771
17604	-1493.171	-1588.187	95.01559	0.7873429	0.6574186	4.842402
17610	-1495.861	-1591.422	95.56124	0.5394791	0.6882977	4.652868
17616	-1501.963	-1596.593	94.63016	0.5646686	0.5050602	5.305803
17622	-1481.139	-1574.584	93.44571	0.3769531	0.6234578	5.959922
17628	-1478.476	-1573.825	95.34906	0.3947792	0.677603	4.860189
17634	-1476.909	-1571.998	95.0892	0.6460928	0.6840417	4.860189
17640	-1480.797	-1575.798	95.00096	0.6657647	0.4569047	5.09001
17646	-1482.064	-1576.123	94.05864	0.5684564	0.750872	5.426686
17652	-1495.685	-1590.079	94.39355	0.5637904	0.6293122	5.332872
17658	-1489.281	-1583.555	94.27373	0.5856014	0.7018952	5.332872
17664	-1488.021	-1584.48	96.45952	0.6290696	0.5951463	4.168574
17670	-1489.745	-1583.94	94.19504	0.7462975	0.7544431	5.250893
17676	-1486.767	-1580.166	93.39899	0.5559477	0.4649157	6.023054
17682	-1482.781	-1578.2	95.41889	0.5964297	0.7027303	4.690119
17688	-1486.972	-1582.96	95.98735	0.7213485	0.6390117	4.348371
17694	-1484.346	-1579.613	95.26742	0.6472521	0.6137303	4.81408
17700	-1481.705	-1576.258	94.5533	0.489445	0.6137303	5.297928
17706	-1491.64	-1587.241	95.60124	0.5732502	0.4486363	4.815759
17712	-1480.896	-1575.938	95.04198	0.7254005	0.6256659	4.886734
17718	-1479.407	-1573.675	94.26864	0.6160884	0.6256659	5.375751
17724	-1483.965	-1578.234	94.26864	0.6160884	0.6256659	5.375751
17730	-1480.388	-1575.874	95.48649	0.6546466	0.6256659	4.678036
17736	-1479.457	-1573.425	93.96869	0.57216	0.6256659	5.564985
17742	-1481.779	-1577.834	96.05553	0.8302454	0.5761105	4.299523
17748	-1481.536	-1577.988	96.45149	0.9109067	0.6608831	3.959692
17754	-1485.37	-1582.126	96.75551	0.5768236	0.6193279	4.009864
17760	-1492.801	-1588.932	96.13043	0.5925753	0.7191496	4.279957
17766	-1491.018	-1586.744	95.72615	0.6980707	0.5090247	4.618495
17772	-1493.087	-1588.925	95.83832	0.5056812	0.5598364	4.618495
17778	-1487.129	-1582.546	95.41693	0.4705144	0.6335738	4.813614
17784	-1484.949	-1580.033	95.08393	0.8430216	0.6057663	4.813614
17790	-1486.679	-1581.371	94.69195	0.4722795	0.509626	5.318564
17796	-1479.824	-1574.587	94.76254	0.4631904	0.5226711	5.272961
17802	-1482.279	-1575.304	93.02544	0.4098208	0.4521699	6.317986
17808	-1478.541	-1572.204	93.6633	0.5012115	0.5005325	5.875698
17814	-1471.873	-1565.425	93.55186	0.612652	0.5005325	5.875698
17820	-1482.977	-1577.68	94.7032	0.5293661	0.6191115	5.188772
17826	-1482.47	-1577.18	94.71045	0.5851013	0.6191115	5.153905
17832	-1482.907	-1577.598	94.69099	0.5821449	0.6352908	5.1537
17838	-1495.095	-1591.7	96.60454	0.7295933	0.4257756	4.186682
17844	-1492.058	-1589.13	97.07195	0.8645118	0.5245795	3.744983
17850	-1493.543	-1587.235	93.69166	0.4581457	0.7431434	5.694182
17856	-1500.331	-1594.058	93.72677	0.4402165	0.6982358	5.716125
17862	-1487.104	-1583.136	96.03204	0.7753556	0.6577568	4.277971
17868	-1482.624	-1578.865	96.24121	0.6741023	0.3963537	4.454993
17874	-1491.147	-1588.236	97.08902	0.8514858	0.7179342	3.583129
17880	-1488.352	-1584.464	96.11154	0.6333161	0.6192142	4.343665
17886	-1479.186	-1574.44	95.25399	0.5815335	0.5400169	4.919642
17892	-1479.091	-1575.308	96.21774	0.8870326	0.5603357	4.188915
17898	-1482.346	-1576.228	93.8823	0.6222793	0.4962392	5.69347
17904	-1481.132	-1576.468	95.33566	0.6555796	0.5441042	4.829331
17910	-1485.981	-1580.354	94.37311	0.6385519	0.6831843	5.262315
17916	-1489.494	-1583.062	93.56788	0.5545234	0.43474	5.960989
17922	-1506.176	-1598.324	92.14759	0.2841092	0.5329976	6.788044
17928	-1496.101	-1589.948	93.8468	0.501417	0.5397024	5.740717
17934	-1502.572	-1599.509	96.93626	0.7655113	0.559094	3.849056
17940	-1498.423	-1593.585	95.16257	0.7345005	0.8155404	4.678777
17946	-1497.308	-1593.596	96.28807	0.5816954	0.5782363	4.306785
17952	-1488.228	-1580.165	91.93663	0.5046772	0.4874211	6.822969
17958	-1486.261	-1578.749	92.48843	0.4921052	0.488328	6.530704
17964	-1484.766	-1578.699	93.93257	0.6727132	0.462509	5.669754
17970	-1484.235	-1577.767	93.53213	0.7131039	0.7031219	5.669754
17976	-1495.073	-1588.849	93.77534	0.7464814	0.5120681	5.669754
17982	-1490.043	-1584.157	94.11311	0.3994993	0.5177513	5.669754
17988	-1495.931	-1589.616	93.68569	0.6170754	0.5778228	5.733675
17994	-1490.888	-1587.755	96.86721	0.6911157	0.4281821	4.056585
18000	-1491.266	-1586.877	95.61096	0.6534936	0.5580663	4.664585
18006	-1488.842	-1582.601	93.75825	0.7778585	0.7060094	5.507972
18012	-1477.718	-1570.707	92.98951	0.540251	0.5335225	6.192701
18018	-1488.399	-1584.818	96.41935	0.4146531	0.4209555	4.474455
18024	-1485.815	-1580.874	95.05901	0.4873378	0.6062793	5.025037
18030	-1480.357	-1574.908	94.55163	0.5574464	0.5312919	5.329781
18036	-1482.477	-1577.406	94.92954	0.5087119	0.517594	5.159953
18042	-1485.184	-1580.182	94.9984	0.6216911	0.6516595	4.948603
18048	-1482.117	-1578.162	96.04559	0.6216911	0.4433313	4.545199
18054	-1477.765	-1573.515	95.75025	0.6175019	0.4373826	4.719106
18060	-1482.466	-1577.058	94.59151	0.6898331	0.8139162	5.02309
18066	-1486.52	-1582.248	95.7277	0.697334	0.7545073	4.423247
18072	-1483.027	-1577.751	94.72403	0.5112586	0.6054792	5.198074
18078	-1476.782	-1573.111	96.32906	0.7377057	0.756688	4.057936
18084	-1481.977	-1578.819	96.84189	0.8828707	0.500689	3.889128
18090	-1484.881	-1579.867	94.98534	0.5295145	0.5418466	5.096174
18096	-1486.077	-1580.964	94.88666	0.6602352	0.5366595	5.082917
18102	-1484.46	-1580.07	95.61034	0.595249	0.5829866	4.676521
18108	-1486.21	-1581.29	95.0792	0.6669727	0.6473387	4.881724
18114	-1485.12	-1580.113	94.99328	0.5336223	0.8213394	4.881724
18120	-1477.99	-1572.545	94.55499	0.4036749	0.5047676	5.43627
18126	-1475.749	-1567.879	92.13024	0.4660885	0.6681333	6.592726
18132	-1485.923	-1578.058	92.13507	0.5830723	0.666396	6.528065
18138	-1486.685	-1580.809	94.12421	0.4579224	0.5519993	5.601966
18144	-1489.574	-1585.115	95.54156	0.5384261	0.5519993	4.772967
18150	-1496.427	-1589.279	92.85211	0.5770047	0.6371495	6.163915
18156	-1484.808	-1580.294	95.48594	0.5768358	0.6012462	4.741417
18162	-1488.092	-1583.689	95.59717	0.7691717	0.6819225	4.508509
18168	-1487.47	-1582.173	94.70341	0.5414588	0.6819225	5.134229
18174	-1484.328	-1580.591	96.26334	0.6997083	0.7186629	4.144122
18180	-1489.04	-1586.963	97.92242	1.030139	0.6846872	3.011866
18186	-1498.196	-1593.136	94.94005	0.6430817	0.8621725	4.824502
18192	-1489.523	-1584.769	95.24548	0.636083	0.4783408	4.950087
18198	-1490.445	-1588.864	98.41864	1.025264	0.4743621	2.906009
18204	-1476.178	-1570.982	94.80356	0.537251	0.6379673	5.114146
18210	-1479.148	-1574.406	95.25733	0.5470883	0.5169284	4.957383
18216	-1486.659	-1580.44	93.78128	0.3926066	0.5169284	5.855937
18222	-1489.708	-1583.72	94.01142	0.5259591	0.5538619	5.624956
18228	-1486.087	-1581.539	95.45215	0.3804051	0.4921454	4.964378
18234	-1487.319	-1581.198	93.87896	0.497022	0.5704878	5.699588
18240	-1475.983	-1571.225	95.2416	0.6137086	0.628337	4.835636
18246	-1477.462	-1573.545	96.08287	0.6714319	0.4733977	4.466556
18252	-1481.759	-1578.379	96.61948	0.7959621	0.6810227	3.913834
18258	-1488.032	-1583.978	95.94599	0.9696508	0.5786525	4.280472
18264	-1485.159	-1581.314	96.15506	0.8868583	0.4065188	4.372577
18270	-1488.153	-1582.942	94.78939	0.5466322	0.5438778	5.193463
18276	-1496.318	-1592.984	96.66576	0.7903122	0.5492239	3.998548
18282	-1493.05	-1588.82	95.77082	0.8429179	0.6879912	4.364577
18288	-1491.38	-1586.412	95.03253	0.6436657	0.5127427	5.032393
18294	-1482.573	-1577.702	95.12824	0.5230021	0.5010978	5.056825
18300	-1481.36	-1576.502	95.14146	0.6426332	0.5629478	4.928568
18306	-1484.744	-1579.373	94.62892	0.7140213	0.6480012	5.105273
18312	-1482.838	-1578.598	95.75984	0.735614	0.5289797	4.560486
18318	-1484.881	-1580.067	95.18611	0.6063747	0.7603227	4.774114
18324	-1482.56	-1576.813	94.25303	0.3717997	0.6537549	5.49738
18330	-1474.814	-1570.378	95.56414	0.527511	0.5638702	4.756301
18336	-1481.392	-1575.432	94.03918	0.5298596	0.3610108	5.794956
18342	-1474.422	-1568.324	93.90257	0.3715241	0.523947	5.794956
18348	-1473	-1566.421	93.42051	0.4283285	0.4498337	6.095331
18354	-1473.068	-1568.528	95.4602	0.808489	0.4498337	4.761976
18360	-1472.197	-1566.581	94.38429	0.5938111	0.6218115	5.327256
18366	-1476.536	-1569.925	93.38906	0.6011788	0.53246	5.942699
18372	-1474.804	-1568.159	93.35427	0.5474915	0.5904864	5.942699
18378	-1479.781	-1573.072	93.29065	0.4460452	0.5841187	6.037876
18384	-1474.832	-1570.101	95.26883	0.6797181	0.5191292	4.875184
18390	-1479.401	-1575	95.59814	0.6661812	0.4576085	4.756736
18396	-1488.733	-1584.839	96.10539	0.5046681	0.6219721	4.417535
18402	-1484.286	-1577.93	93.6438	0.5713066	0.6567619	5.720043
18408	-1481.175	-1576.636	95.46095	0.5570657	0.6412933	4.734688
18414	-1494.077	-1590.247	96.17051	0.9429694	0.6068353	4.144779
18420	-1483.217	-1581.14	97.92343	0.9138762	0.7408831	3.037667
18426	-1491.773	-1588.739	96.96678	0.7418627	0.4810113	3.917269
18432	-1506.231	-1600.567	94.33579	0.5572275	0.554605	5.42882
18438	-1505.002	-1599.503	94.50142	0.4564673	0.5484484	5.398321
18444	-1497.283	-1593.152	95.86954	0.510585	0.5484484	4.608061
18450	-1486.632	-1580.539	93.90677	0.5268337	0.5484484	5.68646
18456	-1482.823	-1578.539	95.71592	0.7916527	0.4797713	4.599092
18462	-1493.906	-1590.802	96.89597	0.6888155	0.6922382	3.808063
18468	-1490.135	-1585.586	95.45099	0.4867457	0.5139333	4.885883
18474	-1485.233	-1580.516	95.28312	0.7499015	0.7164548	4.670311
18480	-1486.467	-1581.385	94.91863	0.6894507	0.6800846	4.93395
18486	-1499.366	-1594.223	94.85721	0.681071	0.7341069	4.93395
18492	-1499.9	-1595.057	95.15738	0.6736218	0.4070289	5.049523
18498	-1492.708	-1588.103	95.3952	0.6641956	0.689921	4.674813
18504	-1496.304	-1589.634	93.33	0.6363519	0.3589562	6.126224
18510	-1494.188	-1589.042	94.85398	0.5587205	0.5532409	5.142986
18516	-1496.466	-1591.022	94.5563	0.6667363	0.5532409	5.247914
18522	-1491.287	-1586.201	94.91417	0.7938632	0.3193043	5.21781
18528	-1488.777	-1582.885	94.10812	0.7240324	0.6654779	5.374452
18534	-1493.77	-1588.231	94.46067	0.6549208	0.4780445	5.374452
18540	-1486.048	-1583.38	97.33135	0.9446717	0.5275604	3.545449
18546	-1483.621	-1579.081	95.4598	0.5531827	0.5001727	4.856509
18552	-1486.462	-1581.316	94.85426	0.556974	0.7397152	5.000675
18558	-1478.96	-1572.348	93.38833	0.7065954	0.536986	5.881618
18564	-1480.4	-1575.688	95.28747	0.7750131	0.4570837	4.869868
18570	-1473.716	-1568.541	94.82493	0.662528	0.645881	5.026718
18576	-1476.291	-1571.061	94.76962	0.633556	0.6482898	5.071653
18582	-1485.652	-1579.78	94.12815	0.4709503	0.474946	5.661347
18588	-1474.017	-1568.115	94.09773	0.4539307	0.5805656	5.594939
18594	-1478.772	-1573.405	94.63277	0.460755	0.5199858	5.348317
18600	-1482.929	-1577.94	95.01145	0.3785283	0.6247499	5.097163
18606	-1488.175	-1582.902	94.72646	0.4372797	0.4824109	5.343805
18612	-1481.938	-1576.289	94.35157	0.590428	0.6261349	5.343805
18618	-1489.295	-1584.506	95.21063	0.6727223	0.581118	4.858072
18624	-1492.77	-1586.916	94.14568	0.4699465	0.5722013	5.566677
18630	-1488.065	-1585.125	97.06033	0.9239919	0.6745538	3.590602
18636	-1491.25	-1588.278	97.02781	0.9239919	0.8897832	3.45849
18642	-1484.226	-1581.009	96.78296	0.9473665	0.8747548	3.597132
18648	-1489.744	-1585.892	96.14754	0.835625	0.5162221	4.297113
18654	-1476.661	-1571.706	95.04462	0.6426338	0.6362533	4.923079
18660	-1495.973	-1591.87	95.89646	0.9823922	0.5205339	4.352158
18666	-1499.861	-1595.036	95.17513	0.6494259	0.482039	4.978289
18672	-1500.426	-1596.734	96.30867	0.7674744	0.6544122	4.128042
18678	-1488.64	-1584.716	96.07607	0.8544589	0.7674454	4.128042
18684	-1495.351	-1590.76	95.40939	0.5125405	0.6035806	4.818177
18690	-1487.112	-1580.309	93.19661	0.5420875	0.6604132	5.977805
18696	-1486.084	-1579.897	93.81263	0.5954531	0.6604132	5.611492
18702	-1486.223	-1582.835	96.61284	0.7629583	0.6599997	3.952707
18708	-1486.559	-1582.131	95.57161	0.6307092	0.6794963	4.602441
18714	-1486.854	-1583.043	96.18833	0.8132806	0.5577231	4.249697
18720	-1481.147	-1577.008	95.86126	0.6738239	0.6097231	4.469625
18726	-1479.919	-1574.781	94.86189	0.6089891	0.7017507	4.99441
18732	-1483.646	-1579.36	95.71331	0.792409	0.6937964	4.421222
18738	-1482.187	-1578.233	96.04589	0.8540344	0.626292	4.250248
18744	-1478.142	-1574.985	96.84282	0.8599663	0.4562877	3.945121
18750	-1474.161	-1569.381	95.22012	0.6450081	0.4980892	4.94076
18756	-1475.866	-1573.277	97.41069	0.838786	0.7541483	3.376178
18762	-1480.569	-1577.505	96.93529	1.051058	0.9542647	3.398148
18768	-1482.434	-1580.657	98.22273	1.089968	0.6345819	2.835699
18774	-1504.519	-1601.884	97.36531	0.9252322	0.7623103	3.346176
18780	-1481.754	-1578.559	96.80404	0.8064597	0.5669775	3.894574
18786	-1482.493	-1578.009	95.51584	0.6613074	0.6823401	4.614444
18792	-1495.612	-1591.106	95.49406	0.7352774	0.4594269	4.774494
18798	-1494.516	-1589.922	95.40597	0.6100494	0.5927191	4.774494
18804	-1491.012	-1585.542	94.53027	0.6691581	0.7868737	5.086247
18810	-1494.54	-1590.572	96.03225	0.8437973	0.6121338	4.275177
18816	-1482.444	-1578.934	96.49033	0.8437973	0.6272	4.002478
18822	-1486.815	-1582.495	95.67963	0.6726468	0.6885487	4.511497
18828	-1479.969	-1576.188	96.21933	0.6476326	0.6834768	4.224656
18834	-1477.048	-1573.944	96.89626	0.9716959	0.5783343	3.73661
18840	-1482.802	-1580.04	97.23836	0.8286094	0.4554627	3.73661
18846	-1490.2	-1586.288	96.08769	0.9294393	0.4022848	4.391143
18852	-1481.957	-1576.61	94.65257	0.6199537	0.6176473	5.167812
18858	-1484.644	-1578.888	94.24432	0.7024	0.6176473	5.347833
18864	-1492.23	-1587.337	95.10661	0.8790166	0.6908831	4.715386
18870	-1489.221	-1582.472	93.25047	0.8023151	0.8663417	5.667906
18876	-1482.838	-1575.794	92.95603	0.4063489	0.7758788	6.102448
18882	-1494.989	-1589.013	94.02423	0.5893431	0.509475	5.621736
18888	-1505.862	-1599.478	93.6165	0.6124874	0.8070522	5.608388
18894	-1496.177	-1591.263	95.08657	0.7557339	0.593496	4.87076
18900	-1490.403	-1586.889	96.48517	0.5538381	0.6281932	4.169816
18906	-1492.602	-1587.86	95.25832	0.7250218	0.5571371	4.822504
18912	-1489.018	-1584.407	95.38851	0.6128641	0.5454533	4.822504
18918	-1486.893	-1581.764	94.87079	0.6511498	0.5454533	5.089127
18924	-1489.468	-1585.666	96.19775	0.7054243	0.5658567	4.29842
18930	-1484.906	-1582.033	97.1273	0.7811602	0.5916763	3.701806
18936	-1484.965	-1580.956	95.99073	0.8364544	0.3104121	4.605911
18942	-1488.176	-1585.528	97.35202	0.9434268	0.4328843	3.627867
18948	-1488.189	-1582.86	94.6715	0.6267375	0.5942577	5.172269
18954	-1483.428	-1578.376	94.94745	0.7315739	0.5942577	4.961027
18960	-1477.96	-1572.941	94.981	0.5749576	0.6826732	4.961027
18966	-1478.807	-1575.007	96.20069	0.6839534	0.4124105	4.454963
18972	-1479.319	-1575.033	95.7143	0.927482	0.6896892	4.347478
18978	-1488.493	-1585.425	96.9323	0.7470903	0.6426948	3.792019
18984	-1482.111	-1579.049	96.93822	0.7411749	0.6426948	3.792019
18990	-1474.682	-1570.091	95.40949	0.7992869	0.7431914	4.552821
18996	-1485.169	-1580.79	95.62094	0.7309949	0.6345723	4.552821
19002	-1482.752	-1577.417	94.66426	0.6473974	0.6345723	5.13292
19008	-1482.891	-1578.477	95.58606	0.4757558	0.5547683	4.780734
19014	-1487.622	-1584.762	97.13947	0.9136569	0.7315304	3.50753
19020	-1492.231	-1586.819	94.58793	0.4918244	0.6424013	5.255201
19026	-1496.684	-1590.773	94.08874	0.620743	0.5194985	5.560148
19032	-1489.553	-1584.256	94.70254	0.7000281	0.5631621	5.140189
19038	-1496.232	-1593.479	97.24636	0.6704637	0.4387868	3.840256
19044	-1490.483	-1586.217	95.73439	0.5883156	0.6116559	4.587437
19050	-1477.43	-1573.281	95.85091	0.7187747	0.5713756	4.481891
19056	-1479.719	-1575.649	95.92953	0.7849752	0.5587721	4.411084
19062	-1481.047	-1577.162	96.11516	0.5905596	0.5651061	4.410593
19068	-1485.485	-1582.37	96.88495	0.7936457	0.5871853	3.838125
19074	-1475.964	-1569.919	93.95539	0.585017	0.4623418	5.705481
19080	-1486.516	-1580.233	93.71722	0.4582952	0.5405567	5.834502
19086	-1488.086	-1582.85	94.76461	0.6848238	0.5405567	5.133549
19092	-1480.241	-1575.358	95.1177	0.4809604	0.4455983	5.138852
19098	-1482.661	-1577.189	94.52745	0.6384736	0.4455983	5.377963
19104	-1483.151	-1577.382	94.23104	0.5510577	0.5819462	5.467139
19110	-1477.468	-1572.689	95.22111	0.6416318	0.4971866	4.942924
19116	-1492.357	-1587.833	95.47559	0.6388494	0.7247893	4.618744
19122	-1490.298	-1584.435	94.13683	0.5336749	0.5182858	5.582636
19128	-1488.625	-1582.984	94.35854	0.5989505	0.5024577	5.439007
19134	-1483.692	-1578.41	94.71801	0.6837207	0.3742659	5.322578
19140	-1479.145	-1573.869	94.72391	0.6191235	0.6988183	5.067503
19146	-1484.572	-1580.687	96.11541	0.6848798	0.6883203	4.258823
19152	-1481.075	-1576.657	95.58274	0.7493093	0.7829294	4.456171
19158	-1478.22	-1573.641	95.42057	0.5851776	0.583137	4.788121
19164	-1484.033	-1577.95	93.91666	0.5202452	0.6739765	5.585635
19170	-1475.206	-1569.792	94.58535	0.7769481	0.5678383	5.158563
19176	-1469.549	-1563.535	93.98563	0.6994057	0.7051919	5.426595
19182	-1470.809	-1567.526	96.71654	0.8301719	0.5220835	3.971177
19188	-1483.254	-1579.856	96.6017	0.8564406	0.4494785	4.09172
19194	-1481.713	-1576.296	94.5832	0.6146212	0.6489982	5.184882
19200	-1479.932	-1574.45	94.51836	0.6677162	0.6265609	5.208654
19206	-1480.381	-1574.72	94.33829	0.5929338	0.7884416	5.233707
19212	-1479.129	-1574.641	95.51127	0.6486121	0.5629821	4.718911
19218	-1478.75	-1574.464	95.7138	0.6358987	0.5243534	4.646377
19224	-1494.198	-1589.252	95.05383	0.6053621	0.5138298	5.040852
19230	-1493.013	-1587.988	94.97434	0.6866173	0.8191815	4.808379
19236	-1484.106	-1578.798	94.69173	0.8529674	0.5030249	5.114147
19242	-1477.136	-1572.698	95.56188	0.502203	0.5429417	4.789695
19248	-1483.034	-1580.16	97.1264	0.8006023	0.4638009	3.80886
19254	-1482.476	-1576.593	94.11749	0.6058701	0.4457408	5.621239
19260	-1485.45	-1579.763	94.31253	0.659936	0.4673013	5.463463
19266	-1484.065	-1580.388	96.32329	0.8522015	0.6005747	4.114655
19272	-1480.189	-1574.929	94.74037	0.6476083	0.4815322	5.22079
19278	-1485.593	-1580.118	94.5248	0.4769948	0.4352069	5.478682
19284	-1490.175	-1584.374	94.19948	0.7343838	0.4736457	5.478682
19290	-1490.227	-1585.498	95.27082	0.6430581	0.4062563	5.004327
19296	-1482.211	-1578.283	96.07239	0.6320164	0.3836532	4.587555
19302	-1480.625	-1576.733	96.10782	0.7040807	0.5797294	4.338242
19308	-1479.636	-1576.094	96.45869	0.7157903	0.566152	4.144284
19314	-1481.751	-1578.692	96.94113	0.9147531	0.567488	3.752982
19320	-1488.187	-1581.473	93.28609	0.4202863	0.5458091	6.086082
19326	-1485.155	-1580.043	94.88847	0.4251516	0.4143737	5.328113
19332	-1481.561	-1575.824	94.26274	0.4298508	0.694597	5.430025
19338	-1481.6	-1576.899	95.29925	0.6674854	0.495252	4.886826
19344	-1479.895	-1574.025	94.13038	0.4835216	0.4324793	5.694429
19350	-1482.335	-1576.945	94.60957	0.5820196	0.609895	5.218723
19356	-1489.777	-1584.295	94.5173	0.4896913	0.4996911	5.414263
19362	-1481.388	-1576.854	95.46589	0.5390905	0.4761007	4.883523
19368	-1480.517	-1576.05	95.5334	0.466067	0.4793341	4.883523
19374	-1484.007	-1578.095	94.08797	0.3650813	0.6638309	5.584259
19380	-1481.55	-1576.705	95.1556	0.5274183	0.3789536	5.161907
19386	-1480.05	-1573.843	93.79312	0.7224021	0.3691086	5.815163
19392	-1475.636	-1569.311	93.67552	0.5587329	0.5257647	5.815163
19398	-1485.121	-1579.041	93.9204	0.35006	0.5034254	5.815163
19404	-1483.428	-1579.043	95.6151	0.6841896	0.4909214	4.705232
19410	-1492.226	-1587.144	94.91865	0.5864041	0.6481279	5.015231
19416	-1480.085	-1575.705	95.62027	0.5041169	0.5564864	4.744305
19422	-1495.131	-1590.738	95.60693	0.6075254	0.4713039	4.771276
19428	-1491.718	-1587.325	95.60749	0.6069663	0.4713039	4.771276
19434	-1487.287	-1582.904	95.61665	0.5458571	0.5681141	4.713094
19440	-1491.182	-1586.897	95.71516	0.7644578	0.4334971	4.660456
19446	-1490.532	-1585.465	94.93359	0.6341698	0.6873072	4.95106
19452	-1491.153	-1585.093	93.93949	0.536799	0.9158161	5.405488
19458	-1480.425	-1574.824	94.39914	0.5969857	0.5160737	5.405488
19464	-1484.946	-1579.067	94.12097	0.8842766	1.02674	5.050304
19470	-1497.812	-1597.011	99.1985	1.218126	0.873179	1.948251
19476	-1488.269	-1585.49	97.221	0.9840926	0.6921666	3.448346
19482	-1492.039	-1585.505	93.46592	0.4632837	0.4107137	6.090655
19488	-1486.578	-1582.265	95.68703	0.9201405	0.4345071	4.587916
19494	-1487.282	-1582.481	95.19895	0.6670294	0.74278	4.745162
19500	-1478.137	-1572.84	94.70289	0.5427479	0.74064	5.091938
19506	-1480.738	-1575.402	94.66469	0.5297551	0.5091737	5.302294
19512	-1484.503	-1578.248	93.74449	0.4968911	0.5220461	5.81452
19518	-1486.052	-1580.738	94.68558	0.580584	0.5842544	5.198168
19524	-1478.111	-1575.246	97.13534	0.9900781	0.6916843	3.495253
19530	-1477.388	-1572.609	95.22104	0.4922845	0.4665339	5.054829
19536	-1470.674	-1566.088	95.41371	0.6712371	0.4665339	4.848143
19542	-1470.303	-1564.588	94.28532	0.600725	0.4665339	5.511737
19548	-1472.256	-1567.706	95.44984	0.5849228	0.7027814	4.6792
19554	-1471.537	-1567.353	95.81573	0.5500235	0.4791085	4.6792
19560	-1473.546	-1568.563	95.01733	0.5873666	0.4791085	5.103089
19566	-1481.01	-1577.773	96.76245	0.8564964	0.7649298	3.735386
19572	-1484.301	-1580.656	96.35512	0.8175275	0.5799689	4.133521
19578	-1487.691	-1584.087	96.39555	0.8317916	0.5440653	4.133521
19584	-1482.245	-1577.171	94.92633	0.5721512	0.5571747	5.092101
19590	-1487.501	-1582.227	94.72582	0.6407133	0.6067554	5.124389
19596	-1482.522	-1578.248	95.72551	0.5840745	0.4872325	4.702935
19602	-1477.846	-1572.961	95.11443	0.771189	0.8007286	4.694897
19608	-1477.534	-1572.851	95.31692	0.771189	0.705462	4.64738
19614	-1480.8	-1576.901	96.10098	0.6772225	0.4652999	4.460974
19620	-1482.884	-1578.999	96.11534	0.86828	0.5136619	4.2992
19626	-1488.154	-1582.273	94.11883	0.84074	0.5292858	5.413958
19632	-1484.172	-1579.162	94.98981	0.6733491	0.72818	4.868577
19638	-1480.4	-1576.099	95.69861	0.688394	0.55124	4.60178
19644	-1487.437	-1583.223	95.78522	0.6003925	0.5648379	4.590883
19650	-1491.835	-1587.655	95.82011	0.6599391	0.3732323	4.724907
19656	-1497.7	-1593.015	95.31451	0.5440243	0.6959873	4.782673
19662	-1494.254	-1588.715	94.46117	0.5593781	0.5451301	5.366623
19668	-1492.715	-1587.993	95.27764	0.4701298	0.5451301	4.96402
19674	-1488.117	-1582.545	94.42719	0.5509894	0.5201874	5.411717
19680	-1488.426	-1584.125	95.69966	0.5605897	0.5201874	4.700203
19686	-1487.744	-1583.285	95.54087	0.6710682	0.5508418	4.700203
19692	-1496.609	-1591.044	94.43573	0.1515124	0.5578086	5.594262
19698	-1492.1	-1587.783	95.68257	0.3865674	0.5578086	4.774037
19704	-1488.265	-1581.541	93.27655	0.541732	0.7198812	5.89165
19710	-1492.357	-1585.864	93.50707	0.714568	0.6449188	5.725363
19716	-1495.119	-1589.577	94.45767	0.6297688	0.4851331	5.383342
19722	-1483.712	-1577.879	94.16718	0.3213004	0.5200046	5.680993
19728	-1475.039	-1569.537	94.49837	0.6989684	0.4124372	5.394248
19734	-1480.418	-1575.079	94.66134	0.7748353	0.4483419	5.226062
19740	-1486.585	-1580.766	94.18094	0.4088982	0.4086074	5.731985
19746	-1487.415	-1580.325	92.91046	0.5328647	0.615632	6.172688
19752	-1482.209	-1575.238	93.02959	0.5959927	0.6305774	6.061933
19758	-1484.759	-1578.996	94.23734	0.3599284	0.6305774	5.530187
19764	-1489.813	-1584.373	94.56053	0.3199987	0.4505644	5.530187
19770	-1481.707	-1575.759	94.05255	0.4541538	0.6975364	5.530187
19776	-1479.854	-1573.939	94.08532	0.5468311	0.6060657	5.530187
19782	-1492.174	-1588.094	95.91994	0.6534526	0.5716241	4.479598
19788	-1486.262	-1580.537	94.27467	0.5995832	0.4352205	5.548798
19794	-1485.573	-1579.081	93.50799	0.4382711	0.4153204	6.076628
19800	-1487.056	-1580.917	93.86102	0.3245348	0.6486336	5.742325
19806	-1484.106	-1579.684	95.57777	0.584538	0.4793923	4.792662
19812	-1480.771	-1575.744	94.97267	0.3221294	0.4793923	5.274296
19818	-1488.791	-1583.489	94.69754	0.6129217	0.5696361	5.185751
19824	-1483.66	-1579.467	95.80663	0.7586265	0.5916449	4.467426
19830	-1487.855	-1582.348	94.49263	0.6810596	0.40099	5.419293
19836	-1495.859	-1590.224	94.36509	0.6202078	0.4644135	5.459159
19842	-1496.177	-1589.753	93.57609	0.852312	0.6792209	5.586464
19848	-1482.761	-1576.455	93.69366	0.6504724	0.5190327	5.760937
19854	-1484.838	-1578.608	93.77016	0.5536078	0.6202592	5.688313
19860	-1486.326	-1579.341	93.01539	0.6909356	0.7584484	5.926454
19866	-1490.504	-1585.312	94.8078	0.6695142	0.6062145	5.063402
19872	-1489.957	-1584.676	94.71932	0.8633783	0.734467	4.908974
19878	-1497.933	-1591.474	93.54151	0.5532455	0.4984668	5.915681
19884	-1499.89	-1594.864	94.97365	0.594281	0.7625396	4.897825
19890	-1498.666	-1592.866	94.20015	0.5711564	0.6229807	5.440328
19896	-1495.496	-1589.802	94.30599	0.4653205	0.6229807	5.440328
19902	-1485.515	-1580.419	94.90326	0.7240997	0.6042535	4.981658
19908	-1483.888	-1579.603	95.71521	0.6781507	0.8122725	4.402054
19914	-1480.871	-1576.68	95.80973	0.655114	0.6645325	4.466179
19920	-1490.184	-1587.652	97.46793	0.957378	0.5675814	3.422039
19926	-1481.501	-1577.009	95.50743	0.7722784	0.6531128	4.578982
19932	-1483.415	-1580.118	96.70288	0.9361632	0.5539391	3.889614
19938	-1483.013	-1579.048	96.0351	0.6809055	0.4691042	4.492271
19944	-1483.224	-1577.487	94.26364	0.4779242	0.5784968	5.492265
19950	-1485.625	-1580.181	94.55598	0.5205677	0.490783	5.384104
19956	-1492.431	-1588.396	95.96553	0.5501855	0.4705301	4.603402
19962	-1486.289	-1583.286	96.9976	0.8222338	0.5586183	3.781543
19968	-1489.738	-1585.075	95.33734	0.7951979	0.6031681	4.700844
19974	-1489.58	-1583.774	94.19388	0.3398313	0.5370355	5.641332
19980	-1483.314	-1577.714	94.40009	0.7187941	0.6379627	5.236978
19986	-1482.381	-1577.072	94.69112	0.6560837	0.6998811	5.06442
19992	-1494.423	-1588.684	94.26048	0.7206232	0.7556966	5.228059
19998	-1481.14	-1576.473	95.33279	0.5650789	0.6270497	4.812905
20004	-1488.761	-1584.153	95.39178	0.4503399	0.5546934	4.903292
20010	-1485.51	-1581.14	95.63006	0.6812668	0.5321572	4.66092
20016	-1479.856	-1576.695	96.83883	0.7722558	0.5258026	3.930923
20022	-1490.607	-1584.76	94.15267	0.745515	0.6144329	5.377125
20028	-1480.311	-1575.772	95.46077	0.8628162	0.4921022	4.690529
20034	-1491.02	-1586.671	95.6505	0.8365771	1.105338	4.176995
20040	-1483.02	-1578.069	95.04863	0.8133459	0.9198736	4.633422
20046	-1477.725	-1573.664	95.93961	0.9578554	0.6892538	4.203025
20052	-1479.887	-1576.832	96.94491	1.012223	0.3675169	3.895674
20058	-1484.076	-1578.754	94.67778	0.9566673	0.7034001	4.90224
20064	-1492.084	-1588.082	95.99791	0.7876135	0.7034001	4.256025
20070	-1488.269	-1582.586	94.31694	0.7336579	0.6917364	5.234569
20076	-1485.608	-1580.672	95.06325	0.8448689	0.6917364	4.758089
20082	-1489.5	-1587.335	97.83441	1.215189	0.3563918	3.273976
20088	-1478.857	-1576.469	97.61179	1.02221	0.3959432	3.471295
20094	-1481.76	-1579.219	97.45839	1.254941	0.4769094	3.338482
20100	-1481.645	-1578.476	96.83103	0.9558365	0.5044189	3.849938
20106	-1480.769	-1577.673	96.90316	0.88371	0.5044189	3.849938
20112	-1482.979	-1579.526	96.54663	0.8915316	0.8340033	3.79258
20118	-1488.166	-1582.421	94.25549	0.5490391	0.529032	5.499522
20124	-1488.833	-1584.861	96.02792	0.5651053	0.5864087	4.45613
20130	-1482.256	-1576.454	94.19756	0.4925834	0.573526	5.524635
20136	-1477.946	-1573.325	95.37937	0.8009826	0.4528618	4.808298
20142	-1487.063	-1581.029	93.96607	0.4525089	0.6794545	5.591687
20148	-1488.148	-1582.904	94.75599	0.4530349	0.5821734	5.231475
20154	-1491.659	-1585.942	94.28281	0.3089776	0.67555	5.49936
20160	-1492.482	-1588.408	95.92599	0.5862885	0.6699596	4.435344
20166	-1492.42	-1586.05	93.62991	0.6630116	0.7372896	5.619699
20172	-1497.071	-1592.825	95.75365	0.7790731	0.8008567	4.33092
20178	-1488.203	-1583.198	94.99492	0.6521128	0.5473862	5.018048
20184	-1488.861	-1584.664	95.80313	0.7609198	0.5595511	4.495152
20190	-1482.434	-1577.22	94.78582	0.533499	0.5775615	5.174263
20196	-1484.552	-1579.995	95.44222	0.4882284	0.5728137	4.838732
20202	-1483.048	-1577.554	94.50564	0.5843651	0.4759679	5.390514
20208	-1484.037	-1581.544	97.50719	0.9129996	0.4775055	3.509525
20214	-1486.356	-1582.666	96.31004	0.8965636	0.4842011	4.200492
20220	-1490.531	-1587.529	96.99805	0.9615068	0.5788283	3.68325
20226	-1491.521	-1586.046	94.52558	0.4227875	0.6275745	5.339172
20232	-1481.825	-1575.621	93.79592	0.5259199	0.6261892	5.684769
20238	-1488.641	-1582.584	93.94227	0.3541563	0.7693525	5.596064
20244	-1492.942	-1588.782	95.83934	0.6609275	0.4693082	4.613254
20250	-1491.593	-1585.438	93.84493	0.5333534	0.5766	5.6933
20256	-1482.477	-1577.315	94.83796	0.6291838	0.5796882	5.090617
20262	-1496.971	-1591.847	94.87613	0.6893726	0.6933136	4.947923
20268	-1489.946	-1584.779	94.83293	0.7041671	0.8601159	4.851454
20274	-1494.519	-1587.164	92.64508	0.3118356	0.5741988	6.469698
20280	-1486.271	-1580.742	94.47084	0.6652603	0.5094952	5.334205
20286	-1487.579	-1582.102	94.52286	0.4807262	0.5953564	5.334205
20292	-1479.875	-1574.68	94.80561	0.7019875	0.6810252	4.989128
20298	-1474.811	-1569.893	95.08196	0.7214226	0.4830251	4.989128
20304	-1489.716	-1584.713	94.99754	0.6873757	0.5588418	4.987201
20310	-1501.334	-1596.488	95.15476	0.5280767	0.4445961	5.0932
20316	-1487.102	-1581.938	94.83552	0.6726139	0.4718451	5.163466
20322	-1484.46	-1579.306	94.84556	0.5952572	0.5120926	5.163466
20328	-1486.248	-1580.39	94.14244	0.8461181	0.4149888	5.506532
20334	-1487.394	-1583.386	95.99155	0.9041243	0.4311342	4.429129
20340	-1479.989	-1575.31	95.32132	0.6581455	0.7181757	4.699061
20346	-1482.615	-1579.179	96.56415	0.7345166	0.430379	4.202007
20352	-1489.368	-1586.594	97.22589	0.8220637	0.4131254	3.792081
20358	-1485.791	-1582.8	97.0089	0.6930116	0.6596196	3.765673
20364	-1480.712	-1576.649	95.93697	0.6282704	0.5586847	4.495231
20370	-1492.7	-1588.354	95.6536	0.5998907	0.6693067	4.581371
20376	-1492.066	-1587.141	95.07437	0.6085182	0.6640717	4.904256
20382	-1494.737	-1589.47	94.7329	0.4352712	0.5813533	5.254731
20388	-1495.118	-1592.164	97.04682	0.6823841	0.5166139	3.871641
20394	-1482.181	-1576.331	94.15016	0.5718497	0.5166139	5.555823
20400	-1490.488	-1585.869	95.38061	0.4706525	0.462738	4.981898
20406	-1483.824	-1578.115	94.29105	0.5395585	0.5999143	5.425892
20412	-1487.733	-1583.08	95.34741	0.5927313	0.5835242	4.824411
20418	-1487.416	-1582.414	94.99776	0.7850917	0.8181028	4.741003
20424	-1488.448	-1582.835	94.38698	0.6510443	0.4337388	5.460219
20430	-1490.188	-1584.292	94.10424	0.4973464	0.5580758	5.586161
20436	-1491.59	-1585.446	93.85534	0.6136637	0.7648764	5.504223
20442	-1487.758	-1582.067	94.30916	0.3320804	0.6638732	5.480784
20448	-1485.474	-1579.939	94.4649	0.4857602	0.4617451	5.480784
20454	-1482.805	-1578.492	95.68632	0.7432144	0.4003719	4.723232
20460	-1487.495	-1582.102	94.60663	0.6902551	0.6021332	5.166665
20466	-1480.91	-1574.87	93.96055	0.3738575	0.5248055	5.761191
20472	-1498.837	-1595.611	96.77412	1.039132	0.485568	3.852812
20478	-1507.073	-1604.518	97.44439	1.197615	0.3674401	3.499726
20484	-1492.163	-1587.076	94.91312	0.6383531	0.7601142	4.908641
20490	-1482.08	-1576.442	94.3623	0.6143123	0.6137627	5.334403
20496	-1486.872	-1581.491	94.6193	0.5835882	0.4360953	5.367037
20502	-1496.157	-1591.115	94.95814	0.8353989	0.4252038	5.051384
20508	-1481.65	-1577.068	95.41844	0.602684	0.4666468	4.883599
20514	-1493.041	-1590.2	97.15903	0.6917959	0.4434682	3.873323
20520	-1487.783	-1582.682	94.89873	0.5471347	0.5012449	5.170509
20526	-1489.569	-1584.325	94.75566	0.7813682	0.4480928	5.170509
20532	-1476.287	-1571.638	95.35047	0.723331	0.3605518	4.965849
20538	-1474.666	-1570.08	95.41373	0.7002103	0.5048973	4.795854
20544	-1482.475	-1577.964	95.48822	0.6993067	0.4364598	4.820705
20550	-1482.349	-1577.003	94.65429	0.5204489	0.7629254	5.115976
20556	-1497.256	-1593.536	96.28031	0.6142826	0.4250865	4.436015
20562	-1492.747	-1586.996	94.24885	0.8017251	0.7402155	5.200257
20568	-1482.02	-1576.877	94.8573	0.4997734	0.5393525	5.185729
20574	-1481.844	-1576.825	94.98104	0.6835329	0.682702	4.900574
20580	-1477.34	-1571.593	94.25293	0.6314698	0.6872703	5.3296
20586	-1489.394	-1581.55	92.15538	0.4992809	0.512657	6.685233
20592	-1484.134	-1577.936	93.80151	0.5598026	0.4715291	5.79483
20598	-1482.604	-1576.127	93.52303	0.5568754	0.6557481	5.79483
20604	-1481.514	-1576.199	94.68507	0.7272305	0.4857376	5.2034
20610	-1482.786	-1576.669	93.88286	0.5714601	0.6276985	5.610928
20616	-1485.678	-1579.726	94.04794	0.4063827	0.6276985	5.610928
20622	-1487.171	-1581.795	94.62347	0.6102459	0.6127364	5.193168
20628	-1486.29	-1581.27	94.98	0.5627699	0.4928984	5.124519
20634	-1481.653	-1576.696	95.04262	0.5044198	0.4903431	5.124519
20640	-1479.61	-1574.466	94.85659	0.6343567	0.5711062	5.084546
20646	-1474.316	-1568.402	94.08555	0.7287406	0.8592398	5.253122
20652	-1476.626	-1571.209	94.58352	0.6612504	0.6090166	5.190005
20658	-1477.059	-1570.259	93.20081	0.59406	0.6090166	5.986328
20664	-1480.817	-1575.115	94.29751	0.5889411	0.4227618	5.554681
20670	-1476.237	-1570.621	94.38385	0.4421742	0.4561777	5.554681
20676	-1485.445	-1581.125	95.68081	0.7432052	0.4404078	4.684564
20682	-1485.731	-1581.331	95.59969	0.6434736	0.5762931	4.661065
20688	-1483.857	-1577.695	93.83778	0.3860772	0.5637156	5.788514
20694	-1483.868	-1577.642	93.77354	0.5030161	0.5158502	5.800735
20700	-1475.794	-1570.181	94.38715	0.6108881	0.4934081	5.424941
20706	-1473.416	-1568.907	95.49104	0.7582815	0.5899323	4.64628
20712	-1477.691	-1573.316	95.62532	0.9445957	0.7856347	4.320117
20718	-1474.193	-1568.283	94.0899	0.5392044	0.7132977	5.451641
20724	-1482.646	-1576.006	93.35971	0.8494673	0.8870766	5.56952
20730	-1479.355	-1574.948	95.59352	0.7339435	0.588899	4.603321
20736	-1486.287	-1582.629	96.3418	0.9083004	0.9430608	3.832207
20742	-1487.911	-1584.537	96.62639	0.9083004	0.7467829	3.796842
20748	-1491.16	-1588.759	97.5986	0.9836231	0.7486456	3.183887
20754	-1487.673	-1583.619	95.94629	0.6906852	0.7696981	4.293045
20760	-1491.257	-1586.906	95.64857	0.8031808	0.6857251	4.457615
20766	-1487.348	-1583.041	95.69272	0.6355085	0.4912501	4.688728
20772	-1484.664	-1578.545	93.88056	0.6903313	0.4823659	5.669882
20778	-1474.628	-1568.47	93.84125	0.5846766	0.5733071	5.669882
20784	-1477.39	-1572.043	94.65277	0.5501867	0.6371	5.19115
20790	-1488.182	-1583.66	95.47868	0.6498391	0.6371	4.676124
20796	-1485.072	-1580.228	95.15586	0.7515058	0.6893989	4.760227
20802	-1485.853	-1581.042	95.1893	0.7896007	0.7638679	4.66744
20808	-1481.131	-1576.552	95.42144	0.6506677	0.5855563	4.749051
20814	-1485.935	-1582.922	96.98726	0.9092314	0.8146513	3.540149
20820	-1489.754	-1584.711	94.95758	0.6056329	0.5580407	5.055465
20826	-1501.435	-1595.549	94.11421	0.4838356	0.6255078	5.533681
20832	-1504.2	-1598.21	94.01019	0.515887	0.6780173	5.533681
20838	-1485.053	-1579.015	93.96239	0.6093798	0.644328	5.533681
20844	-1483.12	-1577.281	94.16128	0.5360116	0.5858612	5.510598
20850	-1486.574	-1581.327	94.75244	0.4560114	0.4719194	5.329024
20856	-1492.566	-1586.488	93.92142	0.3388186	0.6448089	5.704295
20862	-1487.136	-1580.709	93.57251	0.3556678	0.4790264	6.024405
20868	-1483.463	-1576.995	93.53269	0.4471771	0.7254392	5.799436
20874	-1482.12	-1577.123	95.00291	0.690928	0.5229064	5.01349
20880	-1482.548	-1577.947	95.39913	0.4653684	0.5280908	4.914
20886	-1482.795	-1578.541	95.74572	0.6444792	0.594559	4.563453
20892	-1485.884	-1581.362	95.47846	0.6865057	0.7633621	4.563453
20898	-1499.691	-1595.906	96.215	0.7847339	0.4352356	4.366203
20904	-1492.308	-1586.144	93.83589	0.6267649	0.7620302	5.509629
20910	-1487.978	-1581.845	93.867	0.4937372	0.5300087	5.742234
20916	-1493.56	-1586.727	93.16624	0.4077618	0.5204345	6.179982
20922	-1490.759	-1587.56	96.80092	1.102149	0.6960582	3.621276
20928	-1487.244	-1584.447	97.20265	1.135684	0.4158552	3.621276
20934	-1479.092	-1574.435	95.34327	0.9044121	0.8991831	4.429127
20940	-1483.151	-1577.772	94.62161	0.7543631	0.5133524	5.198216
20946	-1495.016	-1589.063	94.04692	0.6042757	0.8663711	5.338773
20952	-1485.385	-1580.363	94.97799	0.5601867	0.6570187	4.990072
20958	-1489.867	-1584.289	94.42167	0.3867115	0.5254659	5.500529
20964	-1493.739	-1589.665	95.92598	0.3826663	0.5254659	4.668376
20970	-1481.393	-1576.311	94.91831	0.4362096	0.5235474	5.200995
20976	-1488.267	-1583.249	94.98159	0.482192	0.5708298	5.099839
20982	-1494.385	-1589.151	94.76602	0.4536984	0.8727263	5.020223
20988	-1481.783	-1575.507	93.72336	0.5210794	0.6461935	5.711906
20994	-1485.867	-1580.575	94.70845	0.4365918	0.681605	5.189729
21000	-1490.822	-1585.14	94.31795	0.3307701	0.430985	5.676842
21006	-1478.226	-1572.976	94.74951	0.5717201	0.5046671	5.236333
21012	-1476.194	-1571.134	94.9392	0.7191417	0.4622234	5.089489
21018	-1478.457	-1573.982	95.52553	0.7675184	0.6191965	4.598034
21024	-1478.709	-1573.72	95.01057	0.4486896	0.6403267	5.04664
21030	-1480.432	-1575.51	95.07819	0.5825653	0.6651202	4.91579
21036	-1480.158	-1573.951	93.79332	0.4684644	0.6118262	5.728875
21042	-1482.367	-1576.214	93.84711	0.5221526	0.5441574	5.725376
21048	-1479.969	-1574.813	94.84407	0.2590541	0.6475671	5.238346
21054	-1490.37	-1584.073	93.70283	0.04327057	0.5538289	6.057681
21060	-1482.287	-1576.571	94.28389	0.02719082	0.5538289	5.749045
21066	-1492.263	-1585.203	92.94046	0.02535584	0.6634349	6.396007
21072	-1490.793	-1583.735	92.94213	0.02181475	0.664822	6.396007
21078	-1507.773	-1601.046	93.27318	0.01048395	0.6743621	6.215414
21084	-1496.842	-1592.379	95.53648	0.6611795	0.4824658	4.770007
21090	-1491.277	-1586.543	95.26515	0.7265565	0.6150687	4.770007
21096	-1485.651	-1581.469	95.81742	0.6934333	0.4542442	4.622076
21102	-1497.468	-1591.005	93.53708	0.4404226	0.4970826	5.98094
21108	-1505.264	-1599.528	94.26401	0.3104639	0.5878573	5.576475
21114	-1488.547	-1582.175	93.62807	0.2858097	0.5875074	5.938479
21120	-1484.784	-1580.204	95.41983	0.5505628	0.4769932	4.901933
21126	-1478.368	-1574.384	96.01617	0.7572338	0.602349	4.34121
21132	-1480.406	-1576.267	95.86035	0.6400104	0.6242703	4.477502
21138	-1479.398	-1573.643	94.24562	0.5222307	0.5484932	5.502897
21144	-1498.307	-1593.96	95.65278	0.6349446	0.5142927	4.690155
21150	-1487.455	-1583.08	95.62486	0.7285767	0.4748624	4.690155
21156	-1493.089	-1587.165	94.07631	0.7047485	0.6437878	5.418929
21162	-1485.63	-1580.23	94.60078	0.7494777	0.5135732	5.212243
21168	-1494.835	-1589.487	94.65189	0.7917905	0.6578342	5.04193
21174	-1508.243	-1603.214	94.97138	0.586763	0.7517166	4.91068
21180	-1494.522	-1589.391	94.86956	0.5928674	0.6569037	5.03223
21186	-1497.294	-1594.208	96.91411	0.8758903	0.9617856	3.508407
21192	-1506.665	-1602.482	95.81655	0.5390941	0.5847931	4.590918
21198	-1501.86	-1595.029	93.16862	0.5627689	0.7550251	5.915064
21204	-1486.428	-1582.535	96.10671	0.8245295	0.7154828	4.164509
21210	-1482.156	-1578.162	96.00596	0.7872162	0.6729118	4.27444
21216	-1480.83	-1575.549	94.71885	0.6054072	0.6956173	5.080232
21222	-1479.798	-1572.533	92.73522	0.5166526	0.7532973	6.177601
21228	-1477.051	-1572.082	95.03147	0.5550314	0.6567066	4.963447
21234	-1474.669	-1569.318	94.64959	0.5182585	0.6575095	5.195024
21240	-1479.016	-1574.339	95.32257	0.6594659	0.6575095	4.742349
21246	-1486.666	-1578.432	91.76532	0.4285203	0.7617311	6.745402
21252	-1479.064	-1572.571	93.50692	0.5500361	0.5951946	5.854141
21258	-1479.634	-1573.105	93.47041	0.6266249	0.6333318	5.8024
21264	-1481.066	-1576.492	95.42585	0.7459297	0.6565929	4.636851
21270	-1482.556	-1575.404	92.84749	0.7141297	0.7222738	6.03007
21276	-1473.426	-1568.009	94.58273	0.544492	0.7222738	5.170357
21282	-1481.628	-1575.098	93.4697	0.6261425	0.666238	5.778323
21288	-1489.495	-1582.281	92.78617	0.3686232	0.6691349	6.289262
21294	-1488.995	-1582.879	93.88396	0.3634037	0.6319151	5.721175
21300	-1483.414	-1577.482	94.06829	0.3634037	0.4978397	5.731952
21306	-1491.57	-1585.725	94.15547	0.4942728	0.559304	5.558679
21312	-1486.441	-1580.977	94.53612	0.6598888	0.6305585	5.200053
21318	-1475.03	-1568.943	93.91313	0.4849357	0.6305585	5.639594
21324	-1480.72	-1576.214	95.49427	0.6160506	0.6110783	4.706894
21330	-1473.932	-1568.838	94.90605	0.5394279	0.6962046	5.012529
21336	-1479.715	-1573.192	93.47721	0.7011971	0.5520782	5.82313
21342	-1483.674	-1578.988	95.31404	0.7223704	0.5722983	4.780038
21348	-1487.568	-1584.319	96.75064	1.043416	0.6577106	3.713986
21354	-1485.296	-1578.943	93.64676	0.4525442	0.5095681	5.903223
21360	-1484.995	-1578.436	93.44111	0.6812456	0.4955756	5.903223
21366	-1493.296	-1588.719	95.42357	0.7621602	0.8420943	4.499662
21372	-1493.229	-1587.676	94.44714	0.6266973	0.5028927	5.374512
21378	-1484.714	-1579.196	94.48246	0.7341055	0.6059642	5.208039
21384	-1482.607	-1577.266	94.65927	0.4286447	0.601351	5.282835
21390	-1482.987	-1577.08	94.09266	0.3640036	0.4591084	5.754451
21396	-1481.17	-1577.393	96.223	0.6706358	0.7817179	4.139212
21402	-1484.003	-1579.543	95.53938	0.5433339	0.4634928	4.852339
21408	-1477.299	-1571.338	94.03981	0.4230782	0.483139	5.728361
21414	-1477.812	-1573.274	95.46152	0.5570994	0.4593724	4.892065
21420	-1481.836	-1578.136	96.29942	0.5726109	0.4690052	4.404475
21426	-1485.173	-1581.516	96.3434	0.6819686	0.5345591	4.256634
21432	-1480.566	-1575.517	94.95044	0.7033985	0.520721	5.037644
21438	-1479.256	-1573.28	94.02341	0.4186521	0.5872015	5.649686
21444	-1484.824	-1578.81	93.98587	0.4195718	0.6515913	5.619543
21450	-1488.119	-1582.167	94.04845	0.5303635	0.5336148	5.619543
21456	-1491.828	-1585.74	93.91171	0.5160051	0.6354848	5.619543
21462	-1498.139	-1592.718	94.57816	0.5701309	0.6137469	5.239608
21468	-1489.763	-1584.225	94.46183	0.6490416	0.565257	5.299728
21474	-1493.995	-1588.333	94.33841	0.6962808	0.6244227	5.29398
21480	-1482.26	-1576.552	94.29194	0.4981781	0.4980873	5.535058
21486	-1485.18	-1581.157	95.9764	0.6585384	0.3962405	4.612682
21492	-1496.82	-1592.029	95.20821	0.6088768	0.5914586	4.886477
21498	-1495.645	-1589.589	93.94391	0.4068944	0.6152917	5.677367
21504	-1497.553	-1591.35	93.79634	0.3221994	0.5133807	5.889322
21510	-1493.903	-1588.139	94.236	0.3670192	0.7765665	5.422662
21516	-1504.109	-1598.612	94.50305	0.4831091	0.6898406	5.271555
21522	-1497.278	-1593.492	96.21321	0.9063027	0.579178	4.164398
21528	-1493.96	-1589.757	95.79728	0.9430042	0.579178	4.379155
21534	-1487.863	-1584.548	96.68483	0.8110913	0.5764958	3.952027
21540	-1485.594	-1580.078	94.48402	0.590379	0.709862	5.208376
21546	-1483.358	-1579.887	96.52901	0.9594279	0.5413983	3.98701
21552	-1498.267	-1594.295	96.0286	1.003512	0.4817394	4.301731
21558	-1491.889	-1587.92	96.03087	0.7715523	0.4614173	4.451145
21564	-1484.849	-1580.33	95.48013	0.827535	0.6562776	4.560863
21570	-1481.468	-1576.982	95.5137	0.6136128	0.6491474	4.667468
21576	-1485.82	-1580.846	95.02553	0.5961647	0.5768459	5.007202
21582	-1484.765	-1580.537	95.7727	0.7642006	0.6256368	4.455845
21588	-1488.844	-1584.566	95.72206	0.8573613	0.5960108	4.455845
21594	-1477.329	-1571.208	93.87896	0.7000691	0.7747516	5.437083
21600	-1489.866	-1584.383	94.51688	0.5711616	0.6983618	5.209073
21606	-1488.498	-1582.651	94.15359	0.8076942	0.6317097	5.328838
21612	-1490.32	-1584.164	93.84404	0.6425831	0.5146545	5.686749
21618	-1483.011	-1577.836	94.82448	0.4128564	0.5146545	5.273687
21624	-1492.866	-1588.267	95.40105	0.579257	0.5495513	4.830707
21630	-1489.387	-1584.897	95.51051	0.5436251	0.5032807	4.830707
21636	-1482.529	-1578.106	95.57642	0.765539	0.4890944	4.683067
21642	-1488.071	-1581.222	93.15104	0.4432599	0.8900174	5.904563
21648	-1483.184	-1576.657	93.47284	0.7904826	0.7243144	5.644918
21654	-1487.092	-1582.277	95.18448	0.8308373	0.5509955	4.809932
21660	-1489.921	-1585.395	95.47391	0.6737667	0.3958198	4.885447
21666	-1479.454	-1574.817	95.3631	0.856437	0.7597266	4.535297
21672	-1478.354	-1573.995	95.64059	0.7029685	0.6125241	4.575031
21678	-1477.045	-1572.328	95.28374	0.5960429	0.5816545	4.859617
21684	-1473.139	-1568.206	95.06721	0.6528314	0.6964211	4.859617
21690	-1478.37	-1575.814	97.44406	0.7778315	0.5335507	3.57141
21696	-1485.617	-1580.948	95.33058	0.6732315	0.5352091	4.830095
21702	-1480.26	-1575.19	94.92997	0.4150525	0.5047654	5.223092
21708	-1479.694	-1574.557	94.86329	0.6682062	0.6414623	5.005655
21714	-1477.164	-1572.071	94.90695	0.6207617	0.649561	5.001554
21720	-1481.631	-1576.37	94.73836	0.6068159	0.5218562	5.207665
21726	-1479.148	-1573.449	94.30109	0.5371077	0.5258654	5.483773
21732	-1483.014	-1577.354	94.33951	0.5374152	0.8748509	5.208893
21738	-1486.036	-1581.023	94.98718	0.6301792	0.8748509	4.797546
21744	-1486.794	-1581.73	94.93568	0.4663025	0.5047502	5.191599
21750	-1482.471	-1575.881	93.41088	0.4751849	0.6036231	5.940805
21756	-1488.032	-1582.301	94.26901	0.4626187	0.7415648	5.375455
21762	-1480.885	-1575.332	94.4474	0.4698666	0.6032774	5.375455
21768	-1486.81	-1582.397	95.58682	0.6214646	0.6032774	4.658351
21774	-1493.813	-1589.395	95.58192	0.9238222	0.7296113	4.395237
21780	-1498.167	-1594.337	96.16999	0.9512825	0.5334613	4.203235
21786	-1506.284	-1603.915	97.63064	0.9960103	0.8747252	3.069707
21792	-1494.838	-1592.94	98.10202	0.9443448	0.5511904	3.069707
21798	-1494.088	-1589.762	95.674	0.5404473	0.5632644	4.688145
21804	-1492.758	-1586.7	93.94266	0.4271343	0.6910463	5.610063
21810	-1494.808	-1589.716	94.90858	0.5066982	0.5651839	5.131448
21816	-1484.446	-1580.032	95.58647	0.6203714	0.5651839	4.690769
21822	-1492.526	-1590.408	97.88154	0.9115809	0.6261557	3.154705
21828	-1484.916	-1582.17	97.25413	0.9115809	0.6261557	3.523721
21834	-1486.958	-1584.63	97.67212	1.297218	0.5861376	3.084175
21840	-1487.895	-1584.261	96.36596	1.327947	0.9007721	3.601767
21846	-1483.881	-1580.876	96.99507	0.8121199	0.4537139	3.887883
21852	-1490.173	-1587.214	97.04073	1.111968	0.4842169	3.658331
21858	-1483.842	-1578.944	95.10234	0.8380329	0.8224618	4.650026
21864	-1487.803	-1583.54	95.73734	0.918391	0.8224618	4.247023
21870	-1477.028	-1572.694	95.66574	0.8321738	0.4793852	4.604881
21876	-1484.999	-1580.813	95.81446	0.6546002	0.4379025	4.661882
21882	-1475.42	-1570.496	95.07596	0.7617772	0.6488096	4.829556
21888	-1485.731	-1579.268	93.53643	0.6400739	0.8087156	5.636119
21894	-1487.193	-1583.146	95.95328	1.015408	0.6904391	4.161694
21900	-1483.542	-1579.13	95.58836	0.7935083	0.5268995	4.626071
21906	-1492.943	-1588.914	95.97124	1.038666	0.8439358	4.031611
21912	-1493.863	-1587.349	93.48576	0.5752352	0.5505122	5.888638
21918	-1493.196	-1586.864	93.66754	0.5477786	0.4568465	5.888638
21924	-1495.036	-1589.434	94.39751	0.6451731	0.5101617	5.385122
21930	-1488.002	-1584.158	96.15618	0.9171291	0.6468414	4.13556
21936	-1490.279	-1586.019	95.74007	0.7348059	0.5988097	4.512383
21942	-1494.612	-1590.43	95.81785	0.8414171	0.6869048	4.339667
21948	-1481.598	-1577.649	96.0506	0.6785548	0.5475512	4.412569
21954	-1479.79	-1573.941	94.1512	0.7340092	0.6031251	5.393244
21960	-1484.48	-1578.827	94.34603	0.5066501	0.4352017	5.560676
21966	-1488.968	-1583.367	94.39924	0.5893141	0.6328736	5.312893
21972	-1498.68	-1593.613	94.93303	0.8833	0.5236683	4.944729
21978	-1495.079	-1589.676	94.59704	0.6785683	0.5277454	5.240921
21984	-1491.617	-1586.538	94.92075	0.5373403	0.5912285	5.086169
21990	-1490.741	-1585.502	94.76076	0.5946216	0.6641427	5.086169
21996	-1491.704	-1586.364	94.66057	0.4326079	0.5897061	5.289329
22002	-1490.526	-1584.054	93.52877	0.5635797	0.7527936	5.719112
22008	-1481.476	-1577.172	95.69638	0.7875169	0.6008159	4.505668
22014	-1487.335	-1581.885	94.55028	0.5839901	0.5123854	5.332617
22020	-1491.429	-1585.99	94.56106	0.5578276	0.5690592	5.292127
22026	-1494.796	-1589.308	94.51216	0.4299348	0.4680046	5.479506
22032	-1495.226	-1589.824	94.59826	0.218301	0.5445114	5.479506
22038	-1492.838	-1585.36	92.52258	0.3179435	0.5445114	6.557308
22044	-1497.343	-1593.175	95.83196	0.6159997	0.5480748	4.570323
22050	-1489.954	-1583.311	93.35616	0.5662206	0.7106893	5.841185
22056	-1478.275	-1572.371	94.09641	0.4713328	0.6074991	5.564445
22062	-1472.822	-1566.836	94.01391	0.6110127	0.5687289	5.564445
22068	-1481.839	-1576.22	94.38109	0.6878513	0.5801321	5.310532
22074	-1487.107	-1581.276	94.16945	0.8655815	0.5981703	5.314588
22080	-1490.391	-1584.681	94.28949	0.5819542	0.6448607	5.368304
22086	-1489.016	-1584.45	95.43329	0.5439416	0.6448607	4.754723
22092	-1483.521	-1579.253	95.73261	0.8356306	0.7835192	4.322495
22098	-1483.724	-1578.696	94.97218	0.6661514	0.5045594	5.060826
22104	-1483.832	-1577.95	94.11804	0.641572	0.4007947	5.647112
22110	-1484.788	-1579.955	95.16724	0.7251009	0.520912	4.904887
22116	-1481.437	-1577.336	95.89891	0.6733862	0.520912	4.524552
22122	-1495.773	-1592.743	96.97033	0.6304111	0.6101642	3.863633
22128	-1483.582	-1578.859	95.27739	0.6735365	0.5293822	4.864715
22134	-1498.861	-1591.738	92.87703	0.5990003	0.666992	6.116128
22140	-1484.509	-1577.64	93.1311	0.6803878	0.666992	5.933215
22146	-1486.468	-1579.525	93.0566	0.5397806	0.666992	6.050565
22152	-1488.63	-1584.353	95.72309	0.738182	0.4252374	4.679221
22158	-1489.817	-1585.663	95.84631	0.6788641	0.452177	4.616099
22164	-1481.995	-1577.664	95.66825	0.7119565	0.5392033	4.616099
22170	-1483.711	-1577.988	94.27646	0.7747846	0.3683029	5.522281
22176	-1482.908	-1577.017	94.10878	0.63423	0.5418018	5.522281
22182	-1483.212	-1576.832	93.61982	0.5412848	0.6993895	5.718524
22188	-1475.824	-1570.816	94.99258	0.6329737	0.6993895	4.910095
22194	-1480.174	-1576.583	96.4094	0.7047112	0.6719272	4.092939
22200	-1484.808	-1579.66	94.85244	0.6236687	0.5679956	5.095373
22206	-1478.846	-1573.847	95.00085	0.5487717	0.5991778	5.028936
22212	-1476.745	-1572.135	95.39048	0.7413366	0.586118	4.715207
22218	-1483.415	-1578.482	95.0676	0.5938754	0.5546339	5.003809
22224	-1480.265	-1575.184	94.91935	0.5500947	0.5508813	5.113563
22230	-1492.858	-1587.963	95.10518	0.5694199	0.4034651	5.140009
22236	-1487.897	-1582.016	94.11929	0.5995628	0.598018	5.488925
22242	-1488.816	-1583.716	94.89966	0.6319244	0.5746827	5.059025
22248	-1479.033	-1573.297	94.26383	0.446257	0.5746827	5.512714
22254	-1489.547	-1583.816	94.26843	0.4245102	0.5746827	5.522144
22260	-1484.159	-1580.117	95.9581	0.6852694	0.4477865	4.554149
22266	-1487.47	-1582.946	95.47581	0.6025338	0.7914093	4.593091
22272	-1487.364	-1583.057	95.69322	0.5839644	0.6217098	4.604932
22278	-1484.283	-1579.104	94.8209	0.6554584	0.5816737	5.083867
22284	-1485.173	-1580.84	95.66649	0.7138523	0.7025725	4.485398
22290	-1480.362	-1574.031	93.66988	0.4373016	0.597855	5.824554
22296	-1486.851	-1580.582	93.73117	0.5856732	0.4658244	5.824554
22302	-1489.329	-1583.747	94.41787	0.387658	0.66036	5.392945
22308	-1488.299	-1581.553	93.25471	0.417778	0.6338638	6.033859
22314	-1486.169	-1581.26	95.09026	0.479451	0.5064435	5.097169
22320	-1492.639	-1587.558	94.91896	0.6918242	0.606468	4.989095
22326	-1492.448	-1586.866	94.41807	0.6841039	0.9682413	5.029038
22332	-1484.678	-1578.136	93.45788	0.6228029	0.7188357	5.748847
22338	-1491.191	-1586.108	94.91731	0.5099596	0.593665	5.101276
22344	-1489.253	-1584.352	95.09927	0.6002906	0.7213919	4.853086
22350	-1484.364	-1579.792	95.4277	0.5658274	0.515824	4.853086
22356	-1480.589	-1576.132	95.54355	0.6424561	0.515824	4.745656
22362	-1475.895	-1568.35	92.45551	0.5952451	0.6915472	6.32959
22368	-1494.072	-1588.686	94.61376	0.6237586	0.6645645	5.151166
22374	-1486.423	-1578.529	92.10579	0.4812338	0.7639758	6.531311
22380	-1495.008	-1589.901	94.89284	0.5089132	0.5843094	5.123058
22386	-1487.74	-1582.019	94.27902	0.6176169	0.5857594	5.40095
22392	-1479.814	-1573.197	93.3823	0.5922687	0.7036453	5.817617
22398	-1483.261	-1577.104	93.84241	0.444754	0.5437763	5.770665
22404	-1498.924	-1593.314	94.38969	0.5190636	0.8627995	5.198688
22410	-1494.276	-1589.265	94.98924	0.70101	0.3952944	5.14007
22416	-1485.822	-1579.971	94.14845	0.5685462	0.6800578	5.427143
22422	-1491.871	-1585.639	93.76808	0.4826747	0.4967291	5.831999
22428	-1496.981	-1590.607	93.62548	0.6024392	0.4895892	5.851001
22434	-1494.225	-1590.136	95.911	0.542537	0.4895892	4.620093
22440	-1482.523	-1577.745	95.22173	0.6566764	0.5258847	4.908212
22446	-1490.852	-1584.807	93.95476	0.530309	0.6638266	5.566679
22452	-1494.531	-1590.267	95.73534	0.59853	0.6164155	4.577351
22458	-1486.155	-1582.345	96.19032	0.770731	0.9510915	3.993117
22464	-1484.721	-1581.029	96.30813	0.9432025	0.6501447	4.031542
22470	-1480.391	-1575.17	94.77913	0.8898336	0.8146627	4.806841
22476	-1482.406	-1579.587	97.18157	1.028542	0.5952759	3.523685
22482	-1487.887	-1582.927	95.03994	0.6091332	0.7482582	4.862418
22488	-1491.048	-1585.387	94.33901	0.4897706	0.8451482	5.253885
22494	-1491.077	-1587.533	96.45557	0.806229	0.4160965	4.237944
22500	-1501.686	-1595.822	94.13625	0.3625082	0.5238855	5.671946
22506	-1499.484	-1593.094	93.61074	0.4554155	0.8478595	5.671946
22512	-1501.815	-1597.23	95.41469	0.6681159	1.062018	4.428785
22518	-1480.477	-1577.419	96.94261	0.8076181	0.4658849	3.908324
22524	-1484.399	-1579.737	95.33792	0.6452889	0.5845309	4.799547
22530	-1483.45	-1578.009	94.55894	0.5333752	0.6744432	5.224165
22536	-1487.058	-1582.568	95.51004	0.500403	0.6744432	4.713693
22542	-1476.943	-1571.184	94.24155	0.8098201	0.6622205	5.255888
22548	-1478.584	-1573.029	94.44519	0.7297597	0.6622205	5.187557
22554	-1485.716	-1581.412	95.6956	0.6547071	0.4859218	4.681381
22560	-1488.382	-1583.989	95.60774	0.5839938	0.5864776	4.681381
22566	-1480.016	-1574.731	94.71554	0.5356263	0.54418	5.240127
22572	-1480.176	-1575.556	95.38015	0.5726899	0.6136923	4.792809
22578	-1484.513	-1580.653	96.14031	0.9400127	0.654369	4.125699
22584	-1489.407	-1585.882	96.47463	0.8185452	0.5324869	4.106404
22590	-1481.503	-1577.807	96.30394	0.785336	0.5256281	4.228444
22596	-1476.798	-1572.84	96.04146	0.7340115	0.5295073	4.402419
22602	-1477.151	-1571.9	94.74926	0.4570479	0.5616038	5.25008
22608	-1482.894	-1577.671	94.77627	0.5337628	0.4963934	5.25008
22614	-1483.165	-1577.857	94.69177	0.6780658	0.502214	5.211693
22620	-1493.866	-1588.688	94.82228	0.4988087	0.5404603	5.204673
22626	-1499.154	-1592.735	93.58132	0.4988087	0.5404603	5.886727
22632	-1499.052	-1595.464	96.41148	0.9913814	0.9663879	3.730273
22638	-1490.057	-1586.632	96.57585	0.6480092	0.4208775	4.25438
22644	-1491.848	-1587.885	96.03737	0.7924512	0.5920953	4.317775
22650	-1490.851	-1587.173	96.32159	0.7991355	0.5920953	4.152854
22656	-1486.719	-1582.873	96.15393	0.6142214	0.4885885	4.444222
22662	-1481.621	-1574.915	93.29423	0.4619912	0.6378414	5.985164
22668	-1492.418	-1587.337	94.91981	0.5926101	0.4881613	5.145726
22674	-1487.584	-1581.14	93.55674	0.3767977	0.6792736	5.857552
22680	-1485.931	-1580.058	94.12648	0.4778362	0.6792736	5.489742
22686	-1488.607	-1583.793	95.18529	0.4689475	0.6402633	4.938348
22692	-1484.68	-1579.381	94.70121	0.2893093	0.5627618	5.36822
22698	-1486.902	-1581.356	94.45386	0.3058027	0.6781183	5.405064
22704	-1489.012	-1584.227	95.21502	0.4374597	0.4467815	5.107864
22710	-1479.309	-1573.979	94.67011	0.7306553	0.6037011	5.107864
22716	-1474.352	-1570.331	95.97881	0.5849038	0.7157173	4.372491
22722	-1476.409	-1572.454	96.0447	0.8264573	0.770162	4.159926
22728	-1477.721	-1572.969	95.24774	0.8237346	0.5791587	4.754713
22734	-1480.724	-1576.221	95.49701	0.6215053	0.5595767	4.74494
22740	-1477.362	-1574.251	96.8888	0.7734518	0.6784258	3.773956
22746	-1480.298	-1575.929	95.63132	0.5649038	0.5223768	4.734043
22752	-1478.699	-1573.93	95.2313	0.8640822	0.558365	4.758902
22758	-1485.758	-1580.34	94.58223	0.5222341	0.5318996	5.331791
22764	-1483.722	-1578.452	94.72962	0.4785103	0.5568894	5.253054
22770	-1492.528	-1588.137	95.60841	0.6195592	0.4580149	4.776644
22776	-1491.429	-1588.136	96.70606	0.7249385	0.7411632	3.860497
22782	-1497.215	-1592.821	95.60662	0.7142266	0.478667	4.704754
22788	-1500.302	-1594.96	94.65808	0.4501221	0.5218519	5.338565
22794	-1484.163	-1578.442	94.27917	0.6736115	0.5586755	5.392461
22800	-1483.012	-1577.444	94.43188	0.5126609	0.5640812	5.392461
22806	-1498.93	-1593.54	94.60982	0.4804104	0.5640812	5.312106
22812	-1476.342	-1569.211	92.86949	0.6350732	0.5973949	6.153684
22818	-1479.94	-1573.987	94.04679	0.3083792	0.5973949	5.689131
22824	-1483.977	-1578.015	94.03821	0.5441329	0.7494543	5.452294
22830	-1482.874	-1577.569	94.6952	0.7370351	0.5953382	5.097167
22836	-1473.376	-1568.146	94.77035	0.7518125	0.8122406	4.890259
22842	-1477.808	-1572.355	94.54726	0.572471	0.5250934	5.32934
22848	-1480.189	-1574.989	94.80042	0.3647958	0.7193798	5.151364
22854	-1483.497	-1577.036	93.53929	0.5761349	0.7151096	5.732428
22860	-1478.844	-1572.647	93.80235	0.3130742	0.7151096	5.732428
22866	-1480.083	-1574.926	94.84253	0.55291	0.6564061	5.069777
22872	-1482.504	-1578.598	96.09312	0.947191	0.8921383	3.983633
22878	-1473.532	-1569.056	95.52487	0.6528088	0.4990119	4.765681
22884	-1483.919	-1578.011	94.09267	0.6751209	0.7684504	5.337251
22890	-1477.871	-1571.261	93.3906	0.4644877	0.5815712	5.975368
22896	-1479.492	-1573.807	94.31495	0.4986563	0.7058277	5.355284
22902	-1484.424	-1578.921	94.49667	0.6076573	0.6203358	5.258713
22908	-1479.727	-1573.292	93.56585	0.671263	0.5506525	5.792216
22914	-1487.866	-1582.601	94.73473	0.545391	0.4844398	5.277673
22920	-1487.99	-1581.765	93.77496	0.4441875	0.576448	5.780586
22926	-1480.81	-1576.031	95.22105	0.5701566	0.5455963	4.939459
22932	-1479.108	-1571.908	92.79948	0.5033611	0.5678764	6.287187
22938	-1481.024	-1575.26	94.23548	0.4929727	0.8117585	5.33049
22944	-1493.659	-1589.779	96.11918	0.4853009	0.5088	4.517491
22950	-1483.107	-1578.764	95.65683	0.5795852	0.4340454	4.795877
22956	-1480.263	-1573.991	93.72811	0.6632533	0.7361384	5.566438
22962	-1481.323	-1575.742	94.41946	0.8370957	0.7302512	5.093112
22968	-1475.075	-1571.992	96.91792	0.9365884	0.5282994	3.78881
22974	-1471.507	-1566.321	94.81408	0.689046	0.5282994	5.114515
22980	-1475.147	-1569.045	93.89747	0.7724607	0.5486883	5.556557
22986	-1481.952	-1576.725	94.77272	0.8480164	0.5104473	5.065244
22992	-1480.891	-1575.635	94.74407	0.7454472	0.5674211	5.088422
22998	-1478.938	-1575.909	96.97139	0.9830254	0.5566792	3.705588
23004	-1487.255	-1584.287	97.03259	0.9908921	0.5744971	3.649989
23010	-1477.721	-1573.25	95.52812	0.7315697	0.7834198	4.496569
23016	-1474.94	-1570.954	96.01429	0.7321996	0.7802679	4.223771
23022	-1477.964	-1573.165	95.2011	0.8896987	0.4259588	4.885347
23028	-1470.737	-1566.732	95.99511	0.6650486	0.5484567	4.450662
23034	-1475.684	-1570.531	94.84687	0.8300773	0.7541106	4.842848
23040	-1490.875	-1586.409	95.5344	0.6946393	0.6131812	4.638735
23046	-1494.443	-1589.934	95.49138	0.7607874	0.6131812	4.625776
23052	-1484.06	-1580.158	96.09875	0.7482525	0.5131449	4.376883
23058	-1480.72	-1575.144	94.42442	0.5582783	0.5131449	5.415501
23064	-1479.031	-1573.479	94.44792	0.6835936	0.5538495	5.297956
23070	-1481.307	-1575.784	94.4773	0.7095176	0.6873527	5.1624
23076	-1482.509	-1578.484	95.97434	0.7094481	0.3578442	4.628485
23082	-1483.485	-1579.706	96.22091	0.8351495	0.4108502	4.35995
23088	-1481.818	-1575.561	93.74231	0.742342	0.4771579	5.722008
23094	-1491.437	-1584.075	92.63775	0.6688085	0.6953275	6.18789
23100	-1485	-1579.235	94.23492	0.8941241	0.5131186	5.334843
23106	-1490.065	-1585.522	95.45735	0.6989386	0.513032	4.764792
23112	-1486.302	-1580.666	94.364	0.4960177	0.4900954	5.503952
23118	-1476.42	-1570.841	94.42065	0.5211406	0.6608248	5.317448
23124	-1472.757	-1569.517	96.75997	0.8675823	0.5898113	3.865231
23130	-1478.686	-1575.242	96.55549	0.8675823	0.7643887	3.848581
23136	-1484.466	-1579.102	94.63574	0.6524846	0.5967509	5.175795
23142	-1484.207	-1579.108	94.90035	0.6661587	0.5190022	5.087629
23148	-1485.023	-1579.058	94.03458	0.5348273	0.6017668	5.568082
23154	-1482.483	-1576.487	94.00479	0.6410853	0.5386124	5.578404
23160	-1475.77	-1569.938	94.16834	0.6565656	0.5386124	5.479989
23166	-1488.588	-1582.683	94.09461	0.508511	0.4511271	5.681924
23172	-1484.26	-1578.308	94.04758	0.4128091	0.5365938	5.681924
23178	-1485.129	-1581.399	96.27056	0.6599429	0.7273334	4.156354
23184	-1491.721	-1587.862	96.14136	0.6765552	0.5029997	4.402655
23190	-1488.372	-1582.974	94.60178	0.8815735	0.5065751	5.144902
23196	-1502.785	-1600.366	97.58127	1.226614	0.9793813	2.89425
23202	-1490.866	-1587.703	96.83758	0.9706961	0.4956504	3.845965
23208	-1479.574	-1574.744	95.16986	0.7758669	0.5478639	4.851448
23214	-1491.177	-1586.069	94.89176	0.8646435	0.5478639	4.956858
23220	-1484.276	-1580.624	96.34782	0.6695515	0.4780002	4.313665
23226	-1479.456	-1574.851	95.3953	0.6602752	0.4780002	4.853525
23232	-1477.475	-1574.811	97.33566	0.8849158	0.5405113	3.565806
23238	-1480.618	-1576.743	96.12492	0.9116878	0.3672671	4.419241
23244	-1483.338	-1578.77	95.43207	0.6139955	0.7545634	4.636207
23250	-1483.977	-1579.546	95.56911	0.6421415	0.5732926	4.68145
23256	-1482.224	-1577.716	95.49233	0.6862667	0.584891	4.690051
23262	-1480.777	-1575.654	94.87624	0.6627371	0.4571462	5.160556
23268	-1481.295	-1576.437	95.14158	0.3440963	0.4881393	5.160556
23274	-1475.925	-1570.969	95.04425	0.4414301	0.4881393	5.160556
23280	-1475.162	-1569.972	94.81005	0.6118434	0.5271132	5.160556
23286	-1477.891	-1572.705	94.81439	0.602556	0.6775989	5.041999
23292	-1484.361	-1578.484	94.12274	0.5795776	0.5135013	5.569412
23298	-1484.8	-1579.771	94.97135	0.4974683	0.7227804	4.980536
23304	-1482.156	-1576.21	94.05409	0.4230592	0.7227804	5.528566
23310	-1484.096	-1578.224	94.12878	0.5332491	0.4174925	5.683245
23316	-1471.831	-1566.979	95.14796	0.591274	0.6377663	4.892968
23322	-1474.709	-1569.027	94.31839	0.591274	0.5705606	5.406275
23328	-1476.173	-1570.546	94.37247	0.541966	0.5673981	5.406275
23334	-1479.043	-1574.468	95.4255	0.7416256	0.5431674	4.73193
23340	-1483.025	-1578.677	95.6514	0.7416256	0.7400682	4.451378
23346	-1478.6	-1574.215	95.61546	0.7131762	0.5015869	4.678883
23352	-1482.237	-1577.013	94.77588	0.7805498	0.4622965	5.145893
23358	-1497.474	-1591.576	94.10166	0.7209164	0.6789963	5.369743
23364	-1486.288	-1580.965	94.67736	0.821195	0.9004568	4.848205
23370	-1486.225	-1581.866	95.64066	0.4831292	0.5375684	4.761046
23376	-1494.11	-1590.049	95.93847	0.659626	0.7422727	4.334119
23382	-1497.192	-1592.301	95.10977	0.5995624	0.6095713	4.93181
23388	-1494.313	-1589.245	94.93195	0.7092905	0.5173623	5.047641
23394	-1480.369	-1575.194	94.82445	0.5822355	0.5393903	5.158236
23400	-1487.756	-1581.767	94.01133	0.492195	0.583578	5.618904
23406	-1488.076	-1583.166	95.08986	0.4352122	0.5840426	5.054899
23412	-1482.685	-1577.69	95.00563	0.7309008	0.5840426	4.937408
23418	-1480.635	-1575.377	94.74236	0.5834876	0.5840426	5.165314
23424	-1477.701	-1572.69	94.98938	0.604431	0.4220618	5.165314
23430	-1492.253	-1588.843	96.59037	0.8092192	0.5250207	4.052524
23436	-1485.878	-1581.043	95.16487	0.7558705	0.5250207	4.885407
23442	-1485.422	-1581.024	95.60147	0.7913911	0.4044023	4.739408
23448	-1487.046	-1582.698	95.65156	0.6755955	0.8125718	4.439177
23454	-1488.979	-1584.807	95.82812	0.8495915	0.7877297	4.257686
23460	-1484.414	-1579.377	94.9626	0.7324409	0.5723719	4.97017
23466	-1497.729	-1593.707	95.97819	0.7267294	0.5723719	4.404858
23472	-1487.904	-1583.905	96.00053	0.6854423	0.595426	4.396269
23478	-1480.202	-1575.93	95.7279	0.7481346	0.6129987	4.50021
23484	-1484.11	-1579.285	95.17571	0.8502913	0.6011958	4.76201
23490	-1484.309	-1580.581	96.27194	0.7036615	0.5319523	4.287151
23496	-1480.499	-1576.422	95.92381	0.8316854	0.4940728	4.446178
23502	-1489.958	-1584.718	94.75971	0.7154487	0.9070627	4.857277
23508	-1477.38	-1572.873	95.49219	0.6710121	0.4141454	4.857277
23514	-1487.486	-1587.185	99.6994	1.474335	0.5994971	1.663502
23520	-1486.307	-1586.439	100.1321	1.49687	0.4928996	1.450279
23526	-1493.084	-1592.566	99.48268	1.416001	0.5767577	1.878599
23532	-1487.636	-1586.636	98.99968	1.416001	1.233608	1.708751
23538	-1489.407	-1588.97	99.56331	1.526715	0.613397	1.708751
23544	-1480.671	-1575.848	95.17612	0.7227893	0.5357221	4.888111
23550	-1478.594	-1574.195	95.60106	0.7227893	0.4870422	4.695133
23556	-1480.787	-1575.987	95.20006	0.5165727	0.6497162	4.896354
23562	-1482.879	-1577.221	94.34259	0.6097758	0.5322183	5.415367
23568	-1491.232	-1587.671	96.4396	0.6865592	0.5617308	4.17556
23574	-1480.172	-1574.74	94.56759	0.6646954	0.5617308	5.235615
23580	-1504.808	-1602.573	97.76494	0.8729946	0.6955457	3.190916
23586	-1503.344	-1599.279	95.93446	0.7414032	0.52108	4.466138
23592	-1507.241	-1603.232	95.99141	0.5596396	0.6414388	4.435426
23598	-1503.387	-1599.239	95.85113	0.747209	0.6414388	4.408766
23604	-1482.872	-1578.76	95.88775	0.542527	0.5055808	4.61826
23610	-1493.006	-1589.006	96.00067	0.7494847	0.4159752	4.526854
23616	-1490.056	-1586.157	96.10104	0.6911118	0.4241419	4.494674
23622	-1483.988	-1578.998	95.0101	0.5055868	0.6359027	5.018732
23628	-1476.433	-1571.391	94.9585	0.6130438	0.5967452	5.018732
23634	-1487.741	-1582.328	94.58689	0.5687492	0.5271583	5.307708
23640	-1482.958	-1578.895	95.93608	0.7251827	0.5047499	4.489285
23646	-1479.176	-1574.972	95.79594	0.7344724	0.5047499	4.562835
23652	-1491.173	-1587.081	95.90782	0.6947816	0.4312552	4.593807
23658	-1487.197	-1582.996	95.799	0.6947816	0.4935491	4.593807
23664	-1491.388	-1587.201	95.81319	0.6805871	0.4935491	4.593807
23670	-1497.716	-1592.247	94.53064	0.5150603	0.4919855	5.399994
23676	-1484.859	-1580.38	95.52113	0.6660906	0.5600986	4.706079
23682	-1487.567	-1581.455	93.88866	0.5352038	0.6697125	5.595938
23688	-1479.506	-1574.668	95.16234	0.5299912	0.4682932	5.064785
23694	-1481.703	-1575.99	94.28682	0.5229209	0.5989984	5.438115
23700	-1482.331	-1577.387	95.05573	0.5151404	0.6348558	4.988888
23706	-1480.337	-1574.093	93.7564	0.4943453	0.6348558	5.717071
23712	-1495.46	-1590.223	94.76387	0.5750933	0.5330004	5.201282
23718	-1495.639	-1590.347	94.70825	0.5444567	0.5895544	5.201282
23724	-1502.039	-1595.171	93.13221	0.626692	0.8517672	5.837774
23730	-1488.945	-1583.371	94.4254	0.4072043	0.6114331	5.415628
23736	-1488.97	-1583.494	94.52478	0.5641052	0.6696456	5.229619
23742	-1484.494	-1579.215	94.72089	0.4474342	0.4815855	5.342049
23748	-1472.704	-1567.999	95.29554	0.8080728	0.5071858	4.799526
23754	-1486.523	-1581.98	95.45724	0.6593666	0.3705145	4.930693
23760	-1482.497	-1578.946	96.44856	0.5691281	0.455916	4.335138
23766	-1487.938	-1584.028	96.0903	0.6461233	0.5906035	4.371789
23772	-1485.41	-1580.633	95.22358	0.5953253	0.6075142	4.872452
23778	-1485.853	-1581.621	95.76751	0.5934788	0.6075142	4.569289
23784	-1489.477	-1585.291	95.81398	0.624537	0.4624883	4.6545
23790	-1498.934	-1594.203	95.2692	0.5673911	0.6578681	4.823285
23796	-1481.705	-1575.86	94.15551	0.6411965	0.6578681	5.399669
23802	-1490.054	-1585.194	95.13998	0.8620109	0.6777814	4.715929
23808	-1486.08	-1580.292	94.21248	0.8512957	0.6277409	5.275336
23814	-1481.985	-1577.91	95.92437	0.71293	0.6129162	4.409452
23820	-1483.749	-1580.639	96.88952	0.9467677	0.5841952	3.749856
23826	-1479.92	-1575.979	96.05882	0.9467677	0.5841952	4.224835
23832	-1478.02	-1574.635	96.61426	1.062455	0.7951671	3.680991
23838	-1485.742	-1578.05	92.30826	0.6377849	0.7744285	6.329778
23844	-1484.864	-1578.557	93.69281	0.5159168	0.5520892	5.806533
23850	-1474.23	-1568.246	94.01629	0.6297551	0.5663679	5.554803
23856	-1480.774	-1575.116	94.34253	0.7142183	0.7760025	5.172526
23862	-1478.79	-1573.507	94.71662	0.6812709	0.5286108	5.172526
23868	-1482.495	-1578.455	95.96038	0.8517081	0.6491446	4.281983
23874	-1478.777	-1573.614	94.83616	0.5782537	0.5399604	5.153459
23880	-1475.513	-1569.397	93.88381	0.4162644	0.5399604	5.766858
23886	-1480.208	-1573.924	93.71653	0.4229105	0.649588	5.766858
23892	-1476.862	-1571.248	94.38619	0.5563645	0.690201	5.295372
23898	-1485.606	-1581.46	95.85372	0.9714233	0.5832356	4.327811
23904	-1482.919	-1576.677	93.75767	0.4305027	0.5832356	5.792003
23910	-1480.05	-1573.217	93.16654	0.4499046	0.6787724	6.031026
23916	-1476.252	-1570.95	94.69838	0.7907186	0.5596777	5.095179
23922	-1475.582	-1570.613	95.03026	0.6704633	0.6946794	4.871653
23928	-1472.305	-1565.849	93.5436	0.5731755	0.5821631	5.831936
23934	-1484.861	-1579.595	94.73378	0.5837265	0.5821631	5.171471
23940	-1488.239	-1581.288	93.04882	0.5382997	0.6065979	6.101473
23946	-1487.679	-1582.448	94.76881	0.7141851	0.4243111	5.224313
23952	-1500.576	-1594.684	94.1081	0.6083854	0.7623161	5.369675
23958	-1492.451	-1588.592	96.14049	0.7362525	0.6557462	4.240236
23964	-1496.832	-1591.328	94.49671	0.4531513	0.7864187	5.224734
23970	-1482.851	-1576.823	93.97234	0.4844305	0.4228317	5.790222
23976	-1493.031	-1588.609	95.5773	0.7351879	0.7022322	4.523806
23982	-1484.524	-1579.496	94.97175	0.7351879	0.6714374	4.885338
23988	-1487.564	-1582.396	94.83288	0.3448099	0.6822341	5.1712
23994	-1499.062	-1592.316	93.25367	0.5375772	0.5797875	6.011641
24000	-1506.863	-1602.731	95.86739	0.5848598	0.755782	4.407014
24006	-1495.657	-1590.426	94.76924	0.5848598	0.7178828	5.047714
24012	-1490.265	-1585.988	95.72385	0.6151764	0.573833	4.609405
24018	-1491.954	-1588.102	96.14822	0.7162273	0.5265288	4.354869
24024	-1480.331	-1574.465	94.13461	0.5453146	0.5379589	5.560261
24030	-1474.634	-1568.557	93.92329	0.6625953	0.4957018	5.649381
24036	-1488.4	-1582.454	94.05413	0.6220161	0.421492	5.671412
24042	-1473.7	-1569.753	96.05287	0.706379	0.4852929	4.45236
24048	-1478.758	-1574.751	95.99219	0.7374976	0.503028	4.45236
24054	-1476.181	-1570.639	94.45828	0.9023309	0.5873422	5.143362
24060	-1479.743	-1574.111	94.36749	0.8350945	0.6843822	5.155842
24066	-1481.97	-1579.701	97.73038	0.9149658	0.628684	3.24018
24072	-1485.319	-1582.034	96.71515	1.015606	0.79656	3.648745
24078	-1484.785	-1582.532	97.74672	1.015606	0.5480966	3.24132
24084	-1481.74	-1578.352	96.6129	1.015606	0.5480966	3.900836
24090	-1478.806	-1573.63	94.82402	0.8405225	0.3820635	5.168704
24096	-1481.156	-1575.713	94.55781	0.6046834	0.6972133	5.168704
24102	-1490.811	-1587.75	96.93949	0.7974933	0.6825682	3.72767
24108	-1498.625	-1593.461	94.83602	0.823398	0.7026468	4.888878
24114	-1494.695	-1590.059	95.36402	0.8811909	0.3447705	4.888878
24120	-1489.603	-1585.416	95.81243	0.8036551	0.6797059	4.369444
24126	-1495.561	-1591.342	95.78035	0.8398419	0.6745092	4.371038
24132	-1486.763	-1583.869	97.10561	0.8085339	0.5091953	3.772185
24138	-1485.71	-1582.795	97.08476	0.8495545	0.5091953	3.760555
24144	-1485.964	-1581.924	95.96013	1.070887	0.8882479	3.99137
24150	-1483.368	-1580.205	96.83724	0.7834413	0.4570047	3.99137
24156	-1485.721	-1582.137	96.4158	0.7641096	0.5195223	4.182567
24162	-1482.76	-1577.719	94.95873	0.6941511	0.8002292	4.825256
24168	-1475.994	-1570.333	94.339	0.5966429	0.5622748	5.398876
24174	-1477.786	-1571.552	93.76609	0.4464557	0.5178734	5.833964
24180	-1490.443	-1585.217	94.77341	0.7084637	0.5961322	5.068995
24186	-1486.017	-1581.726	95.7094	0.6001343	0.5333923	4.660829
24192	-1491.643	-1588.283	96.63968	0.7107421	0.4053994	4.199162
24198	-1493.936	-1589.979	96.04284	0.912558	0.9007098	4.026833
24204	-1495.582	-1592.543	96.96058	0.7488881	0.6845666	3.742025
24210	-1479.908	-1574.38	94.47192	0.5758606	0.486359	5.404055
24216	-1490.227	-1585.418	95.19155	0.6998493	0.6165128	4.824847
24222	-1488.881	-1586.319	97.43754	1.019322	0.5312925	3.436448
24228	-1496.112	-1592.156	96.04425	0.9031014	0.5860277	4.25631
24234	-1481.219	-1578.105	96.88651	0.9773035	0.536297	3.776157
24240	-1488.439	-1582.415	93.97625	0.6265625	0.722619	5.459558
24246	-1486.319	-1580.635	94.31647	0.667541	0.6017875	5.339839
24252	-1479.26	-1574.768	95.50797	0.7451504	0.5664863	4.663756
24258	-1475.417	-1570.456	95.03969	0.6642438	0.7021557	4.86443
24264	-1488.214	-1582.466	94.25271	0.8461995	0.966373	5.031911
24270	-1478.74	-1571.651	92.91138	0.6866895	0.5677284	6.126765
24276	-1480.387	-1572.994	92.60673	0.6142018	0.5495384	6.346892
24282	-1493.387	-1586.624	93.23692	0.577577	0.5495156	6.024025
24288	-1501.037	-1594.712	93.6755	0.4795227	0.5495156	5.838082
24294	-1489.82	-1583.537	93.71661	0.3838065	0.4864234	5.923576
24300	-1496.553	-1593.98	97.42643	1.191328	0.7277475	3.178328
24306	-1486.997	-1585.268	98.2708	1.27244	0.9662393	2.449953
24312	-1489.691	-1587.607	97.91628	0.9480685	0.6077832	3.127923
24318	-1487.604	-1584.619	97.01504	0.8256684	0.6185008	3.718552
24324	-1479.674	-1573.848	94.17451	0.7932779	0.7645945	5.229392
24330	-1483.134	-1579.181	96.04671	0.7769661	0.5458872	4.360683
24336	-1487.828	-1583.327	95.49901	0.6047726	0.6134326	4.708669
24342	-1477.056	-1572.137	95.08118	0.5399565	0.6134326	4.977781
24348	-1484.468	-1579.251	94.7836	0.64861	0.5624327	5.124381
24354	-1482.597	-1578.562	95.96531	0.6169505	0.6183682	4.436089
24360	-1477.357	-1572.068	94.7108	0.5049761	0.5715169	5.236552
24366	-1488.021	-1583.797	95.77577	0.6993045	0.5715169	4.534982
24372	-1488.239	-1583.325	95.08556	0.5964275	0.4539146	5.08447
24378	-1480.429	-1574.911	94.48189	0.5267049	0.7126541	5.242771
24384	-1489.271	-1584.619	95.34807	0.6772342	0.4596887	4.888032
24390	-1483.875	-1579.582	95.70623	0.5268586	0.4614746	4.770398
24396	-1488.909	-1585.152	96.24272	0.7333992	0.8244077	4.063633
24402	-1486.383	-1582.32	95.93727	0.6467401	0.6107816	4.441214
24408	-1485.626	-1581.684	96.05724	0.8582133	0.4083207	4.441969
24414	-1491.301	-1588.239	96.93777	0.8582133	0.6234734	3.740304
24420	-1483.406	-1577.451	94.04493	0.5922543	0.6365297	5.503662
24426	-1482.674	-1576.798	94.12329	0.7857118	0.4617834	5.503662
24432	-1484.144	-1579.621	95.47618	0.607382	0.4787246	4.83723
24438	-1482.525	-1578.454	95.92927	0.607382	0.5859838	4.488218
24444	-1487.102	-1583.767	96.66546	0.8014136	0.6673072	3.894857
24450	-1488.737	-1583.812	95.07463	0.6246853	0.4357794	5.092896
24456	-1486.94	-1581.79	94.85055	0.6246853	0.5560016	5.105986
24462	-1482.833	-1576.235	93.4019	0.5094806	0.5411761	5.978256
24468	-1483.247	-1579.245	95.99763	1.014741	0.4736374	4.320716
24474	-1486.694	-1582.603	95.9086	1.006502	0.5326865	4.320716
24480	-1483.777	-1580.548	96.77072	1.006502	0.6873856	3.700741
24486	-1484.455	-1580.191	95.73543	1.013356	0.5070394	4.43789
24492	-1480.409	-1576.587	96.17834	1.008778	0.3764512	4.323772
24498	-1476.282	-1572.277	95.99525	0.7377789	0.660012	4.318315
24504	-1480.796	-1577.647	96.85116	0.8480525	0.660012	3.76692
24510	-1491.07	-1586.482	95.41221	0.6834657	0.5644589	4.753553
24516	-1495.122	-1589.158	94.03579	0.6507209	0.6158825	5.492548
24522	-1492.425	-1587.267	94.84216	0.6524701	0.5744063	5.079754
24528	-1492.386	-1587.923	95.53689	0.7249591	0.5370669	4.684288
24534	-1487.2	-1581.32	94.12062	0.5364613	0.6409732	5.489318
24540	-1487.954	-1581.821	93.86731	0.5598603	0.4637405	5.766165
24546	-1482.488	-1576.477	93.98813	0.5591356	0.3982536	5.766165
24552	-1490.94	-1585.274	94.33407	0.4242198	0.4450131	5.602778
24558	-1483.155	-1577.68	94.52458	0.6079442	0.6650985	5.208874
24564	-1489.597	-1583.377	93.78016	0.5453046	0.7188696	5.614621
24570	-1495.371	-1590.748	95.37741	0.6839006	0.5868554	4.75401
24576	-1497.883	-1591.051	93.16832	0.6839006	0.5571611	5.997029
24582	-1490.013	-1586.772	96.75833	0.7319298	0.6473058	3.897064
24588	-1484.646	-1581.109	96.46312	0.7319298	0.6473058	4.065875
24594	-1484.427	-1578.518	94.0917	0.8066627	0.5267303	5.449903
24600	-1492.247	-1588.714	96.46646	0.7270255	0.540589	4.155856
24606	-1484.154	-1578.849	94.69414	0.644224	0.540589	5.195008
24612	-1472.847	-1567.917	95.06993	0.7097209	0.5080259	4.979197
24618	-1484.854	-1579.663	94.80897	0.7519252	0.654706	4.979197
24624	-1483.074	-1577.873	94.79909	0.7519252	0.6619686	4.979197
24630	-1483.413	-1578.43	95.01784	0.6356763	0.5491119	5.012964
24636	-1485.52	-1579.713	94.19335	0.4627052	0.4863703	5.619449
24642	-1479.493	-1575.462	95.96874	0.7421331	0.4686927	4.495557
24648	-1487.237	-1582.957	95.71947	0.767342	0.3050793	4.803178
24654	-1486.487	-1582.209	95.7218	0.6647	0.5194655	4.630149
24660	-1478.033	-1573.628	95.5951	0.5214543	0.5023641	4.796725
24666	-1486.268	-1581.512	95.24366	0.714396	0.6051848	4.796725
24672	-1492.997	-1590.089	97.09229	0.7353247	0.5826666	3.756166
24678	-1492.18	-1588.972	96.79244	0.6037638	0.5143481	4.06425
24684	-1481.397	-1577.036	95.63904	0.6337124	0.4942759	4.71694
24690	-1494.786	-1590.611	95.82426	0.6091555	0.4589618	4.660816
24696	-1492.095	-1587.188	95.09289	0.5654318	0.6301134	4.943956
24702	-1483.962	-1578.9	94.93812	0.4901261	0.4161257	5.263008
24708	-1490.667	-1584.909	94.24251	0.6441152	0.3489995	5.63468
24714	-1482.917	-1576.611	93.69359	0.4276572	0.6687732	5.762545
24720	-1477.132	-1572.423	95.29022	0.6804843	0.4564642	4.921586
24726	-1476.913	-1572.193	95.27973	0.4664091	0.5481821	4.96229
24732	-1477.758	-1572.821	95.06352	0.6699603	0.6020748	4.924396
24738	-1480.642	-1575.634	94.99211	0.5097457	0.4954387	5.144834
24744	-1486.603	-1581.402	94.79901	0.5597842	0.5373095	5.18655
24750	-1478.311	-1574.987	96.67646	0.8144023	0.7440299	3.824034
24756	-1471.017	-1566.192	95.17502	0.7555874	0.7440299	4.708156
24762	-1494.34	-1589.341	95.00085	0.7013319	0.5845862	4.956067
24768	-1488.46	-1585.119	96.65902	0.6887876	0.5429469	4.065914
24774	-1486.949	-1583.474	96.52525	0.9000284	0.8102949	3.815784
24780	-1483.717	-1579.163	95.44607	0.8062274	0.9464812	4.398203
24786	-1473.953	-1568.051	94.09793	0.6769308	0.7285634	5.360619
24792	-1478.915	-1573.081	94.16602	0.5977828	0.737353	5.360619
24798	-1475.798	-1570.887	95.08906	0.4577148	0.4610878	5.152407
24804	-1469.998	-1563.55	93.55188	0.4597546	0.6708703	5.82099
24810	-1474.332	-1570.073	95.74103	0.622142	0.5837241	4.587581
24816	-1482.297	-1577.807	95.51054	0.7298351	0.5272307	4.705015
24822	-1492.77	-1586.128	93.35821	0.4058931	0.6211063	5.993689
24828	-1484.588	-1578.519	93.93064	0.6059178	0.6070263	5.581948
24834	-1480.192	-1574.754	94.5619	0.4748847	0.5991394	5.312842
24840	-1481.686	-1575.956	94.27091	0.6486913	0.8331881	5.211213
24846	-1469.782	-1564.279	94.49764	0.700261	0.6149698	5.211213
24852	-1484.227	-1579.69	95.46266	0.402958	0.5307336	4.91104
24858	-1478.952	-1573.476	94.52389	0.6811795	0.5540622	5.257148
24864	-1481.465	-1576.648	95.18332	0.7240895	0.5490853	4.871751
24870	-1477.179	-1572.809	95.63015	0.586129	0.4914271	4.751171
24876	-1486.447	-1579.15	92.70325	0.392438	0.5019474	6.456042
24882	-1493.888	-1588.665	94.77714	0.6412224	0.4265876	5.257713
24888	-1505.105	-1599.675	94.56988	0.5237959	0.4826705	5.382199
24894	-1490.69	-1585.289	94.5993	0.4710841	0.5097761	5.370198
24900	-1482.569	-1577.092	94.52294	0.513092	0.5690104	5.337898
24906	-1491.746	-1587.176	95.42935	0.8622185	0.6469001	4.577113
24912	-1484.053	-1579.067	95.014	0.543288	0.6291235	5.000893
24918	-1484.017	-1579.973	95.95598	0.6298736	0.5334259	4.505718
24924	-1492.952	-1587.731	94.77941	0.3034206	0.6005608	5.286278
24930	-1494.35	-1587.851	93.50088	0.4450572	0.4883436	6.006119
24936	-1482.982	-1577.18	94.19747	0.3033716	0.6104564	5.598849
24942	-1481.446	-1575.613	94.16749	0.482827	0.5138525	5.597659
24948	-1477.238	-1570.787	93.54942	0.5722352	0.5844819	5.827388
24954	-1477.103	-1573.485	96.38178	0.7546147	0.5020681	4.223401
24960	-1474.02	-1568.431	94.41064	0.5718063	0.7464333	5.233651
24966	-1482.842	-1577.799	94.95642	0.4967274	0.5525613	5.121159
24972	-1482.061	-1578.442	96.38162	0.7584105	0.5604656	4.168775
24978	-1484.068	-1578.993	94.92502	0.6194386	0.4617995	5.153003
24984	-1485.549	-1578.344	92.79496	0.3655667	0.6527778	6.298198
24990	-1486.66	-1580.26	93.60017	0.4653668	0.6527778	5.804912
24996	-1490.268	-1585.827	95.55894	0.577187	0.4481727	4.837619
25002	-1484.368	-1580.614	96.2456	0.7178722	0.6496047	4.19581
25008	-1488.96	-1585.517	96.55701	0.8485495	0.6575204	3.937595
25014	-1474.687	-1570.27	95.58271	0.855066	0.6575204	4.486769
25020	-1476.538	-1571.792	95.25379	0.7606937	0.5865569	4.780415
25026	-1478.866	-1574.516	95.64988	0.7007885	0.5865569	4.592247
25032	-1477.144	-1572.158	95.01388	0.7763765	0.672778	4.837902
25038	-1483.552	-1577.339	93.78739	0.7707485	0.672778	5.519901
25044	-1479.468	-1574.288	94.81985	0.5182771	0.4709356	5.25836
25050	-1476.071	-1569.192	93.12044	0.6610011	0.5536546	6.038564
25056	-1479.676	-1574.812	95.13617	0.5067553	0.5563225	5.012673
25062	-1480.09	-1575.515	95.42484	0.4655051	0.410731	5.012673
25068	-1481.669	-1575.815	94.14648	0.6998359	0.4288061	5.570596
25074	-1483.442	-1577.455	94.01289	0.4181553	0.4923802	5.737289
25080	-1476.638	-1570.93	94.29155	0.4559	0.4923802	5.563724
25086	-1476.756	-1570.666	93.91037	0.6388027	0.5674985	5.607069
25092	-1484.421	-1579.825	95.40425	0.6723446	0.4764182	4.843309
25098	-1482.931	-1577.801	94.87055	0.6196876	0.7804779	4.928972
25104	-1486.65	-1581.749	95.0989	0.944239	0.253491	5.119928
25110	-1477.965	-1573.357	95.39234	0.6953729	0.5266565	4.790844
25116	-1485.796	-1580.289	94.49312	0.6689678	0.6058429	5.23826
25122	-1488.742	-1586.211	97.4692	0.9728565	0.6931148	3.308549
25128	-1495.235	-1593.097	97.86245	0.8861519	0.5225028	3.273258
25134	-1486.95	-1581.359	94.40836	0.6624494	0.4989537	5.379766
25140	-1487.113	-1583.777	96.66467	0.7490436	0.6960006	3.903517
25146	-1491.191	-1589.421	98.23046	0.9342867	0.350663	3.213
25152	-1486.899	-1584.668	97.76818	1.006881	0.6401904	3.153773
25158	-1491.574	-1588.449	96.87511	0.8280381	0.614756	3.800963
25164	-1493.772	-1590.35	96.578	1.133701	0.8511999	3.6232
25170	-1487.535	-1583.593	96.05744	0.7596502	0.5019217	4.404125
25176	-1493.546	-1589.276	95.73065	0.5733337	0.6164186	4.594119
25182	-1497.847	-1594.77	96.9234	0.91399	0.6455212	3.698596
25188	-1488.394	-1585.513	97.11922	0.71817	0.6455212	3.698596
25194	-1485.222	-1581.713	96.49053	0.9957677	0.9343034	3.701324
25200	-1492.082	-1590.437	98.35548	1.310108	0.6995545	2.565372
25206	-1487.394	-1586.501	99.10699	1.151051	0.6960286	2.193036
25212	-1490.111	-1586.984	96.87366	0.9573714	0.6724611	3.681094
25218	-1488.837	-1585.793	96.95562	1.012775	0.686241	3.590836
25224	-1481.437	-1578.907	97.47049	0.7513844	0.5126929	3.590836
25230	-1478.622	-1574.117	95.49483	0.7107585	0.4964889	4.752428
25236	-1484.938	-1580.522	95.58407	0.5481587	0.4379505	4.850036
25242	-1496.866	-1592.255	95.38974	0.5273621	0.5682214	4.850036
25248	-1490.376	-1584.483	94.10723	0.6255244	0.6210021	5.463096
25254	-1510.255	-1604.993	94.73779	0.4744906	0.565801	5.243256
25260	-1491.835	-1586.374	94.53977	0.7198168	0.8934131	4.985467
25266	-1477.026	-1572.259	95.23253	0.5712755	0.4866742	4.985467
25272	-1485.53	-1580.016	94.48575	0.5352825	0.4612057	5.442572
25278	-1480.447	-1577.1	96.65302	0.7549856	0.4612047	4.108485
25284	-1482.972	-1579.884	96.91214	0.866619	0.4910913	3.867295
25290	-1476.528	-1571.107	94.57973	0.6022542	0.4586155	5.356383
25296	-1477.529	-1572.649	95.11996	0.5677262	0.6674399	4.899054
25302	-1472.372	-1567.319	94.94677	0.6368337	0.7480209	4.899054
25308	-1472.177	-1567.368	95.19155	0.6433793	0.8353253	4.700781
25314	-1480.947	-1575.831	94.88464	0.8246059	0.7758486	4.810041
25320	-1486.473	-1582.21	95.73715	0.5728875	0.8635276	4.416065
25326	-1480.782	-1576.899	96.11628	0.6874861	0.4532881	4.458443
25332	-1476.416	-1572.253	95.83744	0.4662457	0.4954866	4.698505
25338	-1474.499	-1569.153	94.65343	0.7182695	0.4954866	5.216822
25344	-1496.159	-1590.628	94.4683	0.8295332	0.5412856	5.216822
25350	-1490.84	-1582.93	92.0901	0.5171225	0.5204642	6.704047
25356	-1480.033	-1575.169	95.13622	0.6472837	0.5204642	4.96584
25362	-1480.95	-1574.99	94.04058	0.65573	0.7103503	5.416716
25368	-1489.409	-1584.135	94.72561	0.7071642	0.5235333	5.157701
25374	-1490.425	-1584.39	93.96537	0.6514881	0.6208406	5.526969
25380	-1488.431	-1583.97	95.53892	0.7420894	0.5983289	4.621629
25386	-1485.751	-1580.495	94.74418	0.6660684	0.511973	5.180492
25392	-1484.163	-1578.965	94.80198	0.5302902	0.5615223	5.180492
25398	-1484.486	-1579.759	95.27365	0.5626981	0.5551409	4.906124
25404	-1478.003	-1573.297	95.2942	0.7255181	0.5248512	4.830394
25410	-1481.203	-1574.72	93.51676	0.5183355	0.5856222	5.873789
25416	-1482.949	-1577.622	94.67229	0.6490152	0.6076771	5.148709
25422	-1480.901	-1575.799	94.89847	0.7577728	0.6799619	4.907231
25428	-1487.23	-1582.688	95.45847	0.7022304	0.5660607	4.715838
25434	-1495.356	-1589.144	93.78794	0.6068686	0.7145475	5.579585
25440	-1491.764	-1586.982	95.21829	0.5180197	0.4026983	5.106632
25446	-1491.8	-1587.22	95.41976	0.6326224	0.4185537	4.914398
25452	-1484.165	-1579.984	95.81889	0.7364711	0.7239043	4.371313
25458	-1489.744	-1586.406	96.6614	0.9384617	0.5322057	3.931523
25464	-1481.451	-1575.584	94.13239	0.6190219	0.4906872	5.563108
25470	-1493.383	-1591.098	97.71459	0.99086	0.4742463	3.345793
25476	-1484.713	-1581.94	97.22718	1.04529	0.5564954	3.521183
25482	-1499.089	-1595.132	96.04266	0.734399	0.5511842	4.382368
25488	-1489.459	-1583.703	94.24347	0.4781774	0.5265348	5.547274
25494	-1482.411	-1576.53	94.119	0.448007	0.6299894	5.547274
25500	-1483.11	-1577.398	94.2882	0.6036862	0.5360626	5.445329
25506	-1484.465	-1580.851	96.38541	0.6830653	0.5360626	4.230859
25512	-1480.937	-1575.038	94.10025	0.4573099	0.7693609	5.452497
25518	-1478.576	-1573.346	94.76973	0.6053616	0.6273063	5.103419
25524	-1481.099	-1577.808	96.70863	0.9232214	0.6501766	3.813452
25530	-1484.831	-1579.587	94.75617	0.5823382	0.6501766	5.106074
25536	-1482.978	-1578.71	95.73196	0.8788602	0.572435	4.45784
25542	-1483.73	-1577.585	93.85549	0.7239548	0.6160969	5.551243
25548	-1483.377	-1577.841	94.46307	0.5445826	0.8808342	5.132884
25554	-1475.306	-1568.996	93.68975	0.5302049	0.6337633	5.734773
25560	-1478.687	-1574.258	95.57081	0.6733566	0.6926984	4.569175
25566	-1482.108	-1577.738	95.63007	0.7117167	0.6926984	4.514329
25572	-1484.52	-1580.219	95.69928	0.5246931	0.586661	4.66318
25578	-1487.55	-1581.963	94.41276	0.4245325	0.6372361	5.392954
25584	-1485.31	-1581.877	96.56712	0.8517412	0.6320022	3.950156
25590	-1485.672	-1581.009	95.33708	0.7793495	0.5944204	4.716984
25596	-1498.065	-1592.218	94.15291	0.4507636	0.7553926	5.436513
25602	-1484.588	-1580.892	96.30389	0.8840934	0.5901964	4.116183
25608	-1476.699	-1570.963	94.26418	0.7053533	0.6275894	5.32748
25614	-1480.611	-1576.701	96.09037	0.4556168	0.5290588	4.532024
25620	-1488.797	-1583.269	94.4716	0.6206936	0.839534	5.111592
25626	-1486.466	-1580.792	94.32656	0.6216085	0.508965	5.438262
25632	-1487.86	-1581.79	93.92943	0.6064874	0.8092025	5.438262
25638	-1491.249	-1584.729	93.48042	0.5969891	0.5108816	5.914013
25644	-1497.215	-1594.693	97.47756	0.8201827	0.5867126	3.479909
25650	-1492.479	-1589.444	96.96495	1.075799	0.5867126	3.629446
25656	-1485.901	-1583.482	97.58107	0.8853747	0.5864788	3.381372
25662	-1487.747	-1583.441	95.69422	0.8335585	0.5682889	4.508089
25668	-1496.205	-1591.859	95.65449	0.8335585	0.6176644	4.489703
25674	-1486.289	-1581.846	95.55663	0.5997691	0.4971302	4.779311
25680	-1491.113	-1585.103	93.99061	0.4571897	0.4971302	5.723778
25686	-1488.657	-1583.816	95.15887	0.5253821	0.6015112	4.95224
25692	-1488.733	-1583.999	95.26534	0.6837351	0.8797024	4.608964
25698	-1494.384	-1589.009	94.62452	0.7199538	0.8424819	4.969752
25704	-1492.824	-1587.658	94.83414	0.6457817	0.7293275	4.969752
25710	-1489.87	-1583.874	94.00451	0.5796021	0.5620239	5.592443
25716	-1499.435	-1593.86	94.42507	0.3107888	0.5620239	5.509061
25722	-1489.528	-1583.404	93.87565	0.5358463	0.7307783	5.559079
25728	-1492.316	-1586.523	94.20688	0.4232519	0.5717573	5.559079
25734	-1488.208	-1582.024	93.81625	0.3287953	0.5650523	5.830521
25740	-1480.86	-1575.987	95.1272	0.9110588	1.072971	4.448013
25746	-1482.273	-1576.753	94.48009	0.8174997	0.3713678	5.383243
25752	-1471.235	-1567.293	96.05784	0.9043226	0.8220424	4.073146
25758	-1489.346	-1586.558	97.21205	1.012939	0.5513576	3.553432
25764	-1490.584	-1587.519	96.93461	1.213094	0.6820137	3.489692
25770	-1487.358	-1581.928	94.56974	0.8270625	0.6288096	5.090206
25776	-1483.991	-1578.15	94.15983	0.5666456	0.4804989	5.586244
25782	-1481.245	-1577.351	96.10624	0.6974715	0.6305808	4.301311
25788	-1479.748	-1574.278	94.53039	0.7704409	0.5985799	5.167338
25794	-1482.2	-1578.454	96.25422	0.7249836	0.5464645	4.272224
25800	-1482.967	-1579.41	96.44271	0.5364954	0.5464645	4.272224
25806	-1480.346	-1575.062	94.71583	0.7930474	0.705933	4.970276
25812	-1478.021	-1574.025	96.00386	0.7930474	0.63818	4.299153
25818	-1480.365	-1575.213	94.84855	0.8042222	0.8301898	4.805856
25824	-1476.344	-1571.493	95.14894	0.6949655	0.6482552	4.826541
25830	-1483.601	-1580.431	96.82922	0.9660241	0.6167691	3.746227
25836	-1477.689	-1573.417	95.72858	0.9728598	0.7074242	4.300679
25842	-1476.435	-1572.631	96.196	0.8575956	0.5506639	4.226383
25848	-1486.28	-1582.107	95.82632	0.7998205	0.5855306	4.438206
25854	-1490.517	-1586.417	95.89992	0.6579341	0.7157213	4.375797
25860	-1480.714	-1575.583	94.86945	0.8158763	0.7347873	4.851577
25866	-1491.182	-1585.964	94.78125	0.5391023	0.8296083	4.991334
25872	-1490.34	-1584.965	94.6248	0.485264	0.5085817	5.349392
25878	-1483.178	-1578.272	95.09405	0.6605618	0.5020025	4.998604
25884	-1482.239	-1578.453	96.21384	0.8627119	0.5813635	4.186952
25890	-1490.009	-1585.79	95.78086	0.8477718	0.622385	4.406733
25896	-1474.891	-1570.766	95.8752	0.613767	0.5413623	4.553163
25902	-1472.801	-1568.538	95.73736	0.756517	0.5382301	4.553163
25908	-1478.352	-1573.821	95.46893	0.6910662	0.5382301	4.740234
25914	-1493.03	-1587.21	94.17936	0.38596	0.5647365	5.600498
25920	-1494.134	-1587.654	93.52017	0.5902508	0.7704415	5.697377
25926	-1482.872	-1576.891	94.01852	0.6212094	0.415636	5.697377
25932	-1490.942	-1587.125	96.18374	0.831692	0.8835855	4.003195
25938	-1489.781	-1585.985	96.20444	0.741659	0.7798311	4.110653
25944	-1505.116	-1601.968	96.85206	0.741659	0.3229017	4.15736
25950	-1497.564	-1591.83	94.26654	0.4820863	0.7198762	5.381163
25956	-1504.697	-1599.931	95.23465	0.5258879	0.7198762	4.820161
25962	-1487.255	-1581.856	94.6014	0.5258879	0.6258006	5.241755
25968	-1488.209	-1583.411	95.2024	0.6807327	0.8661055	4.654359
25974	-1489.357	-1585.18	95.82281	0.5139936	0.5235128	4.654359
25980	-1494.295	-1591.392	97.09654	0.7358149	0.5468025	3.784817
25986	-1485.425	-1580.667	95.24157	0.638534	0.7638104	4.722763
25992	-1486.931	-1582.865	95.93409	0.734082	0.5514632	4.443525
25998	-1485.164	-1579.122	93.95793	0.5635617	0.636422	5.567337
26004	-1488.851	-1584.416	95.56523	0.6469672	0.4925748	4.752376
26010	-1483.967	-1579.435	95.46834	0.7041904	0.6403645	4.648935
26016	-1483.546	-1578.555	95.00942	0.6822794	0.5258748	5.012042
26022	-1485.4	-1579.243	93.84277	0.4996559	0.4690644	5.807491
26028	-1489.026	-1585.016	95.99044	0.7354829	0.4700382	4.485782
26034	-1489.631	-1583.311	93.67986	0.6976488	0.5231807	5.739013
26040	-1493.552	-1586.573	93.02116	0.5325862	0.9597423	5.886321
26046	-1484.665	-1580.292	95.62729	0.8090491	0.6323333	4.507143
26052	-1497.82	-1593.242	95.42192	0.6182099	0.6323333	4.729301
26058	-1482.09	-1577.146	95.05602	0.9841086	0.6323333	4.729301
26064	-1486.298	-1579.6	93.30271	0.5861826	0.6323333	5.916944
26070	-1485.453	-1579.605	94.1516	0.5840805	0.6323333	5.452692
26076	-1490.385	-1584	93.61461	0.4331658	0.6323333	5.830109
26082	-1488.05	-1583.195	95.1452	0.4744951	0.7758577	4.859975
26088	-1488.45	-1584.427	95.9777	0.6645451	0.5264956	4.480185
26094	-1493.231	-1588.643	95.41234	0.407222	0.7134876	4.791782
26100	-1494.311	-1587.351	93.04002	0.5833932	0.5559228	6.122758
26106	-1493.427	-1587.891	94.46398	0.5049037	0.5311298	5.407215
26112	-1482.289	-1576.577	94.28786	0.5753662	0.5806604	5.423524
26118	-1488.23	-1581.75	93.51925	0.4004099	0.5806604	5.940862
26124	-1482.597	-1576.051	93.45364	0.3057303	0.6776175	5.953896
26130	-1484.813	-1578.337	93.52389	0.360408	0.5884185	5.953896
26136	-1484.14	-1578.896	94.75516	0.4298958	0.4778529	5.336323
26142	-1487.605	-1584.106	96.50043	0.616766	0.5728013	4.171137
26148	-1483.808	-1578.66	94.85135	0.6114671	0.5889133	5.085437
26154	-1486.541	-1581.471	94.92993	0.6362187	0.6983201	4.943923
26160	-1490.126	-1585.832	95.70563	0.7655639	0.7988425	4.367028
26166	-1486.653	-1581.536	94.88294	0.536607	0.5640504	5.130035
26172	-1484.581	-1578.946	94.36591	0.5256564	0.8279768	5.23002
26178	-1483.545	-1577.766	94.22014	0.5789602	0.5786275	5.460501
26184	-1483.849	-1578.568	94.71916	0.7509767	0.5554421	5.109288
26190	-1483.01	-1576.194	93.18459	0.6260127	0.6817796	5.922903
26196	-1480.818	-1575.301	94.48265	0.7045078	0.6817796	5.16629
26202	-1475.694	-1570.757	95.06323	0.8214611	0.6671308	4.789448
26208	-1481.35	-1576.595	95.24499	0.789152	0.6338004	4.731502
26214	-1487.759	-1584.036	96.27736	0.7947181	0.700469	4.095417
26220	-1488.992	-1584.771	95.77868	0.8861322	0.8542374	4.221328
26226	-1493.326	-1586.675	93.34865	0.5957444	0.7156275	5.825679
26232	-1491.372	-1585.466	94.09404	0.6117009	0.7156275	5.40779
26238	-1485.323	-1579.804	94.48094	0.3916638	0.5936545	5.40779
26244	-1483.501	-1577.464	93.96296	0.4971044	0.6603218	5.583018
26250	-1483.269	-1578.028	94.7586	0.6346524	0.6191115	5.099778
26256	-1497.194	-1592.214	95.02079	0.5319561	0.7517992	4.913627
26262	-1489.913	-1584.72	94.80664	0.7469814	0.5233847	5.090876
26268	-1490.287	-1584.776	94.48923	0.4096105	0.5233847	5.452585
26274	-1484.675	-1579.127	94.45274	0.5101986	0.6384325	5.322748
26280	-1487.115	-1579.722	92.60643	0.6087106	0.5838035	6.321869
26286	-1485.904	-1578.743	92.83885	0.4006989	0.860021	6.116105
26292	-1483.866	-1579.177	95.31061	0.7391464	0.4012323	4.934133
26298	-1486.103	-1581.062	94.95901	0.6214148	0.6626303	4.962352
26304	-1485.979	-1579.712	93.73292	0.5098452	0.5699841	5.772971
26310	-1491.699	-1585.264	93.56579	0.6002259	0.6225243	5.772971
26316	-1504.911	-1600.325	95.41382	0.8332159	0.6432335	4.60494
26322	-1486.802	-1581.25	94.44719	0.6173114	0.6035475	5.294006
26328	-1487.908	-1582.629	94.72097	0.4083063	0.5378914	5.312882
26334	-1489.848	-1585.221	95.37387	0.7025187	0.6090169	4.727528
26340	-1489.564	-1583.992	94.42897	0.7074236	0.7084108	5.175112
26346	-1477.866	-1572.315	94.44865	0.5714228	0.8028545	5.175112
26352	-1493.273	-1588.671	95.39796	0.6105036	0.6325534	4.74683
26358	-1490.509	-1585.026	94.51687	0.4513539	0.7096784	5.267195
26364	-1491.487	-1586.049	94.5619	0.62132	0.556443	5.267195
26370	-1494.001	-1587.17	93.1689	0.5026934	0.556443	6.096084
26376	-1491.776	-1586.465	94.68844	0.7172143	0.556443	5.14416
26382	-1488.556	-1582.135	93.57877	0.3535105	0.609488	5.910947
26388	-1481.156	-1574.693	93.53674	0.7376919	0.609488	5.723785
26394	-1482.326	-1577.062	94.73604	0.8168249	0.6104618	5.018075
26400	-1487.965	-1583.887	95.92211	0.82369	0.7152767	4.269855
26406	-1482.708	-1577.613	94.90576	0.7688739	0.6921343	4.888041
26412	-1486.547	-1582.173	95.62606	0.6686759	0.6921343	4.541188
26418	-1490.957	-1584.55	93.59262	0.6686759	0.5156574	5.809255
26424	-1476.837	-1572.155	95.31732	0.6830573	0.7075719	4.694974
26430	-1485.143	-1579.884	94.74095	0.7148924	0.5669539	5.107485
26436	-1499.511	-1596.893	97.38226	0.4991298	0.4766295	3.822369
26442	-1496.165	-1592.706	96.54089	0.9736827	0.667755	3.867135
26448	-1497.765	-1593.698	95.93304	0.8220256	0.6112093	4.344356
26454	-1489.291	-1584.369	95.07785	0.703048	0.7240762	4.805817
26460	-1476.571	-1572.42	95.84923	0.8040852	0.5151146	4.484245
26466	-1483.819	-1578.023	94.20338	0.8040852	0.6675793	5.276148
26472	-1479.841	-1576.591	96.74987	0.9152421	0.5243814	3.901256
26478	-1480.116	-1574.586	94.46979	0.8760411	0.503316	5.223964
26484	-1477.204	-1571.923	94.71877	0.53434	0.5465313	5.23703
26490	-1486.357	-1580.984	94.62635	0.6301266	0.6208527	5.17417
26496	-1496.114	-1591.628	95.51454	0.7508111	0.6208527	4.61225
26502	-1494.396	-1589.593	95.1974	0.6664366	0.7433132	4.745987
26508	-1483.37	-1577.8	94.43061	0.5129039	0.7433132	5.257309
26514	-1486.614	-1581.103	94.4891	0.7307341	0.5443322	5.257309
26520	-1487.478	-1581.99	94.51215	0.6401212	0.588943	5.257309
26526	-1478.891	-1573.767	94.87555	0.5874817	0.588943	5.085294
26532	-1471.039	-1566.257	95.21778	0.7180466	0.5514757	4.853854
26538	-1477.899	-1571.476	93.57631	0.6380219	0.5514757	5.803986
26544	-1474.393	-1568.461	94.06885	0.5019798	0.6207804	5.55231
26550	-1484.999	-1579.012	94.01255	0.5582831	0.6207804	5.55231
26556	-1478.736	-1572.754	94.01772	0.5918566	0.5939036	5.55231
26562	-1473.801	-1567.936	94.13569	0.6254664	0.5828456	5.477927
26568	-1481.208	-1575.313	94.10462	0.524751	0.6765822	5.477927
26574	-1488.224	-1581.678	93.45322	0.6111907	0.6585132	5.801247
26580	-1496.705	-1591.492	94.78764	0.5885946	0.647728	5.087024
26586	-1507.211	-1602.522	95.31124	0.567848	0.7723947	4.717497
26592	-1494.129	-1589.653	95.52419	0.6510512	0.5545929	4.717497
26598	-1483.207	-1578.729	95.52163	0.7080953	0.4814071	4.753093
26604	-1487.159	-1583.626	96.46766	0.797726	0.4814071	4.169801
26610	-1494.346	-1592.825	98.47853	1.089778	0.609312	2.701575
26616	-1492.556	-1591.858	99.30197	1.247509	0.6399571	2.05178
26622	-1486.127	-1582.054	95.92671	0.6756481	0.5723657	4.462664
26628	-1495.048	-1589.113	94.06487	0.5908234	0.5194122	5.589769
26634	-1486.65	-1581.753	95.10207	0.7492532	0.5194122	4.929059
26640	-1489.673	-1584.455	94.78215	0.3699197	0.5954652	5.252131
26646	-1489.915	-1584.573	94.65806	0.4940031	0.5954652	5.252131
26652	-1491.476	-1586.605	95.12875	0.5780749	0.4515922	5.072981
26658	-1484.564	-1579.05	94.48636	0.5780749	0.4904645	5.391074
26664	-1496.775	-1590.132	93.35673	0.681128	0.4883953	5.955918
26670	-1477.579	-1572.707	95.12784	0.5908973	0.6011655	4.933333
26676	-1481.845	-1575.887	94.04274	0.6141341	0.396165	5.708345
26682	-1482.561	-1577.466	94.90469	0.5601536	0.6804661	5.013286
26688	-1487.817	-1582.581	94.76392	0.7705134	0.565661	5.06499
26694	-1474.396	-1568.282	93.88584	0.657649	0.5995784	5.584065
26700	-1476.411	-1571.834	95.42328	0.7279425	0.5367778	4.746415
26706	-1471.823	-1567.145	95.32174	0.5754561	0.5586435	4.869244
26712	-1488.47	-1583.488	95.01763	0.609966	0.7557336	4.869244
26718	-1490.84	-1585.223	94.38237	0.6305981	0.5826488	5.339355
26724	-1482.638	-1578.212	95.57363	0.3977223	0.6771804	4.733506
26730	-1476.748	-1572.754	96.00574	0.6372054	0.5386371	4.46898
26736	-1482.019	-1578.122	96.1026	0.6079677	0.4967449	4.46898
26742	-1490.925	-1586.102	95.17704	0.6988327	0.6611413	4.798887
26748	-1485.87	-1581.145	95.27423	0.6099384	0.6089434	4.834923
26754	-1485.001	-1580.343	95.34142	0.579153	0.5851718	4.833967
26760	-1489.754	-1585.233	95.47958	0.6825029	0.5103285	4.76401
26766	-1483.895	-1579.036	95.14156	0.6757643	0.5646213	4.908656
26772	-1486.279	-1581.707	95.42813	0.7422895	0.5646213	4.711627
26778	-1495.689	-1589.111	93.42153	0.588954	0.7593512	5.759535
26784	-1482.033	-1576.626	94.59349	0.7134488	0.452403	5.293476
26790	-1489.173	-1584.453	95.28012	0.6153989	0.6074803	4.82977
26796	-1494.267	-1590.377	96.10984	0.8340809	0.4284045	4.404754
26802	-1489.934	-1583.938	94.00438	0.3544128	0.5726	5.707265
26808	-1477.247	-1571.36	94.11356	0.4951696	0.4225724	5.707265
26814	-1485.363	-1579.13	93.76736	0.5338537	0.6611389	5.669584
26820	-1482.526	-1576.299	93.77231	0.6018353	0.6089121	5.669584
26826	-1485.107	-1578.499	93.39189	0.4478274	0.3669774	6.186157
26832	-1485.05	-1579.134	94.08425	0.6126934	0.6164251	5.486378
26838	-1485.081	-1580.511	95.42973	0.8822413	0.5079011	4.682409
26844	-1480.976	-1576.445	95.4691	0.7593441	0.5079011	4.729138
26850	-1478.636	-1575.49	96.85363	0.6834862	0.4981858	3.998946
26856	-1482.666	-1577.996	95.33024	0.7045423	0.6427576	4.724181
26862	-1485.308	-1578.398	93.0908	0.7845509	0.6152172	5.937552
26868	-1479.993	-1573.166	93.17356	0.6911906	0.6226742	5.937552
26874	-1480.602	-1575.111	94.50901	0.6195789	0.5656794	5.289594
26880	-1484.117	-1580.037	95.91974	0.7927669	0.470552	4.492832
26886	-1490.663	-1586.858	96.19493	0.9042658	0.3324644	4.42533
26892	-1476.443	-1572.106	95.6629	0.7291797	0.7073668	4.475299
26898	-1483.993	-1578.377	94.38358	0.8206792	0.6761146	5.160996
26904	-1483.311	-1578.199	94.88848	0.6641212	0.5780403	5.044575
26910	-1479.322	-1574.008	94.68563	0.7054481	0.5758488	5.13595
26916	-1485.545	-1579.703	94.15785	0.7054481	0.450207	5.540009
26922	-1484.952	-1579.406	94.45363	0.362779	0.6530696	5.39242
26928	-1488.778	-1583.766	94.98832	0.7205556	0.6273112	4.918021
26934	-1493.647	-1588.486	94.83903	0.7495034	0.4987573	5.093753
26940	-1482.548	-1577.835	95.28687	0.6772772	0.6474788	4.760016
26946	-1481.73	-1576.412	94.68289	0.6207585	0.6635662	5.115282
26952	-1483.742	-1578.894	95.15207	0.451535	0.4669376	5.115282
26958	-1480.736	-1575.683	94.94678	0.4115266	0.4768054	5.24164
26964	-1488.802	-1585.334	96.53166	0.6759502	0.5581183	4.132401
26970	-1493.2	-1587.245	94.0446	0.4679606	0.564619	5.629555
26976	-1494.741	-1588.11	93.36863	0.3937176	0.564619	6.039832
26982	-1478.962	-1574.474	95.51271	0.4620083	0.4455572	4.930132
26988	-1479.833	-1576.61	96.77688	0.5908507	0.4455572	4.14715
26994	-1484.167	-1580.548	96.38068	0.6994566	0.4455572	4.310236
27000	-1484.012	-1579.469	95.4568	0.488341	0.499424	4.894995
27006	-1483.103	-1577.385	94.28163	0.3688761	0.5472279	5.568473
27012	-1499.423	-1593.804	94.3812	0.4612756	0.6927754	5.348736
27018	-1489.338	-1584.119	94.7809	0.6724903	0.4565504	5.208496
27024	-1487.342	-1582.308	94.96682	0.6724903	0.3720694	5.193758
27030	-1491.946	-1588.688	96.74224	0.6096852	0.5278374	4.077142
27036	-1487.573	-1582.433	94.86002	0.4019683	0.5618236	5.219115
27042	-1487.409	-1583.056	95.64756	0.6209907	0.5618236	4.659078
27048	-1483.747	-1579.885	96.13872	0.5004753	0.5618236	4.450903
27054	-1490.521	-1583.192	92.67113	0.5041596	0.6871726	6.265078
27060	-1478.298	-1573.266	94.96735	0.7717273	0.6377596	4.893062
27066	-1481.954	-1576.31	94.35596	0.6558382	0.6377596	5.296298
27072	-1483.716	-1577.899	94.18269	0.6121373	0.804185	5.298758
27078	-1478.219	-1573.267	95.04861	0.4735761	0.4297377	5.197105
27084	-1491.25	-1584.565	93.31533	0.393774	0.6890535	5.973067
27090	-1488.937	-1583.619	94.68176	0.6469725	0.6599644	5.104082
27096	-1486.307	-1582.648	96.34108	0.8923153	0.7393953	3.975021
27102	-1489.484	-1583.912	94.42779	0.4840453	0.725261	5.287339
27108	-1476.218	-1570.865	94.64668	0.4508099	0.589226	5.287339
27114	-1476.367	-1572.543	96.17631	0.8242933	0.4804803	4.32076
27120	-1476.817	-1572.973	96.15609	0.8242933	0.421829	4.391046
27126	-1474.685	-1570.73	96.04451	0.6413792	0.5500897	4.43474
27132	-1474.638	-1569.825	95.18675	0.6743962	0.6593948	4.808427
27138	-1475.312	-1569.45	94.13747	0.6743962	0.8028034	5.290244
27144	-1474.235	-1569.53	95.29488	0.7743469	0.7877124	4.600681
27150	-1476.855	-1572.683	95.82778	0.8339532	0.7877124	4.266752
27156	-1468.702	-1562.509	93.8066	0.5535977	0.6123336	5.674536
27162	-1470.783	-1565.298	94.51417	0.729655	0.7090234	5.115173
27168	-1477.341	-1573.664	96.32314	0.6734228	0.4547326	4.348257
27174	-1478.407	-1573.841	95.43417	0.5599702	0.4547326	4.910238
27180	-1491.104	-1583.658	92.55398	0.3765985	0.5413603	6.51121
27186	-1485.17	-1578.904	93.73415	0.5638146	0.5413603	5.766816
27192	-1486.632	-1580.82	94.1878	0.5657673	0.6105919	5.459815
27198	-1473.873	-1569.353	95.48015	0.581131	0.4518588	4.875679
27204	-1496.612	-1590.886	94.27426	0.6643655	0.6873401	5.29962
27210	-1494.811	-1589.005	94.19396	0.7020441	0.9157613	5.173751
27216	-1483.382	-1576.97	93.58796	0.6240785	0.7571065	5.650588
27222	-1497.272	-1591.575	94.30283	0.7599014	0.6056189	5.293331
27228	-1488.145	-1583.311	95.16616	0.914157	0.5054303	4.81413
27234	-1494.516	-1589.265	94.74894	0.7863248	0.9232195	4.81413
27240	-1486.959	-1583.086	96.1272	0.6653071	0.4671248	4.451131
27246	-1487.958	-1584.111	96.15224	0.6853627	0.5468573	4.351968
27252	-1487.522	-1584.183	96.66176	0.7899767	0.7213977	3.862899
27258	-1483.198	-1580.119	96.92048	0.7899767	0.6996079	3.730062
27264	-1480.685	-1577.828	97.14316	0.7899767	0.4271054	3.843145
27270	-1478.144	-1571.926	93.78259	0.4573172	0.504756	5.830678
27276	-1484.625	-1578.302	93.67725	0.4907715	0.5498654	5.830678
27282	-1481.637	-1575.354	93.71728	0.4489585	0.6740447	5.734036
27288	-1483.194	-1577.046	93.85183	0.4343193	0.6740447	5.668314
27294	-1480.758	-1575.208	94.45001	0.5266298	0.610089	5.337292
27300	-1477.242	-1571.494	94.25246	0.6060846	0.6963449	5.337292
27306	-1482.052	-1576.683	94.63026	0.4910958	0.5151239	5.337292
27312	-1477.263	-1573.52	96.25705	0.7613879	0.715468	4.114936
27318	-1486.702	-1583.334	96.63265	0.7613879	0.8927805	3.780216
27324	-1482.779	-1579.102	96.32291	0.6143958	0.5253309	4.314771
27330	-1485.975	-1582.193	96.21753	0.7022098	0.5364144	4.314771
27336	-1484.582	-1580.971	96.38945	0.6736203	0.5364144	4.233612
27342	-1486.326	-1581.955	95.62887	0.6736203	0.6584228	4.562125
27348	-1490.99	-1586.59	95.5998	0.8040433	0.6442315	4.516106
27354	-1489.18	-1585.354	96.1736	0.7120519	0.7011959	4.200867
27360	-1486.77	-1582.66	95.8902	0.7053486	0.4667721	4.562249
27366	-1495.718	-1590.959	95.2417	0.8052673	0.6439925	4.716411
27372	-1488.39	-1583.523	95.13339	0.6801781	0.8295907	4.716411
27378	-1485.426	-1580.166	94.74032	0.4556036	0.562877	5.254746
27384	-1487.051	-1583.386	96.33462	0.6799709	0.562877	4.237878
27390	-1483.956	-1581.333	97.37684	0.9311412	0.8443362	3.279035
27396	-1484.407	-1581.973	97.56629	1.063898	0.7049585	3.188249
27402	-1482.082	-1578.195	96.11311	0.9030258	0.8450241	4.027351
27408	-1486.275	-1583.088	96.81278	0.9030258	0.5389354	3.858925
27414	-1486.023	-1581.958	95.93531	0.6595335	0.5587669	4.478501
27420	-1491.864	-1587.274	95.40934	0.5310287	0.5222983	4.876902
27426	-1478.611	-1574.042	95.43036	0.5582935	0.5222983	4.84999
27432	-1481.123	-1576.692	95.56902	0.6075238	0.4139998	4.84999
27438	-1484.645	-1579.209	94.56323	0.5989169	0.4139998	5.412015
27444	-1476.655	-1572.133	95.47813	0.7059371	0.6557552	4.630602
27450	-1486.217	-1580.058	93.84056	0.4330949	0.5751264	5.751826
27456	-1485.184	-1578.907	93.72291	0.5136672	0.6002575	5.751826
27462	-1485.44	-1580.397	94.95679	0.836698	0.55732	4.928118
27468	-1487.368	-1582.439	95.07112	0.7223748	0.55732	4.928118
27474	-1479.462	-1573.885	94.42235	0.748998	0.4785076	5.343271
27480	-1485.593	-1579.517	93.92386	0.4263316	0.5528424	5.728452
27486	-1494.86	-1588.465	93.6052	0.5549869	0.6862657	5.728452
27492	-1480.064	-1574.378	94.31387	0.4844847	0.6152554	5.431484
27498	-1485.3	-1579.843	94.54298	0.5445616	0.6259421	5.263606
27504	-1480.703	-1576.609	95.90631	0.8681969	0.6711093	4.286374
27510	-1478.737	-1574.658	95.92053	0.8012649	0.6240956	4.352786
27516	-1471.075	-1566.983	95.90781	0.6285219	0.5435609	4.524622
27522	-1479.854	-1574.678	94.82363	0.6367852	0.6419021	5.044783
27528	-1477.629	-1575.375	97.74656	0.9010087	0.4866122	3.367452
27534	-1476.994	-1574.329	97.33593	1.013599	0.4723272	3.555846
27540	-1480.492	-1575.177	94.6852	0.7105343	0.6666736	5.061897
27546	-1480.408	-1576.073	95.66527	0.6664046	0.7238425	4.497414
27552	-1487.145	-1582.057	94.91141	0.8247833	0.9246003	4.701048
27558	-1487.399	-1584.479	97.07997	0.9912827	0.6828646	3.533609
27564	-1483.306	-1579.992	96.68578	0.7047386	0.5116908	4.069956
27570	-1488.818	-1585.931	97.11241	0.853339	0.6702892	3.604705
27576	-1482.031	-1578.735	96.70338	0.8315101	0.6702892	3.853505
27582	-1481.184	-1577.389	96.20526	0.8315101	0.6398629	4.16182
27588	-1481.693	-1576.768	95.0747	0.6839819	0.4797344	5.01706
27594	-1487.576	-1580.696	93.12041	0.5392526	0.5758535	6.086566
27600	-1500.437	-1593.975	93.53827	0.6342849	0.5589979	5.820518
27606	-1488.434	-1581.566	93.13222	0.5586165	0.5589979	6.083474
27612	-1491.9	-1584.818	92.91785	0.3795266	0.5789115	6.281159
27618	-1478.526	-1573.213	94.68604	0.5827132	0.5789115	5.201131
27624	-1486.609	-1582.208	95.59884	0.6181569	0.3832118	4.860607
27630	-1480.977	-1576.367	95.38984	0.5150936	0.5637377	4.860607
27636	-1486.698	-1581.237	94.53877	0.6681335	0.6327093	5.192359
27642	-1486.423	-1581.469	95.0461	0.4430291	0.6327093	5.035953
27648	-1483.403	-1576.904	93.50149	0.5827359	0.7223952	5.744423
27654	-1480.983	-1575.301	94.31702	0.5214658	0.5788231	5.438658
27660	-1486.196	-1582.649	96.45275	1.000782	0.709345	3.870733
27666	-1493.14	-1589.106	95.96587	0.8203439	0.5527228	4.37586
27672	-1495.369	-1589.595	94.22626	0.5371651	0.8539553	5.284496
27678	-1495.411	-1591.662	96.25087	0.8480006	0.4109666	4.335639
27684	-1488.42	-1585.847	97.42673	0.9951421	0.4534122	3.532945
27690	-1492.809	-1588.166	95.35659	0.6940723	0.6726327	4.692546
27696	-1504.927	-1599.855	94.92767	0.5619255	0.6123825	5.051671
27702	-1502.432	-1598.318	95.88623	0.6480484	0.7651931	4.35421
27708	-1506.286	-1602.382	96.09625	0.7224016	0.6003626	4.317266
27714	-1490.045	-1584.816	94.77172	0.5433798	0.5640751	5.187843
27720	-1485.45	-1580.746	95.29549	0.7456635	0.6666365	4.702372
27726	-1475.523	-1570.898	95.37434	0.6024601	0.6666365	4.738363
27732	-1478.916	-1573.606	94.68984	0.5277329	0.6869789	5.145646
27738	-1482.249	-1577.124	94.87484	0.6117735	0.6247556	5.043554
27744	-1479.609	-1574.765	95.15556	0.8053551	0.657062	4.754492
27750	-1479.919	-1575.718	95.79872	0.7515264	0.5774756	4.487686
27756	-1486.37	-1580.749	94.37913	0.7515264	0.5547993	5.297621
27762	-1483.378	-1579.485	96.10767	0.9949711	0.7584008	4.036269
27768	-1482.855	-1577.104	94.24819	0.6911512	0.4677762	5.481239
27774	-1478.536	-1573.687	95.15127	0.5387765	0.4677762	5.066551
27780	-1495.461	-1591.938	96.47626	0.9948094	0.6216551	3.928608
27786	-1488.689	-1585.045	96.35625	0.8200259	0.6667064	4.061507
27792	-1482.072	-1576.811	94.7384	0.5557435	0.4184532	5.334635
27798	-1488.164	-1581.841	93.6764	0.4158828	0.5882657	5.840389
27804	-1492.251	-1588.028	95.77685	0.7070722	0.4401984	4.651227
27810	-1479.827	-1573.017	93.19023	0.6342083	0.6765151	5.919172
27816	-1483.704	-1577.61	93.90548	0.6613112	0.4507366	5.702219
27822	-1480.134	-1574.62	94.48568	0.5864947	0.4638734	5.411843
27828	-1482.11	-1575.875	93.76531	0.6758482	0.9247783	5.41959
27834	-1484.719	-1577.898	93.17977	0.5499359	0.9247783	5.810106
27840	-1487.53	-1580.366	92.83604	0.4345552	0.7383992	6.177487
27846	-1484.519	-1581.078	96.55836	0.8471207	0.6806463	3.91983
27852	-1490.32	-1584.449	94.12832	0.6494662	0.6806463	5.393221
27858	-1479.663	-1575.263	95.60032	0.6938194	0.5130887	4.687657
27864	-1482.488	-1577.619	95.13131	0.6750907	0.669146	4.831618
27870	-1505.82	-1597.847	92.02695	0.5530835	0.7658515	6.533855
27876	-1510.151	-1603.568	93.41697	0.430866	0.5783017	5.981981
27882	-1499.894	-1594.282	94.38757	0.7049279	0.6147499	5.269645
27888	-1491.865	-1586.426	94.56105	0.7049279	0.5016108	5.269645
27894	-1480.769	-1576.891	96.12217	0.9002523	0.3725594	4.421181
27900	-1485.493	-1580.457	94.96474	0.6949469	0.5445128	5.0135
27906	-1489.323	-1583.473	94.14956	0.6273639	0.5445128	5.501306
27912	-1484.146	-1579.462	95.31546	0.8552646	0.6531164	4.640101
27918	-1483.316	-1578.104	94.78884	0.4637279	0.4644683	5.311798
27924	-1493.698	-1589.15	95.45274	0.4072331	0.469208	4.97081
27930	-1491.228	-1585.409	94.18137	0.6628734	0.7615256	5.29972
27936	-1488.213	-1582.886	94.67289	0.5801411	0.5030952	5.275447
27942	-1481.79	-1578.259	96.46815	0.7099232	0.5030952	4.198794
27948	-1489.864	-1585.178	95.31427	0.723942	0.6579108	4.710632
27954	-1486.504	-1582.547	96.04274	0.7573862	0.4587355	4.455084
27960	-1500.882	-1595.389	94.50698	0.6589046	0.3465077	5.484148
27966	-1498.239	-1592.799	94.56035	0.6120174	0.3434612	5.484148
27972	-1495.331	-1588.967	93.63568	0.6090688	0.6803318	5.68642
27978	-1487.154	-1583.064	95.91017	0.7309738	0.515706	4.490556
27984	-1503.008	-1598.047	95.03886	0.8030788	0.4253447	5.024374
27990	-1482.498	-1576.667	94.16907	0.6237128	0.7427127	5.340942
27996	-1481.23	-1575.596	94.36616	0.6237128	0.5963867	5.340942
28002	-1486.426	-1582.554	96.12791	0.5742792	0.4810286	4.488548
28008	-1484.625	-1578.443	93.81824	0.5830217	0.6757933	5.603874
28014	-1494.909	-1590.027	95.11785	0.6267219	0.5154322	4.991994
28020	-1481.57	-1576.906	95.33628	0.8241939	0.3808483	4.894711
28026	-1480.772	-1578.514	97.7414	0.9542646	0.392876	3.438734
28032	-1479.369	-1576.258	96.88912	0.821528	0.6265424	3.78701
28038	-1484.251	-1579.87	95.61891	0.6452422	0.7127992	4.543302
28044	-1484.559	-1580.814	96.25477	0.7283798	0.5113936	4.301555
28050	-1473.652	-1568.555	94.9034	0.5062191	0.6116411	5.096619
28056	-1477.767	-1573.07	95.30327	0.4889612	0.5719425	4.916465
28062	-1480.467	-1575.891	95.42447	0.6354844	0.5183165	4.813799
28068	-1478.864	-1572.981	94.11766	0.4914103	0.6029321	5.545362
28074	-1483.165	-1577.063	93.89791	0.4751947	0.4660084	5.7936
28080	-1492.057	-1587.282	95.22473	0.5445131	0.475004	5.015681
28086	-1481.184	-1576.684	95.49942	0.5445131	0.475004	4.862866
28092	-1478.314	-1572.829	94.51547	0.5002174	0.598477	5.325013
28098	-1478.393	-1573.789	95.39557	0.626909	0.589811	4.773268
28104	-1485.471	-1579.849	94.37785	0.5836986	0.7196139	5.263847
28110	-1478.958	-1573.343	94.38531	0.4280341	0.4949036	5.525202
28116	-1485.786	-1580.375	94.58872	0.4548047	0.4949036	5.398513
28122	-1491.581	-1586.313	94.73165	0.5078633	0.7620918	5.080632
28128	-1492.973	-1588.218	95.24422	0.6901154	0.4490758	4.949101
28134	-1481.357	-1576.499	95.14216	0.5243098	0.4664478	5.080903
28140	-1475.471	-1571.686	96.21522	0.5608813	0.5076667	4.421915
28146	-1474.11	-1570.474	96.36457	1.005522	0.5884333	4.013837
28152	-1477.24	-1574.376	97.13588	0.792713	0.6835564	3.616004
28158	-1481.532	-1578.136	96.6043	0.9267154	0.5259538	3.976616
28164	-1483.897	-1580.722	96.82432	0.9225076	0.5808628	3.804264
28170	-1473.66	-1568.715	95.05519	0.69952	0.4424358	5.055492
28176	-1479.107	-1573.997	94.88971	0.4114313	0.44866	5.300352
28182	-1485.423	-1582.819	97.39543	0.9786711	0.4442693	3.570223
28188	-1493.55	-1591.297	97.74748	0.9786711	0.5314414	3.2781
28194	-1496.117	-1594.255	98.13849	0.9786711	0.4452643	3.132386
28200	-1492.063	-1588.301	96.23776	0.5588732	0.3758847	4.544478
28206	-1494.109	-1589.339	95.22934	0.3917202	0.6815743	4.925625
28212	-1482.403	-1576.977	94.57464	0.2087618	0.6815743	5.38945
28218	-1479.506	-1573.355	93.84943	0.3866621	0.5526136	5.791119
28224	-1478.862	-1573.089	94.22742	0.2470678	0.5811327	5.636829
28230	-1489.846	-1584.75	94.90459	0.6406393	0.7109021	4.946497
28236	-1479.489	-1574.491	95.00209	0.542762	0.5138368	5.104268
28242	-1480.359	-1575.057	94.6979	0.7667978	0.5048593	5.156788
28248	-1485.334	-1578.75	93.41571	0.4933217	0.70314	5.853818
28254	-1489.492	-1584.651	95.1597	0.5214883	0.5206848	5.022492
28260	-1479.548	-1574.259	94.71115	0.6088966	0.5206848	5.222598
28266	-1484.632	-1579.19	94.55708	0.6567911	0.6337083	5.187728
28272	-1484.06	-1578.862	94.80185	0.5557687	0.536702	5.187728
28278	-1489.69	-1582.574	92.88404	0.3517508	0.536702	6.349697
28284	-1496.493	-1590.793	94.30008	0.5170991	0.536702	5.485889
28290	-1483.742	-1581.034	97.29254	0.606906	0.4509356	3.837729
28296	-1479.155	-1574.77	95.61558	0.8792169	0.6833866	4.435108
28302	-1498.096	-1591.298	93.20215	0.6541973	0.5573368	5.994631
28308	-1495.566	-1590.228	94.66214	0.8121753	0.67704	5.010559
28314	-1495.723	-1589.613	93.8896	0.4194117	0.6445717	5.677737
28320	-1493.481	-1587.37	93.88968	0.6102165	0.4902902	5.701481
28326	-1490.713	-1584.648	93.93454	0.5504775	0.4992244	5.701481
28332	-1499.444	-1594.691	95.24654	0.6707147	0.6394744	4.792387
28338	-1487.406	-1583.658	96.25222	0.713328	0.6044685	4.230716
28344	-1483.221	-1578.338	95.11654	0.490474	0.4059354	5.174813
28350	-1484.473	-1578.446	93.97261	0.5492239	0.5172431	5.665146
28356	-1491.673	-1587.504	95.83069	0.6390772	0.7077576	4.431257
28362	-1486.757	-1582.753	95.99572	0.7597819	0.7162677	4.263638
28368	-1477.341	-1573.26	95.91907	0.7873657	0.7171343	4.290792
28374	-1487.073	-1581.761	94.68815	0.3924664	0.483085	5.389009
28380	-1485.227	-1579.652	94.42457	0.6358297	0.4951253	5.389009
28386	-1488.481	-1585.141	96.66053	0.7739297	0.5928646	3.973321
28392	-1488.821	-1585.681	96.86023	0.6402026	0.5617096	3.962218
28398	-1486.439	-1579.615	93.17683	0.415408	0.6667364	6.053008
28404	-1486.352	-1579.015	92.66284	0.4868797	0.731687	6.247793
28410	-1486.037	-1580.677	94.6395	0.517479	0.7579626	5.129184
28416	-1490.471	-1586.412	95.94102	0.6049334	0.5764929	4.490925
28422	-1492.188	-1590.754	98.56684	1.215052	0.7350065	2.4645
28428	-1491.39	-1588.409	97.01839	1.012534	0.8206045	3.45769
28434	-1482.301	-1577.262	94.96039	0.7815674	0.7997842	4.775831
28440	-1484.362	-1578.362	93.99986	0.7365162	0.7989914	5.334394
28446	-1496.294	-1590.418	94.12404	0.9589154	0.4646382	5.405168
28452	-1492.514	-1586.811	94.29705	0.6301623	0.5603166	5.405168
28458	-1486.903	-1580.096	93.19246	0.6100615	0.5603166	6.021504
28464	-1478.489	-1572.535	94.04632	0.7629735	0.4857922	5.535821
28470	-1476.597	-1570.504	93.90717	0.6828508	0.62844	5.535821
28476	-1475.729	-1570.085	94.35608	0.7388938	0.5379996	5.331722
28482	-1480.123	-1574.425	94.30266	0.4822337	0.5697076	5.475681
28488	-1487.117	-1581.912	94.79421	0.4269521	0.5697076	5.235081
28494	-1481.226	-1575.905	94.67865	0.564593	0.5551987	5.235081
28500	-1485.843	-1579.959	94.11614	0.6384403	0.5879871	5.477361
28506	-1483.063	-1575.228	92.1652	0.4556758	0.6390232	6.600982
28512	-1486.468	-1581.011	94.54326	0.4591347	0.6030316	5.328699
28518	-1488.832	-1582.543	93.71044	0.6070098	0.7289893	5.611971
28524	-1487.017	-1580.913	93.89669	0.5743765	0.5428195	5.670725
28530	-1481.614	-1576.214	94.59946	0.7178668	0.7391034	5.053236
28536	-1475.882	-1570.763	94.88111	0.7178668	0.5375682	5.053236
28542	-1474.479	-1569.774	95.29458	0.7277193	0.5381944	4.81716
28548	-1471.604	-1568.058	96.4547	0.8255039	0.5430823	4.10431
28554	-1491.221	-1584.582	93.36079	0.6159813	0.4647438	6.011309
28560	-1475.723	-1571.6	95.87647	0.9678522	0.8589892	4.116314
28566	-1480.98	-1576.779	95.7986	0.8298649	0.6546752	4.381495
28572	-1476.598	-1572.064	95.46591	0.7782739	0.4007133	4.82638
28578	-1476.755	-1571.9	95.14599	0.705303	0.5576512	4.895659
28584	-1478.421	-1572.591	94.16982	0.3930554	0.625291	5.553174
28590	-1472.581	-1566.481	93.89954	0.3460525	0.4763028	5.85364
28596	-1473.89	-1569.369	95.47937	0.7086837	0.4763028	4.781229
28602	-1481.923	-1577.23	95.30687	0.6152727	0.650411	4.781229
28608	-1473.673	-1567.878	94.20593	0.5205005	0.650411	5.443993
28614	-1488.109	-1582.205	94.09565	0.6512777	0.635593	5.443993
28620	-1485.75	-1583.634	97.88468	0.8161235	0.5898547	3.24041
28626	-1482.619	-1580.165	97.5461	0.9000083	0.7166114	3.288228
28632	-1492.301	-1587.516	95.21515	0.9426554	0.6556878	4.645371
28638	-1479.404	-1575.99	96.58532	0.6849783	0.453108	4.194866
28644	-1488.477	-1582.575	94.09717	0.5022495	0.453108	5.682029
28650	-1486.347	-1581.312	94.96511	0.5494409	0.612162	5.037994
28656	-1488.011	-1583.2	95.18942	0.4849625	0.5076669	5.037994
28662	-1481.871	-1577.27	95.39865	0.5311311	0.4890795	4.913151
28668	-1484.112	-1578.822	94.71002	0.4517725	0.5516694	5.283091
28674	-1480.886	-1575.233	94.3474	0.4689815	0.5955506	5.437227
28680	-1485.39	-1579.539	94.14928	0.3740764	0.5490839	5.636701
28686	-1481.458	-1577.005	95.54755	0.6759376	0.4918576	4.74674
28692	-1485.167	-1580.787	95.62033	0.5637565	0.5158135	4.74674
28698	-1494.888	-1589.955	95.0675	0.5477137	0.6215921	4.974614
28704	-1489.745	-1584.191	94.44591	0.6929979	0.6215921	5.238621
28710	-1482.865	-1578.98	96.11437	0.844826	0.5033988	4.322501
28716	-1479.414	-1575.432	96.01794	0.7169209	0.4920584	4.459699
28722	-1474.091	-1568.971	94.88035	0.3988147	0.495343	5.268098
28728	-1479.867	-1572.79	92.92364	0.3493287	0.5614407	6.308719
28734	-1489.582	-1583.049	93.46622	0.5308007	0.4878091	5.978744
28740	-1483.804	-1578.027	94.22306	0.3043726	0.4878091	5.68867
28746	-1475.484	-1568.858	93.37463	0.6131786	0.4890625	5.982621
28752	-1474.631	-1568.783	94.15276	0.5392292	0.6312168	5.477597
28758	-1480.072	-1572.667	92.59537	0.5580547	0.5799583	6.358472
28764	-1482.118	-1578.569	96.45017	0.8063536	0.4441837	4.21171
28770	-1480.676	-1575.644	94.96857	0.9174684	0.5092541	4.918909
28776	-1477.234	-1571.715	94.48075	0.6189324	0.4679109	5.392822
28782	-1484.078	-1578.318	94.24073	0.6160677	0.6235108	5.392822
28788	-1479.097	-1572.765	93.66812	0.5254429	0.6090102	5.768446
28794	-1467.656	-1562.562	94.90639	0.4562487	0.4709924	5.244762
28800	-1482.861	-1578.045	95.18438	0.7929607	0.5347663	4.845243
28806	-1476.581	-1571.936	95.35498	0.4751241	0.6340221	4.845243
28812	-1478.037	-1570.76	92.72324	0.4876832	0.5311703	6.367932
28818	-1475.731	-1571.407	95.67637	0.6199163	0.5093156	4.689894
28824	-1474.92	-1570.227	95.30638	0.7991577	0.5264434	4.78108
28830	-1479.215	-1574.888	95.67297	0.5372847	0.5750219	4.680554
28836	-1492.28	-1588.525	96.24427	0.6489911	0.5361039	4.330014
28842	-1495.311	-1590.693	95.38163	0.602412	0.5361039	4.84033
28848	-1492.008	-1585.473	93.46571	0.6327995	0.5184576	5.895781
28854	-1493.042	-1587.43	94.38844	0.5441685	0.5184576	5.438352
28860	-1487.013	-1581.418	94.40498	0.4126076	0.5184576	5.501646
28866	-1491.432	-1584.977	93.54473	0.5923266	0.5184576	5.874716
28872	-1489.416	-1586.665	97.24873	0.9229599	0.4943799	3.637446
28878	-1503.931	-1602.32	98.38909	1.109664	0.3813983	2.976284
28884	-1501.01	-1599.257	98.24634	1.109664	1.061619	2.508071
28890	-1487.718	-1585.075	97.35663	0.9305772	0.4673402	3.59708
28896	-1482.993	-1580.103	97.10906	0.9445961	0.6162445	3.59708
28902	-1489.333	-1585.949	96.6166	0.9619577	0.656371	3.839232
28908	-1486.408	-1582.995	96.58713	0.9176622	0.6100503	3.918772
28914	-1480.302	-1576.782	96.48014	0.768563	0.6390695	4.041771
28920	-1475.509	-1570.406	94.89754	0.6670942	0.4517975	5.15158
28926	-1479.859	-1576.189	96.32997	0.9209171	0.6337249	4.044772
28932	-1485.516	-1582.248	96.73198	0.9209171	0.389306	4.044772
28938	-1477.318	-1572.502	95.18374	0.6089622	0.6338508	4.866225
28944	-1484.343	-1578.278	93.93431	0.6225439	0.3548689	5.808604
28950	-1481.446	-1577.2	95.75408	0.6719204	0.4931149	4.632223
28956	-1477.739	-1573.27	95.53114	0.3386031	0.5014595	4.935095
28962	-1487.852	-1584.176	96.32383	0.7338435	0.5997527	4.182317
28968	-1489.008	-1585.456	96.44798	0.8779315	0.4344483	4.182317
28974	-1483.852	-1580.341	96.48976	0.9467482	0.6483356	3.927065
28980	-1484.538	-1580.821	96.2829	0.8640572	0.7492871	4.017387
28986	-1475.893	-1573.231	97.33827	1.059517	0.4028191	3.601128
28992	-1477.456	-1573.782	96.3258	0.9390623	0.7531466	3.947243
28998	-1484.165	-1579.499	95.33364	0.748057	0.3857979	4.933097
29004	-1485.039	-1580.098	95.05952	0.6571241	0.4854512	5.035022
29010	-1491.803	-1590.216	98.41353	1.074623	0.3606291	3.007926
29016	-1495.269	-1591.098	95.82821	0.6482167	0.7621106	4.388996
29022	-1495.358	-1589.462	94.10428	0.6549404	0.5724132	5.487564
29028	-1504.146	-1597.403	93.25688	0.5648806	0.510234	6.05407
29034	-1487.766	-1585.116	97.35078	1.022685	0.6699265	3.36698
29040	-1484.05	-1581.424	97.3742	0.9838568	0.6814659	3.36698
29046	-1491.475	-1588.425	96.95029	0.9838568	0.6070908	3.673973
29052	-1493.019	-1589.546	96.52663	0.6502175	0.6070908	4.108516
29058	-1492.553	-1589.667	97.11404	0.7772958	0.3690967	3.93155
29064	-1487.217	-1583.223	96.00646	0.8204103	0.7456678	4.202157
29070	-1491.616	-1588.066	96.4505	0.9612708	0.6629568	3.929815
29076	-1486.475	-1583.024	96.54895	0.8239093	0.5265909	4.066339
29082	-1487.456	-1582.345	94.88915	0.5787345	0.5265909	5.13555
29088	-1485.373	-1580.559	95.18569	0.5558563	0.5265909	4.983711
29094	-1485.851	-1580.653	94.80223	0.578035	0.5954433	5.125882
29100	-1489.882	-1584.553	94.67106	0.4887349	0.6950724	5.171749
29106	-1482.936	-1577.541	94.60567	0.5674285	0.5477895	5.280161
29112	-1487.683	-1580.992	93.30915	0.5190042	0.7417526	5.871181
29118	-1469.152	-1563.684	94.53247	0.420385	0.5202399	5.425621
29124	-1473.025	-1567.155	94.12948	0.4978108	0.5104367	5.613345
29130	-1473.66	-1566.148	92.48811	0.4860599	0.5248041	6.501775
29136	-1477.303	-1569.627	92.32385	0.4575425	0.6736438	6.488534
29142	-1477.668	-1570.805	93.13706	0.5736766	0.5176803	6.107974
29148	-1473.881	-1569.49	95.60966	0.6528858	0.4992671	4.718014
29154	-1480.377	-1575.521	95.14434	0.5755559	0.4992671	5.020399
29160	-1477.282	-1573.875	96.5929	0.6964123	0.5142777	4.125196
29166	-1479.731	-1574.525	94.794	0.4771196	0.5142777	5.255363
29172	-1483.509	-1577.679	94.16972	0.8325081	0.9322533	5.105223
29178	-1487.264	-1582.877	95.61327	0.7876956	0.7640749	4.430197
29184	-1492.313	-1587.188	94.87497	0.7805789	0.5866275	4.980315
29190	-1497.339	-1591.645	94.30552	0.7669878	0.5389495	5.343293
29196	-1489.473	-1585.49	96.01692	0.8523084	0.6361649	4.2598
29202	-1484.228	-1579.311	95.08304	0.8020155	0.6361649	4.812924
29208	-1486.276	-1579.254	92.97732	0.4829295	0.6361649	6.147716
29214	-1476.35	-1570.637	94.28685	0.6244609	0.6921212	5.31123
29220	-1476.79	-1570.16	93.36932	0.4139497	0.7888292	5.864335
29226	-1491.604	-1586.23	94.62595	0.5808114	0.6493361	5.179679
29232	-1481.336	-1575.1	93.76388	0.6568419	0.5980628	5.652654
29238	-1479.232	-1573.361	94.12975	0.6292663	0.5980628	5.466788
29244	-1478.973	-1573.427	94.45473	0.455091	0.5863947	5.393169
29250	-1488.635	-1583.028	94.39302	0.5168012	0.5863947	5.393169
29256	-1487.824	-1581.748	93.92385	0.3433081	0.6673274	5.683668
29262	-1491.901	-1587.142	95.24073	0.533339	0.6674745	4.850899
29268	-1481.939	-1577.155	95.21589	0.533339	0.5228365	4.982778
29274	-1492.484	-1588.036	95.55214	0.6438574	0.548823	4.710869
29280	-1486.948	-1582.487	95.53951	0.6244532	0.569784	4.710869
29286	-1497.869	-1593.642	95.77218	0.4943788	0.6153358	4.615981
29292	-1483.643	-1579.664	96.02051	0.8900992	0.511169	4.342776
29298	-1491.628	-1587.646	96.01772	0.8532152	0.5359446	4.342776
29304	-1485.406	-1580.444	95.03862	0.7087411	0.5549662	4.955789
29310	-1487.142	-1582.438	95.29563	0.7561149	0.5056508	4.82987
29316	-1489.733	-1584.92	95.18701	0.6799762	0.6273835	4.82987
29322	-1480.149	-1576.128	95.97966	0.6532314	0.7543448	4.305982
29328	-1484.945	-1580.443	95.49741	0.7082415	0.5468915	4.707145
29334	-1485.083	-1580.433	95.34951	0.856136	0.5468915	4.707145
29340	-1497.294	-1591.239	93.94541	0.6122497	0.6074249	5.570038
29346	-1487.072	-1580.629	93.55662	0.5337365	0.9998465	5.570038
29352	-1488.934	-1583.176	94.24218	0.7495957	0.5257065	5.399356
29358	-1486.089	-1583.051	96.96164	0.9038267	0.5257065	3.784876
29364	-1487.662	-1584.618	96.95629	0.7124858	0.5257065	3.897941
29370	-1484.67	-1579.621	94.9508	0.7533753	0.6196203	4.926691
29376	-1479.183	-1574.158	94.97572	0.7284548	0.6196203	4.926691
29382	-1480.226	-1574.885	94.65884	0.6258852	0.5325109	5.231705
29388	-1485.501	-1581.108	95.60672	0.7669568	0.5325109	4.625671
29394	-1488.791	-1583.792	95.00167	0.5404352	0.5059306	5.112933
29400	-1485.11	-1580.347	95.23727	0.5404352	0.4481893	5.037005
29406	-1473.103	-1568.228	95.1247	0.5962827	0.5767242	4.952116
29412	-1477.787	-1572.729	94.94219	0.5392244	0.5767242	5.085159
29418	-1476.402	-1571.788	95.38569	0.6158243	0.6863656	4.70983
29424	-1477.586	-1573.197	95.61086	0.7498013	0.7378669	4.471153
29430	-1471.831	-1566.721	94.88924	0.5865282	0.6601135	5.022401
29436	-1476.838	-1571.464	94.62574	0.8500203	0.6601135	5.022401
29442	-1472.04	-1566.864	94.82327	0.7561771	0.5868594	5.022401
29448	-1469.828	-1565.303	95.47505	0.850068	0.699914	4.518404
29454	-1472.635	-1568.374	95.7389	0.6559818	0.6477617	4.51841
29460	-1474.512	-1571.14	96.62824	0.7013302	0.4901083	4.124964
29466	-1476.295	-1571.197	94.90252	0.566209	0.6499281	5.034025
29472	-1482.615	-1577.191	94.5761	0.5275073	0.6090741	5.268005
29478	-1480.343	-1576.34	95.99746	0.6310606	0.7611761	4.303707
29484	-1482.347	-1578.908	96.5615	0.7716637	0.6243976	4.005285
29490	-1475.917	-1572.112	96.1952	0.638443	0.479678	4.415803
29496	-1484.18	-1580.261	96.081	0.7761598	0.5271261	4.358447
29502	-1482.16	-1578.753	96.59312	0.7461548	0.5193976	4.092046
29508	-1482.738	-1579.153	96.4143	0.8546109	0.5644091	4.092046
29514	-1488.151	-1582.441	94.29061	0.5499918	0.5990773	5.421056
29520	-1480.389	-1574.859	94.47007	0.5499918	0.4844962	5.421056
29526	-1487.825	-1582.023	94.19849	0.6171076	0.6164362	5.421056
29532	-1488.05	-1583.922	95.87161	0.6150184	0.8450501	4.328095
29538	-1497.497	-1592.794	95.29737	0.7876754	0.9717419	4.477761
29544	-1502.765	-1596.379	93.61399	0.4525606	0.5824277	5.859183
29550	-1491.604	-1587.479	95.87518	0.7608495	0.6345756	4.392889
29556	-1488.048	-1583.714	95.6658	0.7871773	0.7025404	4.44452
29562	-1490.29	-1585.448	95.15749	0.3743127	0.5133278	5.111956
29568	-1480.5	-1575.643	95.14263	0.6301147	0.537091	4.957126
29574	-1483.29	-1578.356	95.06653	0.9139269	1.037319	4.499824
29580	-1480.554	-1576.832	96.2774	0.7230877	0.4205733	4.381018
29586	-1482.211	-1579.227	97.01521	1.038101	0.4205733	3.780954
29592	-1485.057	-1581.463	96.40547	1.090069	0.7452064	3.820501
29598	-1491.287	-1588.409	97.12227	0.8558112	0.6012952	3.653392
29604	-1489.057	-1583.576	94.51902	0.5111344	0.6814927	5.253337
29610	-1485.947	-1580.261	94.31375	0.4783801	0.5174645	5.516527
29616	-1486.262	-1582.177	95.91497	0.7607212	0.6164026	4.384981
29622	-1491.156	-1587.417	96.26087	0.8132553	0.6164026	4.159349
29628	-1498.718	-1595.187	96.46902	0.6638494	0.6164026	4.125948
29634	-1490.731	-1586.87	96.13935	0.6711204	0.5808667	4.338092
29640	-1489.598	-1584.339	94.74035	0.45916	0.6168151	5.208864
29646	-1494.287	-1588.691	94.40428	0.7016792	0.6849968	5.208864
29652	-1486.656	-1582.295	95.63872	0.7233391	0.4642072	4.695629
29658	-1495.177	-1588.034	92.85662	0.8491563	0.6083217	6.035459
29664	-1479.077	-1576.501	97.42369	1.09162	0.4804596	3.451045
29670	-1485.079	-1580.856	95.77725	0.7765591	0.9548185	4.222763
29676	-1481.709	-1577.642	95.93248	0.7765591	0.6277029	4.357113
29682	-1485.146	-1581.128	95.98186	0.6433442	0.6893247	4.357113
29688	-1478.772	-1573.57	94.79793	0.6081279	0.8289786	4.944089
29694	-1501.393	-1596.267	94.87426	0.6625041	0.5192131	5.103935
29700	-1489.556	-1583.92	94.36349	0.5874415	0.4679612	5.474686
29706	-1484.495	-1578.56	94.06495	0.6270859	0.63497	5.474686
29712	-1496.302	-1590.378	94.07642	0.6270859	0.6267872	5.474686
29718	-1491.321	-1583.984	92.66376	0.5840333	0.5272	6.351351
29724	-1496.57	-1590.359	93.78892	0.7357871	0.5272	5.65481
29730	-1494.855	-1588.771	93.91599	0.6272625	0.5324046	5.640106
29736	-1489.711	-1583.586	93.87591	0.6673424	0.5324046	5.640106
29742	-1488.003	-1584.483	96.48001	0.8692976	0.6740004	3.957072
29748	-1490.414	-1584.836	94.42211	0.7694586	0.6342779	5.199628
29754	-1489.844	-1585.039	95.19531	0.727307	0.6892343	4.751823
29760	-1483.469	-1576.956	93.48696	0.5164146	0.4946632	5.969018
29766	-1489.728	-1584.253	94.52514	0.5377075	0.4919282	5.390598
29772	-1491.39	-1586.918	95.52819	0.6652892	0.3901405	4.866098
29778	-1494.631	-1590.245	95.61403	0.6764787	0.7869194	4.476873
29784	-1491.147	-1588.081	96.93419	0.7860754	0.5593624	3.838193
29790	-1486.093	-1581.955	95.86239	0.4559474	0.5003919	4.685756
29796	-1496.045	-1591.042	94.9969	0.6457942	0.469746	5.090922
29802	-1494.642	-1589.395	94.75329	0.8894816	0.6749391	4.918458
29808	-1476.532	-1571.866	95.33445	0.5326773	0.4575472	4.978135
29814	-1482.042	-1575.461	93.41915	0.2642044	0.5030009	6.135912
29820	-1479.329	-1572.645	93.31611	0.367245	0.5030009	6.135912
29826	-1480.162	-1574.048	93.88668	0.3048285	0.5345979	5.830877
29832	-1482.529	-1576.203	93.67377	0.5177393	0.5345979	5.830877
29838	-1484.112	-1579.609	95.49615	0.7031349	0.5345979	4.721465
29844	-1483.577	-1579.056	95.47974	0.7753266	0.5000539	4.721465
29850	-1484.782	-1579.825	95.04263	0.9990672	0.6907183	4.684138
29856	-1486.833	-1581.558	94.7245	0.8053142	0.5565162	5.075286
29862	-1480.906	-1574.443	93.53695	0.7862113	0.5565162	5.740167
29868	-1473.373	-1568.203	94.83028	0.6978994	0.5565162	5.076191
29874	-1482.776	-1577.524	94.74846	0.6978994	0.5655352	5.11393
29880	-1485.457	-1580.249	94.79179	0.6545647	0.5655352	5.11393
29886	-1488.909	-1584.123	95.21324	0.6798939	0.7003111	4.760202
29892	-1488.289	-1581.675	93.38554	0.4404287	0.5498691	6.017471
29898	-1489.919	-1583.291	93.37199	0.448643	0.6686701	5.926992
29904	-1482.607	-1578.356	95.74892	0.6205059	0.5159936	4.642862
29910	-1480.026	-1576.453	96.42707	0.7421311	0.6377362	4.088155
29916	-1484.405	-1578.831	94.42558	0.6851869	0.6377362	5.241642
29922	-1480.551	-1575.582	95.03079	0.6261144	0.7058146	4.887992
29928	-1483.196	-1580.63	97.4338	0.9247039	0.7058146	3.347979
29934	-1491.076	-1585.736	94.65974	0.53188	0.5405098	5.276198
29940	-1485.992	-1579.648	93.65524	0.703266	0.3862931	5.882187
29946	-1479.29	-1572.808	93.51778	0.5049887	0.5835645	5.882187
29952	-1479.055	-1572.637	93.5826	0.7623042	0.5835645	5.705908
29958	-1479.932	-1574.192	94.26005	0.5415804	0.4395629	5.584368
29964	-1477.256	-1570.617	93.36084	0.5725013	0.5193446	5.985174
29970	-1480.739	-1576.574	95.83449	0.8089438	0.6954166	4.342299
29976	-1488.244	-1582.293	94.04918	0.7966519	0.4548796	5.545054
29982	-1489.106	-1582.537	93.43075	0.6364828	0.4548796	5.971392
29988	-1484.957	-1577.135	92.17835	0.6721944	0.4563548	6.630808
29994	-1488.899	-1583.047	94.14789	0.8035724	0.6056368	5.354719
30000	-1493.121	-1585.782	92.66114	0.4137486	0.8296922	6.224408
30006	-1483.388	-1579.468	96.07955	0.5079385	0.5438128	4.495629
30012	-1484.109	-1580.315	96.20677	0.5405542	0.6242151	4.338262
30018	-1484.53	-1580.713	96.18267	0.8677067	0.6242151	4.166547
30024	-1486.343	-1583.392	97.0491	1.186804	0.8779254	3.299396
30030	-1481.518	-1579.307	97.78859	1.109082	0.6454283	3.076428
30036	-1484.331	-1581.976	97.64589	1.109082	0.8743541	2.993121
30042	-1491.618	-1589.622	98.00386	1.109082	0.5828462	3.001171
30048	-1487.779	-1587.146	99.36733	1.304029	0.3840249	2.246791
30054	-1498.299	-1596.806	98.50698	1.604549	0.407377	2.571531
30060	-1476.593	-1569.538	92.94479	0.3300914	0.6053835	6.272268
30066	-1484.827	-1577.438	92.6107	0.3057915	0.424446	6.626303
30072	-1486.517	-1581.615	95.09813	0.5828338	0.424446	5.114592
30078	-1483.666	-1578.939	95.27304	0.4372678	0.4087934	5.114592
30084	-1492.572	-1589.19	96.61828	1.196706	0.6549159	3.704091
30090	-1499.286	-1592.757	93.471	0.6151105	0.4094237	6.006462
30096	-1487.768	-1583.007	95.23878	0.6141738	0.6840684	4.794539
30102	-1485.221	-1581.32	96.09966	0.678114	0.4634504	4.46303
30108	-1488.571	-1584.065	95.49302	0.6433974	0.5205715	4.769084
30114	-1492.88	-1589.196	96.31514	0.661183	0.415615	4.399886
30120	-1487.53	-1583.44	95.90977	0.661183	0.6730994	4.399886
30126	-1491.207	-1587.124	95.91753	0.7923592	0.5749362	4.399886
30132	-1491.596	-1588.016	96.41989	0.5945775	0.4681787	4.32485
30138	-1491.324	-1584.877	93.55333	0.5938641	0.540664	5.849896
30144	-1487.689	-1581.182	93.4929	0.6512817	0.6173212	5.788968
30150	-1479.464	-1572.718	93.25456	0.5395888	0.6035321	5.991038
30156	-1486.282	-1579.468	93.18583	0.4871223	0.6914943	5.991038
30162	-1478.598	-1572.485	93.88683	0.68316	0.4806481	5.67198
30168	-1481.321	-1575.312	93.99084	0.5269223	0.6272329	5.576456
30174	-1483.908	-1578.915	95.00705	0.7101023	0.4588797	5.060114
30180	-1488.921	-1584.577	95.65657	0.7411008	0.4182493	4.722077
30186	-1491.456	-1587.008	95.55211	0.5720082	0.6230594	4.689624
30192	-1474.452	-1567.357	92.90447	0.5117062	0.6054779	6.19539
30198	-1475.389	-1568.788	93.39925	0.4897339	0.4747914	6.049713
30204	-1469.209	-1564.17	94.96149	0.7305623	0.5714636	4.972593
30210	-1476.247	-1572.772	96.52543	0.6977014	0.5880651	4.097958
30216	-1478.721	-1575.219	96.49793	0.6630797	0.4881976	4.222534
30222	-1475.921	-1570.57	94.64874	0.5023152	0.6578573	5.204053
30228	-1483.47	-1576.614	93.14388	0.5581726	0.719236	5.95557
30234	-1494.939	-1590.268	95.32925	0.7180428	0.6202269	4.734841
30240	-1489.67	-1585.603	95.93363	0.9658885	0.6202269	4.255343
30246	-1503.652	-1600.51	96.85873	0.9273534	0.6628512	3.714563
30252	-1484.637	-1579.602	94.96507	0.7772562	0.5650605	4.950019
30258	-1493.343	-1588.867	95.5245	0.8067069	0.5197691	4.660855
30264	-1492.747	-1588.313	95.56527	0.6409479	0.6016207	4.660855
30270	-1485.378	-1580.039	94.6605	0.5921842	0.5825211	5.207045
30276	-1494.567	-1590.739	96.1722	0.8100263	0.8271224	4.058365
30282	-1490.652	-1585.261	94.60867	0.8100263	0.998475	4.835885
30288	-1480.611	-1576.7	96.08819	0.9147037	0.4822191	4.317795
30294	-1493.513	-1589.265	95.75217	0.9561214	0.7212672	4.286759
30300	-1486.967	-1584.045	97.07729	0.7804063	0.6175403	3.709527
30306	-1494.394	-1587.941	93.54667	0.4294052	0.6416897	5.862184
30312	-1499.546	-1593.945	94.39833	0.5191973	0.7713169	5.252659
30318	-1492.961	-1587.43	94.46886	0.5759265	0.4864204	5.405646
30324	-1483.126	-1578.858	95.73241	0.6724838	0.4502871	4.685359
30330	-1481.933	-1577.401	95.46829	0.6758746	0.5839741	4.710074
30336	-1487.998	-1583.387	95.38907	0.7323675	0.5994559	4.710074
30342	-1494.889	-1589.12	94.23074	0.5851873	0.5584138	5.468046
30348	-1497.802	-1592.37	94.56825	0.6800278	0.4472259	5.330941
30354	-1490.353	-1586.67	96.31755	0.6800278	0.5343944	4.272524
30360	-1490.832	-1585.785	94.95303	0.685759	0.4446982	5.117516
30366	-1495.415	-1590.508	95.09271	0.6858625	0.4346451	5.050077
30372	-1471.621	-1566.118	94.49654	0.7368431	0.4974022	5.291492
30378	-1485.652	-1580.18	94.52783	0.7035293	0.5392749	5.255312
30384	-1473.051	-1568.319	95.26811	0.7035293	0.5940016	4.79822
30390	-1487.058	-1580.058	93.00003	0.709874	0.5845146	6.052162
30396	-1488.371	-1584.013	95.64232	0.7672484	0.609697	4.54024
30402	-1487.955	-1584.489	96.53415	0.8490316	0.6242341	3.976825
30408	-1485.323	-1579.004	93.68176	0.8490316	0.7691917	5.467341
30414	-1487.892	-1585.56	97.66874	1.005073	0.6644267	3.194165
30420	-1497.22	-1592.028	94.80792	0.7959891	0.5678515	5.024588
30426	-1492.763	-1587.761	94.99786	0.3481721	0.5003447	5.226558
30432	-1483.905	-1578.3	94.39483	0.6896639	0.6540491	5.243728
30438	-1482.85	-1577.734	94.88386	0.5481367	0.4110201	5.266249
30444	-1476.209	-1570.824	94.61453	0.4973594	0.605529	5.266249
30450	-1475.707	-1571.277	95.57003	0.7463636	0.563247	4.631058
30456	-1487.956	-1581.991	94.03562	0.4296621	0.5094231	5.70311
30462	-1480.717	-1574.746	94.02922	0.519929	0.4598153	5.70311
30468	-1480.734	-1575.23	94.49582	0.7622817	0.5589844	5.223662
30474	-1476.26	-1571.432	95.17277	0.7320851	0.7065984	4.749098
30480	-1466.163	-1560.814	94.65101	0.4404888	0.594243	5.286577
30486	-1473.429	-1568.128	94.69969	0.5304593	0.5047561	5.286577
30492	-1484.736	-1580.026	95.29084	0.5635153	0.5047561	4.940634
30498	-1486.814	-1581.778	94.96421	0.5635153	0.7329432	4.940634
30504	-1485.935	-1582.123	96.18768	0.7282954	0.6237227	4.243209
30510	-1491.27	-1585.87	94.59946	0.5323959	0.6385028	5.229391
30516	-1486.451	-1581.06	94.60821	0.5236554	0.6385028	5.229391
30522	-1488.972	-1583.804	94.8327	0.6844011	0.6693863	4.992482
30528	-1486.005	-1582.966	96.96141	0.859352	0.4023415	3.934352
30534	-1487.07	-1581.826	94.75592	0.6481341	0.4895467	5.204415
30540	-1487.972	-1582.543	94.57045	0.579515	0.4895467	5.344765
30546	-1488.012	-1584.345	96.33304	0.9734095	0.4895467	4.138648
30552	-1482.406	-1578.027	95.6214	0.7237885	0.4946022	4.676102
30558	-1484.329	-1578.929	94.60004	0.47516	0.540118	5.340795
30564	-1488.499	-1584.099	95.60045	0.7498996	0.8760805	4.385468
30570	-1486.367	-1582.523	96.1563	0.8152731	0.4319644	4.385468
30576	-1485.326	-1581.175	95.84903	0.8285032	0.4818325	4.501652
30582	-1485.475	-1580.51	95.03428	0.6492685	0.7464852	4.844427
30588	-1482.586	-1577.963	95.37718	0.6566029	0.5007003	4.844427
30594	-1487.763	-1583.404	95.64119	0.5937377	0.4421496	4.78851
30600	-1481.808	-1575.912	94.1044	0.3670506	0.5362715	5.676137
30606	-1483.9	-1578.53	94.62928	0.4741643	0.5362715	5.328547
30612	-1483.723	-1579.072	95.34859	0.6312749	0.5329331	4.845449
30618	-1480.649	-1575.148	94.49893	0.6388811	0.5462953	5.300929
30624	-1486.953	-1583.325	96.37203	0.6345178	0.5415571	4.261068
30630	-1479.051	-1573.895	94.84407	0.6704192	0.7828178	4.913911
30636	-1490.197	-1585.719	95.52214	0.7823137	0.7404017	4.500995
30642	-1498.699	-1592.724	94.02519	0.5187139	0.4629858	5.702944
30648	-1481.326	-1575.42	94.09446	0.4846629	0.4613269	5.685228
30654	-1489.683	-1585.722	96.03928	0.7429248	0.3963687	4.529865
30660	-1483.48	-1578.345	94.86573	0.7418932	0.5987743	4.997047
30666	-1485.038	-1579.848	94.80996	0.6451642	0.5987743	5.081692
30672	-1476.514	-1571.108	94.59352	0.7751659	0.5354542	5.182695
30678	-1477.348	-1573.354	96.00634	0.669517	0.4622432	4.521552
30684	-1486.44	-1581.204	94.76309	0.4326322	0.4622432	5.345301
30690	-1489.309	-1583.657	94.34791	0.5731536	0.6391511	5.345301
30696	-1494.058	-1588.464	94.4065	0.4911316	0.6561723	5.345301
30702	-1488.84	-1582.54	93.69938	0.7306358	0.6054815	5.641653
30708	-1489.189	-1584.487	95.29741	0.6969655	0.4705415	4.894747
30714	-1497.466	-1592.255	94.7886	0.488138	0.5086906	5.25728
30720	-1489.189	-1583.242	94.05252	0.472509	0.7230864	5.502028
30726	-1489.68	-1583.166	93.48584	0.569523	0.5672974	5.87769
30732	-1486.77	-1580.88	94.11075	0.569523	0.5273294	5.569307
30738	-1477.153	-1572.487	95.33381	0.584022	0.4991179	4.910483
30744	-1476.106	-1571.546	95.43994	0.5221389	0.576395	4.8181
30750	-1480.814	-1576.605	95.79087	0.7258883	0.576395	4.507432
30756	-1478.801	-1572.453	93.6525	0.4541797	0.576395	5.842158
30762	-1498.355	-1591.873	93.51723	0.61506	0.6088026	5.802147
30768	-1480.634	-1574.028	93.39414	0.7194429	0.6088026	5.812383
30774	-1479.306	-1572.712	93.40611	0.839749	0.9539829	5.51023
30780	-1485.839	-1581.418	95.57923	0.9108794	0.6055649	4.498308
30786	-1483.77	-1578.563	94.79254	0.888157	0.5961943	4.958521
30792	-1485.643	-1580.762	95.119	0.5908739	0.5961943	4.942293
30798	-1493.492	-1587.425	93.93354	0.6737598	0.6889723	5.48104
30804	-1497.747	-1594.382	96.63476	0.8294013	0.5137863	4.026004
30810	-1487.833	-1580.234	92.40156	0.4206876	0.581914	6.536405
30816	-1483.555	-1578.581	95.02637	0.4740499	0.5034601	5.13828
30822	-1493.805	-1588.376	94.5706	0.6295946	0.7539861	5.107946
30828	-1485.849	-1581.343	95.49356	0.6446197	0.4697079	4.815393
30834	-1479.05	-1573.949	94.89898	0.543863	0.5221723	5.153333
30840	-1491.797	-1586.894	95.09683	0.7696306	0.7038792	4.772512
30846	-1486.66	-1583.543	96.88246	0.7696306	0.4441481	3.986478
30852	-1498.561	-1594.459	95.89787	0.8649155	0.5085829	4.428578
30858	-1481.418	-1575.107	93.6889	0.6068138	0.5916665	5.726311
30864	-1483.629	-1578.384	94.75501	0.5664953	0.5070957	5.233978
30870	-1489.075	-1583.745	94.67043	0.5311728	0.5708681	5.244924
30876	-1489.015	-1583.759	94.7446	0.4904437	0.5489684	5.244924
30882	-1483.543	-1578.601	95.05807	0.565716	0.4902621	5.082055
30888	-1481.883	-1577.305	95.42156	0.5937091	0.4902621	4.864428
30894	-1473.167	-1568.101	94.93386	0.6820235	0.4902621	5.086436
30900	-1480.38	-1576.01	95.63042	0.6589826	0.7239388	4.521118
30906	-1486.021	-1580.931	94.90971	0.7099133	0.5001683	5.075218
30912	-1485.335	-1579.382	94.04653	0.5869719	0.5001683	5.619187
30918	-1496.622	-1591.334	94.71194	0.5614699	0.5001683	5.26686
30924	-1497.532	-1591.577	94.0458	0.5587737	0.5815828	5.565045
30930	-1493.191	-1587.874	94.68329	0.6038609	0.5815828	5.188749
30936	-1501.48	-1594.946	93.46566	0.6946895	0.511624	5.868038
30942	-1488.37	-1582.296	93.92579	0.342922	0.4479861	5.868038
30948	-1486.596	-1581.804	95.20844	0.6032676	0.4427948	5.023492
30954	-1478.825	-1572.563	93.73851	0.6151886	0.5989002	5.688738
30960	-1476.77	-1571.557	94.78723	0.5930424	0.5989002	5.123086
30966	-1476.577	-1572.409	95.83179	0.7239883	0.4510694	4.600036
30972	-1479.441	-1574.712	95.27081	0.7239883	0.5993734	4.780917
30978	-1490.621	-1584.874	94.25323	0.5745427	0.6292098	5.404388
30984	-1485.585	-1581.125	95.54016	0.6330883	0.4693768	4.796143
30990	-1486.992	-1582.302	95.31033	0.552953	0.3970485	5.042246
30996	-1488.852	-1582.851	93.99969	0.6363796	0.6492752	5.494577
31002	-1482.342	-1577.421	95.0795	0.7045692	0.6492752	4.859124
31008	-1480.005	-1574.781	94.77686	0.8625758	0.7608749	4.859124
31014	-1481.832	-1578.618	96.78527	0.7761048	0.5547619	3.933418
31020	-1492.101	-1588.326	96.22589	0.9550199	0.5257104	4.176365
31026	-1482.543	-1577.313	94.7699	0.6651361	0.5257104	5.154519
31032	-1492.877	-1588.743	95.8663	0.6863584	0.4498046	4.603048
31038	-1487.036	-1584.374	97.33823	0.9148481	0.5491187	3.539098
31044	-1489.65	-1587.358	97.70823	1.184773	0.5937068	3.123038
31050	-1483.213	-1578.095	94.88189	0.6065782	0.5094291	5.139481
31056	-1492.296	-1586.632	94.33622	0.6633426	0.5934566	5.337959
31062	-1479.491	-1574.835	95.34445	0.7681761	0.5293727	4.774518
31068	-1485.406	-1578.961	93.555	0.4998464	0.5293727	5.910093
31074	-1479.475	-1574.987	95.51188	0.4587467	0.5171701	4.864638
31080	-1490.319	-1586.276	95.95774	1.065375	1.003113	3.927304
31086	-1483.802	-1580.594	96.79183	1.065375	0.5296453	3.786022
31092	-1474.662	-1570.584	95.92197	0.8726909	0.6714677	4.274696
31098	-1481.604	-1577.971	96.36783	0.8873497	0.6219097	4.051811
31104	-1485.381	-1581.724	96.34244	0.8205932	0.5462914	4.168107
31110	-1477.011	-1571.821	94.80936	0.6908733	0.5984463	5.056937
31116	-1483.971	-1578.55	94.57838	0.6173552	0.555158	5.26137
31122	-1482.871	-1578.149	95.27765	0.7233326	0.3512618	5.01707
31128	-1484.203	-1579.564	95.36154	0.6829401	0.6310654	4.727863
31134	-1480.563	-1575.838	95.27535	0.7461646	0.6330276	4.739164
31140	-1484.667	-1580.835	96.16808	0.8658469	0.7747085	4.064135
31146	-1486.403	-1582.277	95.87392	0.7677179	0.6386858	4.386493
31152	-1486.54	-1583.158	96.61813	0.8537416	0.5547323	3.984663
31158	-1479.855	-1575.623	95.76776	0.880474	0.3836078	4.619113
31164	-1480.983	-1576.572	95.5892	0.7409391	0.5682373	4.619113
31170	-1492.878	-1588.229	95.35134	0.6053967	0.6328257	4.775516
31176	-1494.537	-1590.462	95.92584	0.5715833	0.5162743	4.570814
31182	-1483.993	-1579.396	95.40334	0.7176378	0.4505914	4.843662
31188	-1492.141	-1584.575	92.43361	0.47289	0.5722111	6.498629
31194	-1491.258	-1587.264	96.00646	0.7389092	0.5265038	4.422086
31200	-1489.047	-1583.142	94.09519	0.6183458	0.5348575	5.544479
31206	-1486.824	-1580.638	93.81368	0.6413582	0.5348575	5.68636
31212	-1478.352	-1573.297	94.94505	0.6413582	0.6688045	4.954392
31218	-1483.464	-1578.2	94.7352	0.5860476	0.8247058	4.993976
31224	-1488.163	-1582.731	94.56852	0.6911064	0.7036853	5.110241
31230	-1476.799	-1572.921	96.12142	0.7678029	0.9539353	4.032458
31236	-1481.388	-1578.14	96.75179	0.6877276	0.5220487	4.032458
31242	-1508.594	-1607.183	98.58864	1.147173	0.4987875	2.703324
31248	-1505.943	-1602.681	96.73812	1.039695	0.7242844	3.672791
31254	-1487.303	-1584.702	97.39872	0.8624672	0.6617452	3.439254
31260	-1496.469	-1592.462	95.9937	0.7509906	0.5937913	4.364476
31266	-1488.081	-1583.95	95.86923	0.8164343	0.6918262	4.321085
31272	-1485.9	-1579.927	94.02751	0.5596479	0.6545578	5.517493
31278	-1494.469	-1588.991	94.52116	0.4979822	0.6707803	5.267317
31284	-1497.9	-1593.913	96.01301	0.6952067	0.8575322	4.194604
31290	-1486.934	-1580.88	93.94635	0.5191908	0.6170762	5.613026
31296	-1488.261	-1582.71	94.44858	0.6377397	0.6862469	5.218813
31302	-1490.439	-1586.987	96.54801	0.6370914	0.47175	4.224739
31308	-1493.691	-1588.909	95.21825	0.4307406	0.5212234	5.039888
31314	-1486.548	-1582.328	95.77964	0.686036	0.6781433	4.455436
31320	-1490.991	-1587.568	96.57751	0.8941931	0.9069985	3.726539
31326	-1492.331	-1589.188	96.85712	0.7971454	0.5905048	3.849297
31332	-1487.832	-1584.332	96.50066	0.7971454	0.4991171	4.134497
31338	-1485.253	-1581.297	96.04446	0.7901296	0.5026254	4.393595
31344	-1483.247	-1579.948	96.70089	0.8373909	0.5777416	3.926699
31350	-1477.887	-1573.705	95.81841	0.8373909	0.4734446	4.521924
31356	-1495.084	-1591.825	96.7408	0.5898262	0.5061448	4.109232
31362	-1489.032	-1583.219	94.18708	0.4827352	0.6197611	5.498692
31368	-1483.556	-1577.674	94.11721	0.5079209	0.6294522	5.515734
31374	-1486.723	-1580.284	93.56027	0.6075479	0.5688082	5.814957
31380	-1472.204	-1566.295	94.0911	0.5480099	0.6044041	5.527677
31386	-1475.689	-1569.95	94.26101	0.608335	0.4798193	5.50837
31392	-1484.972	-1580.142	95.16985	0.8048661	0.657325	4.746576
31398	-1496.397	-1593.384	96.98735	0.8951339	0.657325	3.663143
31404	-1498.05	-1592.954	94.90475	0.635932	0.5345263	5.088229
31410	-1489.485	-1584.363	94.87723	0.6634549	0.5345263	5.088229
31416	-1480.711	-1575.24	94.52881	0.5524566	0.5358529	5.341148
31422	-1490.35	-1586.041	95.691	0.4421468	0.5211222	4.770417
31428	-1489.079	-1582.909	93.82961	0.6695059	0.6169905	5.594664
31434	-1471.798	-1565.997	94.19863	0.5906831	0.6129884	5.438243
31440	-1490.876	-1585.626	94.75021	0.570708	0.5621994	5.186202
31446	-1488.961	-1581.99	93.02862	0.2908615	0.5621994	6.282831
31452	-1480.088	-1574.017	93.9287	0.5794844	0.5621994	5.633973
31458	-1482.779	-1577.647	94.86775	0.4021589	0.6183745	5.168686
31464	-1476.19	-1571.403	95.21261	0.4561444	0.5092288	5.0397
31470	-1475.795	-1570.786	94.99186	0.601963	0.5092288	5.081273
31476	-1474.447	-1568.934	94.48677	0.367451	0.6329313	5.386937
31482	-1484.672	-1580.486	95.81454	0.6370049	0.5062432	4.605721
31488	-1482.707	-1577.286	94.57949	0.6619014	0.6950305	5.126591
31494	-1474.804	-1569.528	94.72474	0.5039374	0.5732906	5.227946
31500	-1474.903	-1569.619	94.71602	0.5126543	0.5732906	5.227946
31506	-1466.969	-1561.95	94.98092	0.6910394	0.6618357	4.912022
31512	-1471.368	-1569.335	97.96714	0.9925922	0.6607938	3.026747
31518	-1474.245	-1568.903	94.65772	0.9225711	0.922746	4.789281
31524	-1479.632	-1575.35	95.71847	0.7489413	0.922746	4.290763
31530	-1483.84	-1580.004	96.16388	0.7398167	0.5744862	4.290763
31536	-1489.574	-1585.112	95.53775	0.5248353	0.6231993	4.723935
31542	-1488.529	-1584.004	95.47569	0.5639483	0.6395666	4.723935
31548	-1490.823	-1586.068	95.24483	0.704767	0.7068029	4.723935
31554	-1502.1	-1598.961	96.86112	1.060718	0.6788271	3.623567
31560	-1499.232	-1596.275	97.04282	0.9127166	0.6690389	3.61161
31566	-1485.325	-1582.348	97.02232	0.8830488	0.6948254	3.620873
31572	-1480.252	-1573.988	93.73571	0.6090333	0.4177969	5.856626
31578	-1478.249	-1572.964	94.71483	0.6643769	0.5625088	5.153676
31584	-1477.568	-1572.667	95.09938	0.5675314	0.394664	5.153676
31590	-1487.278	-1581.643	94.36561	0.6055471	0.4781254	5.453944
31596	-1481.954	-1576.469	94.51488	0.6529007	0.5502967	5.280954
31602	-1483.75	-1578.652	94.90208	0.5250731	0.5761653	5.115699
31608	-1484.153	-1579.472	95.31919	0.6033652	0.5578731	4.85577
31614	-1489.93	-1585.128	95.19842	0.69107	0.6414448	4.806355
31620	-1495.934	-1592.328	96.39464	0.8756423	0.6703145	4.005087
31626	-1488.492	-1584.691	96.19958	0.6862182	0.6396709	4.247645
31632	-1484.241	-1579.051	94.80978	0.5303785	0.6005295	5.143994
31638	-1477.562	-1570.766	93.20457	0.4489924	0.6005295	6.070063
31644	-1492.133	-1585.182	93.04962	0.4648388	0.4268001	6.299886
31650	-1489.927	-1582.929	93.0017	0.536713	0.5980497	6.134741
31656	-1492.149	-1585.482	93.33257	0.4243882	0.4608913	6.134741
31662	-1483.747	-1577.423	93.67519	0.5968943	0.5839113	5.745517
31668	-1470.59	-1565.205	94.61544	0.2577662	0.5839113	5.415367
31674	-1479.539	-1572.756	93.21708	0.505716	0.8454271	5.86143
31680	-1485.895	-1579.236	93.34029	0.4921472	0.6428908	5.939744
31686	-1490.312	-1584.15	93.83834	0.5019826	0.5115606	5.769645
31692	-1493.071	-1586.142	93.07024	0.6700741	0.502269	6.105554
31698	-1502.41	-1599.79	97.37914	0.8891289	0.6845144	3.417271
31704	-1496.242	-1590.769	94.52635	0.5815761	0.836229	5.105015
31710	-1493.455	-1588.449	94.99497	0.5995723	0.4830365	5.105015
31716	-1482.696	-1579.63	96.93484	0.7429027	0.4724315	3.943372
31722	-1492.401	-1588.321	95.91918	0.7346006	0.6016599	4.409307
31728	-1491.132	-1587.043	95.91058	0.9225118	0.4868075	4.409307
31734	-1489.605	-1584.399	94.79381	0.6737514	0.5168988	5.144342
31740	-1476.734	-1571.84	95.10592	0.7980153	0.5000214	4.91739
31746	-1478.384	-1574.301	95.91712	0.7381871	0.483744	4.51233
31752	-1481.309	-1578.282	96.97305	0.7381871	0.4660751	3.930484
31758	-1486.114	-1582.783	96.66896	0.6893704	0.5273628	4.073919
31764	-1496.398	-1591.565	95.16682	0.819306	0.4887499	4.882083
31770	-1492.147	-1587.182	95.03482	0.8569688	0.7658033	4.714872
31776	-1482.662	-1578.842	96.18081	0.7207193	0.5146344	4.344723
31782	-1495.015	-1590.884	95.86861	0.8111919	0.6451923	4.359858
31788	-1490.065	-1584.167	94.10153	0.7563294	0.3921174	5.602428
31794	-1493.209	-1588.145	94.93589	0.706689	0.5440711	5.023383
31800	-1487.833	-1582.882	95.04888	0.6821682	0.5440711	4.974233
31806	-1488.648	-1583.269	94.62117	0.6554116	0.4836651	5.280351
31812	-1485.331	-1580.143	94.81244	0.8070516	0.4196526	5.153575
31818	-1481.743	-1577.45	95.70662	0.8070516	0.4638738	4.611022
31824	-1479.439	-1575.262	95.82298	0.670248	0.4757164	4.611022
31830	-1480.708	-1575.318	94.60966	0.4302645	0.5194004	5.378389
31836	-1491.778	-1585.328	93.54966	0.5089889	0.4501372	5.98066
31842	-1493.583	-1588.725	95.14178	0.6765292	0.504772	4.960668
31848	-1482.474	-1577.731	95.2573	0.5356345	0.504772	4.974773
31854	-1479.599	-1575.235	95.63591	0.5356345	0.504772	4.763802
31860	-1493.173	-1590.567	97.39377	0.9422262	0.3441046	3.705646
31866	-1488.895	-1586.628	97.7325	0.9611024	0.4802573	3.346727
31872	-1480.383	-1573.965	93.58242	0.5566302	0.5309771	5.862691
31878	-1481.779	-1575.416	93.63691	0.5931285	0.6036481	5.752713
31884	-1482.649	-1579.56	96.91119	0.9270768	0.7117483	3.647055
31890	-1483.857	-1579.342	95.48553	0.7702409	0.7117483	4.548773
31896	-1486.528	-1580.353	93.82564	0.5277304	0.6956119	5.615793
31902	-1494.386	-1591.348	96.9625	0.9943866	0.5408607	3.71832
31908	-1489.681	-1585.823	96.14214	0.7475265	0.6437714	4.242236
31914	-1480.558	-1576.505	95.94637	0.6744997	0.5734683	4.451303
31920	-1489.509	-1586.173	96.66416	0.8658994	0.6239994	3.892889
31926	-1484.88	-1578.093	93.21363	0.5902845	0.7615456	5.871064
31932	-1504.889	-1599.567	94.67803	0.6879474	0.5554231	5.166995
31938	-1494.439	-1589.742	95.30274	0.6794269	0.5554231	4.824623
31944	-1494.536	-1590.107	95.57185	0.7583956	0.3576511	4.826391
31950	-1493.99	-1590.793	96.80357	0.6934768	0.6501416	3.890936
31956	-1502.438	-1595.452	93.01406	0.3418777	0.4716035	6.342615
31962	-1491.39	-1586.928	95.53852	0.8367691	0.751511	4.453359
31968	-1490.081	-1585.776	95.69438	0.6667376	0.4746227	4.686085
31974	-1484.647	-1580.476	95.82879	0.8004349	0.6403509	4.392191
31980	-1480.291	-1574.227	93.9359	0.8726529	0.6650482	5.387777
31986	-1483.477	-1577.66	94.18345	0.6773278	0.627175	5.387777
31992	-1484.567	-1578.818	94.25063	0.7604957	0.5267441	5.387777
31998	-1478.236	-1572.631	94.39469	0.7147132	0.5974383	5.274111
32004	-1479.807	-1573.998	94.19129	0.7930741	0.687683	5.274111
32010	-1489.139	-1583.529	94.39004	0.7425772	0.4329821	5.408892
32016	-1483.675	-1578.598	94.92308	0.3751503	0.6084504	5.160867
32022	-1484.082	-1578.69	94.60779	0.4497411	0.4177091	5.465782
32028	-1485.173	-1579.156	93.98334	0.3623098	0.614712	5.680648
32034	-1477.866	-1572.927	95.06028	0.5855224	0.614712	4.96305
32040	-1484.271	-1577.687	93.41534	0.5312339	0.614712	5.899051
32046	-1494.105	-1588.469	94.36337	0.5725368	0.4320578	5.518081
32052	-1500.227	-1595.375	95.14713	0.366313	0.4401347	5.191468
32058	-1485.542	-1580.766	95.2242	0.4107679	0.4401347	5.124185
32064	-1489.389	-1583.542	94.15268	0.4107679	0.6265703	5.55187
32070	-1492.926	-1591.266	98.34018	0.8906127	0.7390864	2.801593
32076	-1493.333	-1591.756	98.42287	1.137065	0.5845907	2.728815
32082	-1495.599	-1593.095	97.49635	0.7645261	0.6203562	3.472993
32088	-1491.685	-1587.461	95.77584	0.4848511	0.558246	4.666543
32094	-1488.268	-1582.692	94.42396	0.6179828	0.516803	5.379587
32100	-1488.517	-1583.438	94.92104	0.6717625	0.5723833	5.026962
32106	-1485.155	-1579.183	94.02771	0.6847259	0.4197257	5.653311
32112	-1485.443	-1580.641	95.19844	0.5912971	0.5719701	4.917832
32118	-1484.958	-1579.059	94.10149	0.342054	0.6371978	5.609547
32124	-1477.712	-1572.808	95.09583	0.8488162	0.5974364	4.810483
32130	-1481.316	-1576.043	94.72623	0.8948501	0.5974364	4.990654
32136	-1475.942	-1572.81	96.86842	0.9281353	0.5303135	3.820326
32142	-1480.95	-1576.516	95.56546	0.7811278	0.8028349	4.434659
32148	-1475.431	-1571.355	95.9236	0.6541709	0.6233237	4.434659
32154	-1482.073	-1577.72	95.64673	0.8447277	0.5086528	4.581114
32160	-1480.155	-1575.317	95.16201	0.5021548	0.5086528	5.042769
32166	-1480.347	-1575.512	95.1649	0.6749	0.5021356	4.951127
32172	-1478.955	-1574.118	95.16252	0.4835408	0.5021356	5.058749
32178	-1483.838	-1579.289	95.4516	0.5846206	0.5903159	4.765182
32184	-1492.53	-1589.367	96.83681	0.6432997	0.6675467	3.887079
32190	-1478.799	-1575.48	96.68139	0.889303	0.602685	3.887079
32196	-1485.547	-1581.583	96.03585	0.7159846	0.3579149	4.59024
32202	-1481.547	-1575.963	94.41537	0.5725379	0.5348749	5.393472
32208	-1476.17	-1571.898	95.72823	0.6156122	0.5348749	4.640296
32214	-1486.324	-1580.971	94.64708	0.6719047	0.6258908	5.135613
32220	-1487.223	-1582.033	94.81006	0.5997286	0.5638439	5.135613
32226	-1486.141	-1580.542	94.40153	0.6648685	0.8243056	5.135613
32232	-1482.806	-1579.347	96.5408	0.8437513	0.5465253	4.041777
32238	-1487.327	-1583.623	96.29665	0.8146047	0.5465253	4.197307
32244	-1487.677	-1579.795	92.11889	0.5165442	0.5723321	6.645227
32250	-1483.043	-1576.383	93.33939	0.5123096	0.4701792	6.074353
32256	-1487.068	-1583.342	96.27412	0.9544398	0.3878266	4.287542
32262	-1493.962	-1591.238	97.27611	0.9106928	0.7559486	3.411633
32268	-1507.828	-1604.616	96.78844	0.9234296	0.5559503	3.846018
32274	-1487.054	-1583.338	96.28351	0.882251	0.7892156	3.978917
32280	-1480.156	-1576.395	96.23901	0.8400163	0.5856969	4.181901
32286	-1492.941	-1588.884	95.94215	0.812014	0.6654848	4.302171
32292	-1493.777	-1590.487	96.71036	0.8573698	0.5941475	3.895913
32298	-1480.048	-1574.653	94.60494	0.4529962	0.5328463	5.356632
32304	-1490.238	-1585.966	95.72795	0.4963321	0.5328014	4.70907
32310	-1497.677	-1594.48	96.8026	1.015782	0.7027896	3.665272
32316	-1494.846	-1591.392	96.5465	1.004274	0.7027896	3.819712
32322	-1491.118	-1586.683	95.56548	0.843499	0.6484079	4.509983
32328	-1485.048	-1580.815	95.76726	0.6417231	0.6484079	4.509983
32334	-1484.675	-1580.807	96.13176	0.8554924	0.8461143	4.04313
32340	-1481.306	-1577.885	96.57958	1.080186	0.3910896	4.038862
32346	-1476.122	-1573.048	96.92651	1.080186	0.6553527	3.592669
32352	-1487.982	-1584.046	96.06326	0.7477751	0.6017864	4.320404
32358	-1479.609	-1575.377	95.76851	0.6511729	0.6436031	4.50769
32364	-1481.656	-1577.728	96.07137	0.5912856	0.4842818	4.50769
32370	-1478.925	-1574.787	95.86205	0.6757739	0.7125554	4.389393
32376	-1476.728	-1572.115	95.3872	0.7886745	0.6846189	4.613466
32382	-1482.193	-1575.654	93.461	0.3694343	0.5176974	6.042742
32388	-1483.662	-1577.709	94.04758	0.7006582	0.6145359	5.459637
32394	-1494.399	-1590.109	95.70981	0.5894757	0.5197542	4.678749
32400	-1487.298	-1580.974	93.67539	0.4464227	0.5602896	5.847191
32406	-1502.106	-1595.785	93.679	0.5200376	0.6090094	5.765449
32412	-1498.66	-1592.627	93.96754	0.8279944	0.8216269	5.287133
32418	-1491.738	-1588.047	96.30824	1.116148	0.5472377	4.018407
32424	-1492.392	-1585.229	92.83712	0.6087982	0.7244727	6.091595
32430	-1491.092	-1585.792	94.69957	0.5913631	0.4361057	5.318458
32436	-1482.467	-1577.341	94.87424	0.8180131	0.8164289	4.792697
32442	-1480.919	-1575.115	94.19633	0.2702752	0.5809834	5.641277
32448	-1477.492	-1572.45	94.95807	0.6340204	0.4853718	5.104186
32454	-1488.415	-1582.43	94.01466	0.6728651	0.6615168	5.457069
32460	-1481.031	-1576.669	95.63763	0.8391089	0.4386698	4.6568
32466	-1480.882	-1576.121	95.23849	0.8188986	0.6357036	4.717019
32472	-1483.841	-1581.123	97.28144	1.05546	0.6357036	3.415893
32478	-1481.325	-1575.917	94.59147	0.7884583	0.4703537	5.235812
32484	-1480.697	-1574.414	93.7173	0.4257008	0.6216775	5.786224
32490	-1483.601	-1579.381	95.78035	0.5423437	0.4072444	4.775583
32496	-1477.409	-1572.616	95.20691	0.6400686	0.6172545	4.849028
32502	-1480.105	-1574.229	94.12364	0.3697651	0.6129104	5.600998
32508	-1490.064	-1584.012	93.94865	0.6870957	0.6217187	5.515899
32514	-1488.601	-1583.144	94.54279	0.5540077	0.3518913	5.515899
32520	-1480.887	-1575.088	94.20064	0.6190506	0.453981	5.56029
32526	-1479.4	-1574.04	94.63941	0.6166219	0.458194	5.315937
32532	-1485.015	-1578.303	93.28732	0.326788	0.5082714	6.168893
32538	-1483.795	-1579.619	95.82386	0.8337748	0.5082714	4.488081
32544	-1479.967	-1576.215	96.24857	0.8729915	0.526582	4.209269
32550	-1472.241	-1568.312	96.07087	0.8488442	0.4497163	4.396659
32556	-1482.274	-1578.093	95.81869	0.7580293	0.4497163	4.589637
32562	-1482.267	-1577.921	95.65341	0.8170221	0.5122371	4.589637
32568	-1479.214	-1575.162	95.94769	0.9183677	0.6100017	4.282564
32574	-1489.005	-1584.64	95.63462	0.8807051	0.2779338	4.823222
32580	-1483.903	-1579.761	95.8578	0.7076272	0.4835517	4.563019
32586	-1474.248	-1569.622	95.37317	0.4511322	0.4172853	5.042487
32592	-1476.586	-1571.822	95.23587	0.5899546	0.4164753	5.042487
32598	-1484.392	-1578.52	94.1282	0.6355104	0.4585924	5.58658
32604	-1492.668	-1587.179	94.51089	0.6837339	0.5603994	5.257554
32610	-1485.93	-1580.748	94.81796	0.696108	0.5786376	5.065461
32616	-1482.069	-1578.467	96.39752	0.8241741	0.6910502	4.01711
32622	-1489.354	-1586.008	96.65412	0.7525403	0.5633556	4.014395
32628	-1487.7	-1583.324	95.62456	0.6346353	0.5814339	4.647789
32634	-1476.141	-1572.571	96.43007	0.810008	0.7274462	3.979796
32640	-1494.022	-1590.454	96.43181	0.8667967	0.4744153	4.157699
32646	-1480.466	-1575.502	95.0358	0.7213187	0.5325091	4.969833
32652	-1489.261	-1585.131	95.87054	0.9432462	0.6405697	4.287721
32658	-1485.575	-1581.807	96.23235	0.8181292	0.485514	4.287721
32664	-1500.257	-1597.374	97.11712	0.7787186	0.5887109	3.711617
32670	-1482.775	-1578.41	95.63471	0.5435222	0.5531605	4.717056
32676	-1482.322	-1577.553	95.23188	0.6846404	0.5531605	4.863166
32682	-1479.591	-1575.252	95.66076	0.6938496	0.4736513	4.690659
32688	-1487.147	-1583.21	96.06231	0.7970781	0.5831606	4.308509
32694	-1493.831	-1590.005	96.17377	0.7468119	0.6463503	4.222686
32700	-1498.678	-1594.934	96.25611	0.8434032	0.5987424	4.159383
32706	-1487.298	-1583.447	96.14934	0.7990186	0.3318377	4.511021
32712	-1479.447	-1575.295	95.84784	0.8497657	0.6879888	4.317186
32718	-1486.39	-1582.057	95.66709	0.8237496	0.8584332	4.317186
32724	-1476.527	-1572.075	95.54748	0.5553716	0.5034387	4.803381
32730	-1478.298	-1574.01	95.71191	0.6322192	0.4490319	4.72061
32736	-1481.037	-1576.399	95.36256	0.645561	0.6669564	4.72061
32742	-1482.516	-1578.41	95.89373	0.574328	0.6588919	4.468678
32748	-1477.484	-1572.503	95.01933	0.7956457	0.7200639	4.789648
32754	-1483.641	-1581.115	97.47479	0.8809281	0.6066	3.429047
32760	-1487.473	-1584.339	96.86573	0.8809281	0.4028804	3.976173
32766	-1474.658	-1568.979	94.32109	0.5510999	0.5609565	5.434937
32772	-1488.221	-1583.163	94.94198	0.5510999	0.66115	5.012006
32778	-1492.252	-1585.417	93.16515	0.4198193	0.6784429	6.048425
32784	-1487.989	-1582.106	94.1167	0.5821631	0.4836159	5.598505
32790	-1483.996	-1577.641	93.64443	0.6091519	0.588509	5.751929
32796	-1475.755	-1569.126	93.37137	0.6730661	0.7431217	5.751929
32802	-1494.706	-1588.545	93.83823	0.3654009	0.6248969	5.750539
32808	-1487.46	-1581.264	93.80446	0.3991699	0.6248969	5.750539
32814	-1479.248	-1573.531	94.28326	0.6942	0.4002403	5.528066
32820	-1486.907	-1582.433	95.52554	0.8014446	0.5754888	4.614763
32826	-1481.702	-1577.181	95.47965	0.8014446	0.7209959	4.527894
32832	-1472.571	-1569.553	96.98152	0.7473513	0.515927	3.872471
32838	-1474.008	-1569.62	95.6118	0.8580201	0.5648634	4.543585
32844	-1478.602	-1574.121	95.51927	0.7183259	0.6622013	4.595674
32850	-1490.42	-1582.857	92.43692	0.5113004	0.5953303	6.457455
32856	-1485.256	-1578.049	92.79356	0.4443365	0.5822118	6.310793
32862	-1501.628	-1594.351	92.72249	0.2637782	0.6116524	6.424018
32868	-1492.342	-1584.858	92.51639	0.4698743	0.6116524	6.424018
32874	-1479.86	-1574.851	94.99098	0.7657924	0.4495028	5.047326
32880	-1484.707	-1578.372	93.6654	0.6697258	0.8411271	5.528467
32886	-1480.053	-1575.385	95.33189	0.7955627	0.7182201	4.616136
32892	-1496.808	-1590.27	93.46215	0.4785602	0.5291626	5.972588
32898	-1495.243	-1589.227	93.98324	0.4296318	0.5871057	5.665772
32904	-1493.764	-1587.764	94.00089	0.7889201	0.5497477	5.489749
32910	-1499.819	-1595.335	95.51632	0.9182823	0.5313097	4.592565
32916	-1494.752	-1590.851	96.09883	0.7314192	0.5434938	4.359078
32922	-1486.37	-1583.383	97.01326	0.7163486	0.5266193	3.86219
32928	-1482.894	-1580.149	97.25466	0.9647683	0.5266193	3.579236
32934	-1479.806	-1576.742	96.93658	0.9679156	0.7519385	3.579236
32940	-1485.656	-1583.962	98.30642	0.9633445	0.4345502	3.05291
32946	-1481.03	-1578.65	97.62022	1.021909	0.6774438	3.202593
32952	-1484.116	-1577.31	93.19365	0.4769201	0.6359819	6.033293
32958	-1497.303	-1591.433	94.12992	0.9857492	0.6796608	5.207405
32964	-1485.653	-1578.763	93.11069	0.5019278	0.5284571	6.151988
32970	-1489.768	-1584.26	94.49186	0.4315979	0.5268616	5.43597
32976	-1479.519	-1574.857	95.33857	0.6070458	0.5268616	4.869914
32982	-1487.114	-1582.891	95.77687	0.6036712	0.5268616	4.626851
32988	-1497.562	-1593.184	95.62178	0.640913	0.5750858	4.651138
32994	-1484.668	-1578.969	94.30097	0.5463598	0.5750858	5.436863
33000	-1486.705	-1581.858	95.15316	0.5911909	0.4992115	5.006866
33006	-1476.558	-1571.675	95.11691	0.5911909	0.5194483	5.008655
33012	-1483.121	-1578.685	95.56457	0.8853	0.8660516	4.33554
33018	-1484.163	-1580.281	96.11805	0.8353958	0.7471354	4.129203
33024	-1481.429	-1576.711	95.28156	0.7026027	0.7471354	4.676024
33030	-1484.058	-1576.743	92.68541	0.4826347	0.5863973	6.34535
33036	-1476.356	-1570.7	94.34347	0.5677142	0.7085886	5.299472
33042	-1470.476	-1565.612	95.13603	0.6943755	0.693425	4.80025
33048	-1484	-1578.1	94.10034	0.4780797	0.5190088	5.632546
33054	-1480.284	-1576.338	96.0541	0.7953484	0.4411455	4.444928
33060	-1485.499	-1581.411	95.91194	0.7658537	0.4662488	4.516543
33066	-1487.994	-1583.455	95.46099	0.6432699	0.6018358	4.717745
33072	-1482.167	-1577.819	95.65115	0.9337196	0.6715146	4.393236
33078	-1478.801	-1575.408	96.60739	0.8937865	0.6356922	3.900036
33084	-1477.826	-1574.201	96.37459	0.6516883	0.5001088	4.287621
33090	-1481.025	-1577.36	96.33434	0.7794299	0.4660604	4.270738
33096	-1485.635	-1581.832	96.19769	0.7077885	0.5971965	4.270738
33102	-1489.318	-1584.986	95.66733	0.6392649	0.5835713	4.619443
33108	-1486.598	-1580.79	94.19191	0.6392649	0.8198159	5.268604
33114	-1470.897	-1565.842	94.94475	0.5401167	0.5950134	5.068241
33120	-1472.272	-1565.471	93.19834	0.6188287	0.5441029	6.027151
33126	-1468.18	-1561.652	93.47217	0.6233622	0.3849691	6.027151
33132	-1481.458	-1576.269	94.81119	0.6483421	0.4474951	5.21398
33138	-1489.092	-1583.749	94.65702	0.617337	0.5598057	5.21398
33144	-1477.701	-1572.243	94.54193	0.4964669	0.5598057	5.344304
33150	-1487.643	-1582.223	94.57924	0.774036	0.6307461	5.112827
33156	-1495.107	-1591.337	96.23004	0.776783	0.6739233	4.152467
33162	-1485.022	-1581.383	96.36068	0.7394539	0.8543235	3.97335
33168	-1489.881	-1584.698	94.81636	0.4877995	0.5306414	5.222597
33174	-1475.574	-1570.388	94.81407	0.7426552	0.3981962	5.210858
33180	-1482.319	-1575.287	92.9679	0.3720421	0.4911601	6.333276
33186	-1489.665	-1582.114	92.44945	0.6311976	0.458035	6.504677
33192	-1480.172	-1574.198	94.02602	0.9520361	0.458035	5.469288
33198	-1487.561	-1580.942	93.38022	0.5271059	0.9468821	5.700122
33204	-1489.051	-1582.572	93.52014	0.3525544	0.6149516	5.939209
33210	-1484.879	-1578.971	94.0924	0.5209275	0.5293322	5.604322
33216	-1488.793	-1582.413	93.61921	0.823351	0.644769	5.604322
33222	-1488.198	-1582.19	93.99217	0.6148809	0.7407949	5.444614
33228	-1488.805	-1583.049	94.24366	0.5315853	0.6147352	5.444614
33234	-1479.42	-1573.43	94.00952	0.6237715	0.7277228	5.439212
33240	-1474.355	-1569.861	95.50528	0.5237505	0.6312852	4.73633
33246	-1481.153	-1575.58	94.42703	0.4217002	0.5650505	5.444422
33252	-1479.275	-1574.606	95.33093	0.6842928	0.5691723	4.794499
33258	-1479.458	-1575.152	95.69334	0.7212925	0.6196876	4.529372
33264	-1478.153	-1573.82	95.66644	0.5694485	0.6012027	4.644575
33270	-1487.688	-1581.862	94.1733	0.5638554	0.5340127	5.532229
33276	-1483.054	-1578.387	95.33274	0.4336893	0.4058546	5.086583
33282	-1464.617	-1560.326	95.70933	0.6372212	0.4794249	4.689647
33288	-1476.823	-1571.525	94.70182	0.5844297	0.6179084	5.160006
33294	-1484.684	-1580.397	95.71289	0.7830328	0.5866459	4.510581
33300	-1484.546	-1578.613	94.06776	0.6539887	0.7433369	5.379682
33306	-1494.19	-1588.367	94.17658	0.5264139	0.5872748	5.506316
33312	-1480.199	-1573.991	93.7915	0.3787042	0.4754978	5.895596
33318	-1479.847	-1573.185	93.33729	0.4715512	0.7216252	5.895596
33324	-1483.049	-1578.696	95.64725	0.7094571	0.6004289	4.577448
33330	-1490.252	-1585.622	95.36913	0.6466579	0.6608337	4.720951
33336	-1484.21	-1578.326	94.11544	0.7489488	0.6444053	5.372541
33342	-1473.493	-1567.969	94.47637	0.7507041	0.4284449	5.361409
33348	-1474.425	-1569.647	95.2213	0.6107634	0.4972833	4.959895
33354	-1478.64	-1574.154	95.51466	0.49614	0.4367533	4.918884
33360	-1482.636	-1577.2	94.56359	0.8272182	0.8649611	4.929915
33366	-1485.427	-1579.686	94.25825	0.621189	0.5443251	5.445057
33372	-1494.829	-1589.158	94.32934	0.6028586	0.5297611	5.428617
33378	-1479.991	-1576.29	96.29849	0.850206	0.6223584	4.112125
33384	-1483.129	-1579.319	96.19037	0.6122837	0.5559415	4.363783
33390	-1480.775	-1577.028	96.25302	0.7117303	0.5559415	4.272122
33396	-1482.852	-1579.801	96.94874	0.8110356	0.403495	3.967993
33402	-1490.702	-1587.507	96.80527	0.8483453	0.4615363	3.967993
33408	-1479.234	-1576.386	97.15252	0.8483453	0.634755	3.61256
33414	-1477.521	-1572.865	95.34394	0.6552664	0.7015596	4.699986
33420	-1475.195	-1569.571	94.37674	0.4845129	0.7784175	5.279007
33426	-1480.461	-1575.036	94.57512	0.5506018	0.5803491	5.279007
33432	-1487.996	-1582.543	94.54675	0.7321993	0.3402687	5.429243
33438	-1492.894	-1588.939	96.04562	0.7334595	0.3722205	4.558488
33444	-1484.705	-1579.258	94.55284	0.6173939	0.4793757	5.343068
33450	-1485.141	-1578.866	93.72525	0.7500076	0.7476979	5.512407
33456	-1484.871	-1578.879	94.00774	0.5294955	0.4555861	5.713714
33462	-1478.851	-1574.113	95.26206	0.6009265	0.7435874	4.746276
33468	-1486.435	-1579.304	92.86938	0.600706	0.7249756	6.078084
33474	-1484.026	-1578.489	94.46347	0.6019571	0.7300503	5.199104
33480	-1480.437	-1576.784	96.3471	0.7838871	0.6034367	4.137617
33486	-1484	-1578.052	94.05214	0.5177819	0.5777557	5.587211
33492	-1485.712	-1579.797	94.08514	0.6675939	0.5831691	5.482299
33498	-1484.868	-1579.914	95.04583	0.5298765	0.7399008	4.909074
33504	-1490.367	-1585.474	95.10732	0.7449774	0.7392679	4.755262
33510	-1482.814	-1578.045	95.23019	0.7427858	0.5627503	4.823501
33516	-1485.016	-1580.259	95.24338	0.6410206	0.6231364	4.823501
33522	-1485.567	-1580.609	95.0415	0.9688214	0.4566934	4.899304
33528	-1487.666	-1584.569	96.90338	0.9593867	0.7406509	3.611611
33534	-1502.521	-1597.708	95.187	0.8286481	0.479513	4.874335
33540	-1489.594	-1582.714	93.11985	0.5138034	0.7100011	5.999352
33546	-1478.639	-1573.151	94.51182	0.4564965	0.5505762	5.39076
33552	-1479.346	-1574.381	95.03499	0.6521951	0.6140579	4.940553
33558	-1482.324	-1577.015	94.69164	0.6521951	0.6919927	5.072009
33564	-1484.838	-1579.645	94.80639	0.6155857	0.6342661	5.072009
33570	-1483.968	-1579.7	95.73216	0.6433404	0.4959492	4.657872
33576	-1482.885	-1578.876	95.99193	0.6739131	0.4959492	4.494894
33582	-1482.397	-1579.015	96.61831	0.77701	0.5014868	4.076746
33588	-1489.768	-1583.383	93.61591	0.5632645	0.488554	5.878593
33594	-1481.581	-1577.276	95.69479	0.5090719	0.6250588	4.643385
33600	-1480.11	-1575.574	95.46378	0.6314704	0.7054553	4.643385
33606	-1487.301	-1583.03	95.72929	0.5640693	0.5639327	4.643385
33612	-1480.738	-1576.385	95.64682	0.6584197	0.5626329	4.637836
33618	-1488.043	-1583.919	95.87561	0.6168243	0.4946397	4.593542
33624	-1488.651	-1583.239	94.58894	0.4056142	0.6473178	5.298511
33630	-1492.898	-1587.981	95.08295	0.63625	0.4469135	5.070737
33636	-1481.997	-1576.219	94.22156	0.5197273	0.6054694	5.470633
33642	-1485.887	-1582.597	96.7105	0.5737886	0.4954359	4.145656
33648	-1487.525	-1584.613	97.08835	0.7932426	0.4314665	3.868156
33654	-1479.764	-1576.504	96.73959	0.7257625	0.7036663	3.868156
33660	-1477.541	-1572.855	95.31354	0.7733039	0.4495185	4.863756
33666	-1479.787	-1576.452	96.66531	0.8261619	0.5574243	3.971091
33672	-1483.281	-1576.529	93.24808	0.5411221	0.774835	5.870276
33678	-1485.002	-1579.621	94.61918	0.6962276	0.4659866	5.275645
33684	-1472.97	-1567.391	94.4205	0.5370705	0.7060841	5.275645
33690	-1484.322	-1579.159	94.83644	0.5824888	0.4952478	5.190917
33696	-1481.573	-1577.082	95.50856	0.6492183	0.4924631	4.78288
33702	-1490.529	-1585.859	95.32996	0.6354542	0.6173401	4.78288
33708	-1478.543	-1574.838	96.29521	0.7097953	0.6656131	4.159844
33714	-1477.966	-1572.505	94.53824	0.6223951	0.6422314	5.210621
33720	-1470.881	-1565.635	94.75363	0.6470094	0.6096394	5.103187
33726	-1483.838	-1578.818	94.98041	0.5892457	0.4998807	5.103187
33732	-1486.294	-1581.237	94.94339	0.4546359	0.5797824	5.128846
33738	-1491.317	-1585.226	93.90957	0.5978578	0.6494561	5.565154
33744	-1481.915	-1577.673	95.75705	0.7303894	0.5976055	4.506307
33750	-1482.406	-1577.44	95.03306	0.5518144	0.6366529	4.979712
33756	-1478.935	-1573.91	94.97431	0.5922531	0.6498915	4.979712
33762	-1478.745	-1573.486	94.74081	0.5467247	0.3927349	5.36537
33768	-1488.058	-1582.364	94.30543	0.5921295	0.4848887	5.488125
33774	-1482.265	-1577.706	95.44092	0.500973	0.6449175	4.77442
33780	-1488.803	-1584.513	95.70995	0.6230055	0.4029614	4.77442
33786	-1490.366	-1585.162	94.79542	0.3222762	0.4409304	5.409161
33792	-1483.237	-1577.427	94.18976	0.5292055	0.7034322	5.409161
33798	-1490.094	-1586.21	96.11515	0.4503086	0.6846142	4.394343
33804	-1490.439	-1584.578	94.13898	0.638329	0.730073	5.35822
33810	-1482.855	-1577.699	94.84353	0.638329	0.730073	4.96815
33816	-1488.217	-1581.861	93.64324	0.4276156	0.730073	5.746418
33822	-1481.202	-1577.374	96.17234	0.6130763	0.4821012	4.440661
33828	-1477.748	-1574.175	96.42716	0.6675683	0.4821012	4.265938
33834	-1484.355	-1579.75	95.39591	0.5916744	0.6419331	4.751198
33840	-1477.699	-1572.504	94.80474	0.6287156	0.4300762	5.245825
33846	-1483.471	-1578.61	95.13896	0.5402818	0.5579733	4.991094
33852	-1481.664	-1578.097	96.43237	0.6730203	0.4893452	4.252973
33858	-1477.375	-1573.333	95.95728	0.6396713	0.6605524	4.394762
33864	-1486.458	-1582.758	96.29937	0.8199891	0.5333263	4.204444
33870	-1488.401	-1584.844	96.44346	0.7424327	0.6108461	4.100293
33876	-1490.639	-1586.073	95.43383	0.7917169	0.5105068	4.728382
33882	-1485.915	-1581.572	95.65662	0.7964741	0.6933862	4.451183
33888	-1486.544	-1581.059	94.51477	0.5133779	0.5620821	5.348039
33894	-1488.695	-1584.598	95.90276	0.4902733	0.544872	4.603935
33900	-1494.526	-1587.874	93.34768	0.420915	0.5778193	6.025596
33906	-1497.108	-1591.906	94.79728	0.5321449	0.5581566	5.184909
33912	-1487.732	-1582.46	94.72811	0.6394244	0.5897246	5.137583
33918	-1482.731	-1578.527	95.79588	0.6486174	0.5746897	4.54948
33924	-1483.914	-1578.666	94.75222	0.762765	0.4666381	5.164658
33930	-1481.924	-1576.798	94.87427	0.6130599	0.4827691	5.164658
33936	-1489.986	-1585.427	95.44033	0.9495939	0.7681726	4.433605
33942	-1491.095	-1584.875	93.77999	0.6437181	0.6469548	5.613016
33948	-1494.372	-1589.891	95.51908	0.6697561	0.5413363	4.721389
33954	-1493.713	-1587.73	94.01778	0.5533677	0.5103561	5.644229
33960	-1493.862	-1587.963	94.10176	0.6793301	0.4854842	5.551609
33966	-1490.951	-1586.628	95.67728	0.7986194	0.6112563	4.501693
33972	-1494.505	-1588.98	94.47494	0.5684471	0.5243478	5.372106
33978	-1480.912	-1575.683	94.77088	0.4707226	0.4643729	5.317942
33984	-1480.275	-1574.265	93.9905	0.7336276	0.5806943	5.500054
33990	-1477.298	-1571.32	94.02228	0.7336276	0.4612462	5.58831
33996	-1476.769	-1570.822	94.05346	0.5310943	0.566692	5.58831
34002	-1474.798	-1569.842	95.04343	0.6194397	0.4828604	5.067297
34008	-1472.77	-1567.768	94.99779	0.4941021	0.5031884	5.143249
34014	-1483.392	-1577.367	93.97478	0.5786755	0.5031884	5.66037
34020	-1478.75	-1572.945	94.19563	0.6605086	0.6940175	5.340299
34026	-1492.983	-1588.65	95.6667	0.4821179	0.6940175	4.621704
34032	-1497.175	-1592.655	95.47992	0.8255275	0.8244803	4.443625
34038	-1485.426	-1582.16	96.73473	0.9715425	0.5368442	3.866293
34044	-1482.45	-1579.304	96.85429	0.8081141	0.5711593	3.861156
34050	-1495.14	-1594.558	99.41799	1.240534	0.5039694	2.11497
34056	-1502.886	-1600.241	97.35442	1.175223	0.9615609	3.072338
34062	-1501.123	-1596.778	95.65489	0.8020899	0.7299122	4.422527
34068	-1507.982	-1602.145	94.1623	0.722393	0.8490557	5.220535
34074	-1499.594	-1594.296	94.70165	0.4699842	0.6215803	5.220535
34080	-1480.114	-1576.936	96.82201	0.9090487	0.4840147	3.901502
34086	-1481.335	-1576.562	95.22658	0.7385532	0.4434323	4.937582
34092	-1488.165	-1583.794	95.62933	0.6784561	0.5197083	4.674026
34098	-1488.508	-1583.26	94.75126	0.3923116	0.5197083	5.320951
34104	-1496.154	-1589.836	93.68259	0.5132654	0.5916065	5.781036
34110	-1488.692	-1584.125	95.43257	0.6307005	0.7178246	4.652392
34116	-1477.731	-1573.126	95.3954	0.6941901	0.5839595	4.740604
34122	-1491.684	-1584.501	92.81729	0.404896	0.7315517	6.208492
34128	-1478.303	-1573.149	94.84612	0.5261088	0.6431231	5.092769
34134	-1495.927	-1589.226	93.29967	0.495339	0.6323987	5.968149
34140	-1485.061	-1579.87	94.80906	0.5473723	0.7075854	5.053761
34146	-1488.837	-1584.014	95.17687	0.5338735	0.4691397	5.053761
34152	-1493.231	-1588.013	94.78186	0.443629	0.8144279	5.053761
34158	-1489.653	-1586.028	96.37543	0.4740546	0.4184625	4.468358
34164	-1480.064	-1575.677	95.61285	0.3757395	0.5024069	4.868052
34170	-1480.787	-1574.963	94.17615	0.6118907	0.6042979	5.445832
34176	-1488.422	-1581.755	93.33306	0.5388721	0.5238875	6.014696
34182	-1491.146	-1585.887	94.74077	0.7275807	0.5573683	5.108638
34188	-1495.654	-1590.981	95.32675	0.7275807	0.4197748	4.912043
34194	-1483.621	-1580.318	96.69663	0.7681556	0.6046298	3.946164
34200	-1483.573	-1580.322	96.74853	0.6996668	0.6368322	3.929491
34206	-1490.161	-1587.529	97.36859	0.8907734	0.6368322	3.460336
34212	-1485.563	-1581.958	96.3947	0.6912126	0.7053273	4.083943
34218	-1495.68	-1590.669	94.98958	0.6912126	0.7053273	4.875034
34224	-1498.64	-1593.749	95.1087	0.6539456	0.6422139	4.876491
34230	-1492.928	-1587.681	94.75393	0.6755345	0.4486372	5.22948
34236	-1484.29	-1578.998	94.70848	0.669876	0.4779448	5.22948
34242	-1487.932	-1582.845	94.9127	0.8135711	0.5295404	4.989593
34248	-1482.462	-1576.993	94.53058	0.7596867	0.9140351	4.956046
34254	-1483.56	-1578.557	94.99646	0.5721278	0.6799084	4.956046
34260	-1478.678	-1573.355	94.67684	0.8447306	0.4460971	5.181039
34266	-1477.422	-1572.989	95.56709	0.8447306	0.6034458	4.544041
34272	-1484.945	-1579	94.05495	0.8095001	0.998923	5.143634
34278	-1482.691	-1579.495	96.80345	0.8711636	0.7569162	3.708901
34284	-1485.749	-1580.436	94.6878	0.5198757	0.575374	5.237829
34290	-1478.975	-1573.409	94.43445	0.3989621	0.6306024	5.400206
34296	-1489.237	-1583.626	94.38939	0.425676	0.6306024	5.410313
34302	-1486.474	-1580.228	93.75398	0.4849077	0.6228312	5.732826
34308	-1483.132	-1578.536	95.40337	0.6850257	0.5711617	4.751953
34314	-1488.452	-1583.774	95.32277	0.7880176	0.7123528	4.629689
34320	-1487.076	-1583.255	96.17884	0.8149698	0.6447855	4.182356
34326	-1488.284	-1584.634	96.34935	0.6402925	0.4127307	4.395433
34332	-1480.885	-1577.71	96.82431	0.7451742	0.4463704	4.031394
34338	-1490.304	-1584.902	94.59715	0.7829737	0.5245296	5.185961
34344	-1476.848	-1570.08	93.23202	0.6053054	0.5617502	6.001332
34350	-1495.232	-1590.52	95.28838	0.5186296	0.7373578	4.781893
34356	-1493.576	-1589.002	95.42648	0.5960784	0.5793341	4.781893
34362	-1483.034	-1579.022	95.98784	0.7227343	0.5649798	4.407965
34368	-1480.741	-1574.229	93.48795	0.6056985	0.5749207	5.850491
34374	-1483.13	-1577.474	94.34309	0.4037399	0.4772673	5.578094
34380	-1486.353	-1581.762	95.40912	0.7624882	0.3821281	4.887095
34386	-1499.405	-1593.968	94.5631	0.9742548	0.6502954	4.995636
34392	-1494.21	-1589.05	94.8395	0.4864315	0.6084038	5.145568
34398	-1489.414	-1584.762	95.34861	0.6257301	0.4796286	4.897234
34404	-1488.244	-1582.79	94.54658	0.5896098	0.5956055	5.260794
34410	-1481.664	-1575.648	93.98344	0.6454963	0.5956055	5.540304
34416	-1493.734	-1590.382	96.64725	0.9603991	0.5567669	3.905132
34422	-1492.63	-1587.226	94.59618	0.5755329	0.5245137	5.301161
34428	-1492.176	-1587.12	94.94412	0.5043235	0.5959893	5.087652
34434	-1494.275	-1589.173	94.89794	0.543601	0.6007252	5.087652
34440	-1491.179	-1586.261	95.08251	0.6503309	0.5441269	4.973187
34446	-1486.576	-1582.533	95.95665	0.6616081	0.6340218	4.403351
34452	-1476.677	-1572.297	95.62002	0.6163467	0.5183414	4.715225
34458	-1485.517	-1579.456	93.93926	0.7895127	0.575892	5.501443
34464	-1494.66	-1590.535	95.87567	0.7263285	0.4462051	4.578964
34470	-1492.252	-1587.506	95.25392	0.4961359	0.6780904	4.856362
34476	-1490.718	-1584.603	93.88486	0.5995748	0.5474022	5.659483
34482	-1498.875	-1593.701	94.82638	0.8039214	0.6303189	4.959378
34488	-1497.508	-1591.595	94.08671	0.7404647	0.6303189	5.403859
34494	-1487.596	-1581.831	94.23479	0.5923844	0.6303189	5.403859
34500	-1489.227	-1585.532	96.30526	0.8084713	0.6240422	4.130666
34506	-1491.439	-1587.621	96.1823	0.8084713	0.5998381	4.220215
34512	-1489.002	-1586.561	97.55881	0.9992506	0.4285615	3.479665
34518	-1494.391	-1590.082	95.69137	0.8863884	0.6199378	4.437369
34524	-1493.414	-1588.716	95.30194	0.9406972	0.6199378	4.625717
34530	-1488.958	-1584.736	95.77833	0.704214	0.4667045	4.625717
34536	-1495.786	-1591.705	95.91896	0.7329151	0.6344531	4.384046
34542	-1494.933	-1591.301	96.36833	0.8943	0.6344531	4.037493
34548	-1480.609	-1576.171	95.56139	0.5765727	0.4852456	4.800708
34554	-1485.278	-1579.686	94.40755	0.6732352	0.495121	5.377776
34560	-1487.018	-1583.726	96.70853	0.7248002	0.676565	3.906978
34566	-1481.741	-1578.242	96.5011	0.7145262	0.676565	4.031517
34572	-1484.183	-1580.087	95.90401	0.7058891	0.4755699	4.545671
34578	-1490.666	-1586.183	95.51702	0.9029395	0.5712245	4.566184
34584	-1490.029	-1582.956	92.92661	0.3779799	0.5593657	6.293265
34590	-1477.921	-1572.036	94.11422	0.5059283	0.6680744	5.48927
34596	-1497.245	-1591.874	94.62897	0.5625694	0.6686539	5.173571
34602	-1490.853	-1586.453	95.60032	0.681379	0.5985296	4.62108
34608	-1478.529	-1574.212	95.68346	0.5707987	0.5231742	4.700874
34614	-1482.694	-1577.896	95.20216	0.6477027	0.656402	4.816996
34620	-1492.575	-1586.587	94.01255	0.3360471	0.5805186	5.706366
34626	-1498.582	-1594.041	95.45882	0.190614	0.480783	5.076704
34632	-1480.001	-1574.618	94.61675	0.6331028	0.6356568	5.166308
34638	-1477.984	-1573.905	95.92083	0.7159974	0.6760036	4.360519
34644	-1486.915	-1582.259	95.34419	0.7159974	0.6760036	4.684691
34650	-1487.159	-1583.09	95.93185	0.5712122	0.397967	4.684691
34656	-1485.774	-1581.205	95.4305	0.5712122	0.6497053	4.737316
34662	-1506.755	-1600.358	93.6033	0.534238	0.5652318	5.834481
34668	-1492.885	-1587.84	94.95513	0.6796685	0.4650534	5.09981
34674	-1489.166	-1582.769	93.60269	0.3925951	0.5797992	5.900262
34680	-1484.356	-1579.418	95.06205	0.8486239	0.7008234	4.750028
34686	-1485.364	-1580.142	94.77774	0.4861787	0.7386834	5.083157
34692	-1484.128	-1578.574	94.44544	0.5774546	0.4495535	5.45286
34698	-1478.734	-1575.22	96.48584	0.8141017	0.6756116	3.984081
34704	-1484.708	-1580.709	96.00101	0.7940185	0.5345232	4.386907
34710	-1478.336	-1574.326	95.99014	0.8423946	0.684232	4.243609
34716	-1484.368	-1580.403	96.03497	0.8464638	0.6479822	4.243609
34722	-1479.986	-1575.44	95.45418	0.673452	0.6629702	4.656736
34728	-1483.754	-1580.049	96.29559	0.6938331	0.5559885	4.258106
34734	-1478.893	-1573.004	94.11128	0.6662645	0.6629843	5.406401
34740	-1475.75	-1572.309	96.55937	0.6727935	0.5921816	4.089367
34746	-1481.679	-1575.395	93.71607	0.623909	0.5631523	5.725403
34752	-1475.514	-1569.51	93.99601	0.6530874	0.6039921	5.522517
34758	-1471.138	-1568.111	96.97391	0.8275973	0.5198863	3.82706
34764	-1487.052	-1582.757	95.7058	0.6401512	0.8574959	4.399615
34770	-1494.073	-1588.636	94.5628	0.5129749	0.5357216	5.344289
34776	-1490.522	-1584.847	94.32523	0.5661332	0.6621377	5.344289
34782	-1489.506	-1583.812	94.30552	0.5987546	0.791318	5.246706
34788	-1487.454	-1582.527	95.07298	0.484808	0.4675931	5.14004
34794	-1495.344	-1591.029	95.68592	0.8890772	0.724066	4.360111
34800	-1492.072	-1585.677	93.60495	0.334609	0.4845532	6.013085
34806	-1488.946	-1582.437	93.4906	0.4489506	0.4845532	6.013085
34812	-1484.209	-1577.11	92.90164	0.4913963	0.5403157	6.261222
34818	-1481.313	-1576.932	95.61891	0.739056	0.569566	4.602379
34824	-1481.867	-1577.486	95.61891	0.739056	0.569566	4.602379
34830	-1486.808	-1582.591	95.78343	0.7132154	0.4731538	4.61157
34836	-1486.178	-1582.91	96.73191	0.7138945	0.4731538	4.075158
34842	-1479.543	-1576.238	96.69553	0.7138945	0.5738102	4.003794
34848	-1482.735	-1576.32	93.58494	0.6903884	0.5738102	5.751994
34854	-1480.41	-1575.567	95.15719	0.9251126	0.6707038	4.67628
34860	-1484.405	-1579.863	95.45825	0.7707996	0.7227394	4.55589
34866	-1487.242	-1580.947	93.70463	0.4826187	0.6054671	5.774703
34872	-1491.576	-1585.886	94.30984	0.4636137	0.6338906	5.430696
34878	-1488.89	-1584.748	95.85728	0.6251812	0.5016736	4.592596
34884	-1482.799	-1576.807	94.00758	0.5413315	0.4740406	5.689721
34890	-1489.494	-1586.047	96.55347	0.7379266	0.5548868	4.087524
34896	-1484.513	-1580.425	95.91194	0.7379266	0.662866	4.363125
34902	-1486.152	-1580.785	94.63386	0.5545843	0.48847	5.324534
34908	-1480.299	-1574.858	94.55887	0.5545843	0.5345323	5.324534
34914	-1484.664	-1579.279	94.61498	0.5042927	0.5308532	5.324534
34920	-1476.51	-1571.708	95.19812	0.7032365	0.5432561	4.880169
34926	-1493.174	-1589.117	95.94292	0.6802468	0.5694923	4.45338
34932	-1481.012	-1578.292	97.28035	1.027298	0.6783727	3.398966
34938	-1478.911	-1576.54	97.62867	1.098271	0.7210517	3.118479
34944	-1475.76	-1570.284	94.52394	0.6838767	0.5388491	5.268687
34950	-1491.671	-1586.132	94.4611	0.6406769	0.6679808	5.223728
34956	-1485.8	-1580.305	94.50432	0.7314781	0.4830276	5.303464
34962	-1473.849	-1568.25	94.4005	0.650694	0.4278107	5.45895
34968	-1474.656	-1568.732	94.07513	0.5955829	0.6547481	5.47139
34974	-1485.649	-1580.716	95.06678	0.5955829	0.6547481	4.922732
34980	-1490.265	-1584.839	94.57336	0.7910346	0.3488964	5.372035
34986	-1483.327	-1578.652	95.32431	0.8686958	0.5606362	4.702385
34992	-1482.552	-1576.652	94.10029	0.6747813	0.5450236	5.501889
34998	-1486.192	-1584.137	97.94453	0.8951789	0.5125214	3.228948
35004	-1490.01	-1584.526	94.51618	0.5680658	0.5125214	5.360087
35010	-1489.249	-1583.984	94.73423	0.4888608	0.4319274	5.360087
35016	-1488.6	-1583.145	94.54466	0.6189802	0.5626443	5.27278
35022	-1483.314	-1578.655	95.34121	0.5144263	0.6372964	4.828461
35028	-1490.282	-1585.954	95.6721	0.7079626	0.6024216	4.562711
35034	-1486.496	-1581.26	94.76391	0.8728545	0.5279152	5.040739
35040	-1484.781	-1580.324	95.54279	0.6704059	0.4506484	4.792156
35046	-1490.198	-1584.469	94.27094	0.6694884	0.4701547	5.478376
35052	-1491.007	-1586.347	95.34039	0.6189845	0.4150456	4.969794
35058	-1487.25	-1583.678	96.42711	0.7551255	0.3910258	4.3102
35064	-1485.098	-1581.45	96.35211	0.8124255	0.3910258	4.320207
35070	-1485.371	-1580.973	95.60154	0.623883	0.3771815	4.862613
35076	-1475.958	-1570.495	94.53633	0.6101454	0.5543176	5.289296
35082	-1477.845	-1572.835	94.99014	0.628685	0.6649098	4.93928
35088	-1484.486	-1579.367	94.88098	0.818274	0.4141881	5.115065
35094	-1483.313	-1577.501	94.18828	0.5307976	0.4776602	5.592966
35100	-1479.929	-1574.104	94.17548	0.3853956	0.4781253	5.679327
35106	-1477.531	-1573.978	96.4471	0.6332803	0.5099107	4.247862
35112	-1479.232	-1575.537	96.30526	0.7222225	0.5430786	4.247862
35118	-1487.162	-1582.308	95.14586	0.7435544	0.6451413	4.803548
35124	-1481.764	-1576.048	94.28357	0.6873651	0.4299655	5.500928
35130	-1490.198	-1584.608	94.41019	0.4217734	0.5308417	5.48285
35136	-1494.626	-1587.967	93.34065	0.5921315	0.6723017	5.863057
35142	-1482.953	-1577.627	94.67361	0.7638922	0.4175489	5.256418
35148	-1484.416	-1579.131	94.7148	0.509859	0.5422755	5.256418
35154	-1487.817	-1582.49	94.67316	0.4851549	0.5422845	5.293056
35160	-1495.504	-1591.377	95.87273	0.8618112	0.5273631	4.427422
35166	-1490.598	-1586.046	95.44815	0.61737	0.5849377	4.753246
35172	-1494.566	-1589.911	95.34588	0.6305714	0.6048703	4.786709
35178	-1494.55	-1587.792	93.24253	0.5270196	0.5209314	6.073086
35184	-1491.591	-1587.655	96.06448	0.6819154	0.5349901	4.413922
35190	-1492.774	-1587.523	94.74911	0.6117535	0.5417568	5.181545
35196	-1489.056	-1582.806	93.7491	0.3977487	0.6328325	5.77552
35202	-1500.373	-1594.377	94.00346	0.220652	0.5793207	5.77552
35208	-1490.307	-1587.059	96.75153	0.6603068	0.5591969	4.015054
35214	-1484.065	-1577.657	93.59262	0.35559	0.5591969	5.942948
35220	-1479.767	-1573.267	93.50024	0.4479703	0.5591969	5.942948
35226	-1482.614	-1576.381	93.76635	0.4654844	0.484073	5.85394
35232	-1490.826	-1584.648	93.82149	0.5330057	0.484073	5.786847
35238	-1494.075	-1588.734	94.65893	0.4924075	0.484073	5.349094
35244	-1486.582	-1582.827	96.24494	0.8197072	0.5277671	4.240473
35250	-1492.662	-1585.633	92.97137	0.3845967	0.674575	6.175936
35256	-1496.333	-1592.88	96.54665	0.7395684	0.674575	3.992714
35262	-1487.706	-1585.032	97.32601	0.8174719	0.6431991	3.522808
35268	-1478.538	-1573.435	94.89701	0.3969535	0.4715149	5.282206
35274	-1494.075	-1588.734	94.6598	0.5206751	0.5031374	5.315469
35280	-1490.27	-1586.345	96.07551	0.5582823	0.4968798	4.512049
35286	-1484.207	-1579.369	95.16168	0.4837608	0.4326296	5.125934
35292	-1489.363	-1584.773	95.41078	0.5724629	0.4326296	4.938396
35298	-1474.145	-1570.656	96.51026	0.8278065	0.5139372	4.097761
35304	-1482.462	-1577.614	95.15186	0.8024484	0.6174311	4.789011
35310	-1476.935	-1571.927	94.99227	0.690281	0.5433652	5.001793
35316	-1483.461	-1578.983	95.52227	0.6612769	0.4325224	4.82693
35322	-1486.582	-1581.934	95.35123	0.6578801	0.5015051	4.857444
35328	-1488.733	-1584.273	95.54054	0.4828977	0.5015051	4.849456
35334	-1486.38	-1581.314	94.9338	0.5284816	0.4767589	5.184182
35340	-1481.22	-1576.002	94.78124	0.5313592	0.570097	5.184182
35346	-1485.634	-1580.66	95.02609	0.3014731	0.5602355	5.184182
35352	-1481.932	-1576.677	94.74516	0.6859027	0.5602355	5.126873
35358	-1485.223	-1579.907	94.68454	0.5876518	0.6713878	5.126873
35364	-1484.133	-1580.655	96.52281	0.8385454	0.6971141	3.932687
35370	-1481.711	-1576.089	94.37808	0.8385454	0.720036	5.122423
35376	-1482.575	-1579.654	97.07881	0.9489815	0.6697865	3.569051
35382	-1491.897	-1589.178	97.28106	1.040661	0.871173	3.253162
35388	-1491.708	-1588.324	96.61608	0.8942985	0.7509328	3.807879
35394	-1481.837	-1575.435	93.59801	0.5351115	0.4608377	5.929711
35400	-1478.105	-1574.248	96.14378	0.8593695	0.4938251	4.306614
35406	-1482.741	-1579.261	96.5195	0.9799804	0.5084036	4.010835
35412	-1481.415	-1575.932	94.51712	0.7078358	0.524264	5.271983
35418	-1477.369	-1573.291	95.9227	0.7379901	0.5528173	4.446567
35424	-1480.643	-1575.599	94.95669	0.9084228	0.5076165	4.932043
35430	-1484.457	-1580.249	95.79199	0.8598476	0.4760794	4.521611
35436	-1479.602	-1573.979	94.37612	0.7991927	0.7230824	5.14316
35442	-1482.799	-1578.068	95.26945	0.574598	0.6234557	4.845754
35448	-1478.158	-1572.423	94.26511	0.6261757	0.446815	5.527946
35454	-1480.024	-1575.102	95.07798	0.6478622	0.5996136	4.930637
35460	-1480.113	-1576.057	95.94343	0.7263046	0.5587823	4.436313
35466	-1483.891	-1579.723	95.83213	0.5981111	0.6499105	4.496865
35472	-1487.728	-1583.168	95.43946	0.8492628	0.7590404	4.496865
35478	-1480.954	-1576.766	95.81254	0.6098053	0.5095435	4.619071
35484	-1482.833	-1579.15	96.31728	0.6855775	0.6584529	4.166575
35490	-1484.395	-1580.064	95.6693	0.8463543	0.7151482	4.400026
35496	-1481.16	-1575.775	94.61516	0.5874817	0.6684833	5.167553
35502	-1487.464	-1581.09	93.62598	0.580905	0.5219529	5.833473
35508	-1477.878	-1573.503	95.62502	0.5794137	0.4468391	4.800838
35514	-1474.465	-1570.148	95.68396	0.6479947	0.6059985	4.586815
35520	-1478.261	-1574.251	95.99066	0.7349825	0.4977989	4.459503
35526	-1472.053	-1568.174	96.12126	0.6043838	0.4977989	4.459503
35532	-1473.494	-1568.44	94.94654	0.5283719	0.4622907	5.191024
35538	-1479.507	-1574.409	94.9028	0.5721079	0.4622907	5.191024
35544	-1483.985	-1579.509	95.52343	0.5273789	0.5781145	4.76713
35550	-1493.179	-1587.732	94.55253	0.7563377	0.6293258	5.138536
35556	-1492.068	-1587.599	95.53099	0.8555726	0.5982646	4.562456
35562	-1492.53	-1586.255	93.72493	0.4219371	0.6720431	5.74611
35568	-1487.603	-1580.993	93.38934	0.6382749	0.7394919	5.763617
35574	-1488.783	-1582.581	93.79886	0.5610845	0.4423361	5.823695
35580	-1483.643	-1578.489	94.84625	0.6582255	0.6794911	4.99199
35586	-1487.93	-1583.005	95.07552	0.3815641	0.6794911	5.01832
35592	-1480.179	-1572.956	92.7772	0.4938335	0.5620946	6.309227
35598	-1485.802	-1581.129	95.32774	0.6093592	0.6490479	4.77392
35604	-1492.9	-1588.378	95.47878	0.6071174	0.5234057	4.794758
35610	-1489.349	-1583.886	94.53786	0.7719157	0.5794109	5.178019
35616	-1487.519	-1581.926	94.40694	0.7303349	0.7036616	5.178019
35622	-1481.844	-1576.53	94.68581	0.6270601	0.4884496	5.255849
35628	-1481.967	-1576.713	94.74511	0.567758	0.4884496	5.255849
35634	-1478.153	-1573.198	95.04435	0.6846241	0.4884496	5.025375
35640	-1482.753	-1579.514	96.76098	1.023756	0.489223	3.86566
35646	-1479.953	-1576.548	96.59504	1.066569	0.4418603	3.98339
35652	-1478.827	-1574.59	95.76277	0.9746319	0.4108227	4.539482
35658	-1495.291	-1590.299	95.00746	0.8608897	0.4697206	4.965659
35664	-1493.285	-1587.896	94.61102	0.7884983	0.4926535	5.204051
35670	-1496.493	-1592.153	95.66039	0.8598122	0.600852	4.485213
35676	-1491.738	-1585.712	93.97405	0.6288507	0.5566081	5.586675
35682	-1487.974	-1582.862	94.88739	0.5659263	0.5091702	5.15918
35688	-1496.361	-1591.014	94.65304	0.5444365	0.683684	5.15918
35694	-1497.012	-1590.587	93.57507	0.6498219	0.683684	5.694868
35700	-1489.707	-1585.632	95.92498	0.721822	0.6406759	4.382017
35706	-1490.901	-1586.817	95.91512	0.6628991	0.691663	4.382017
35712	-1496.795	-1591.418	94.62341	0.570541	0.6091275	5.21803
35718	-1494.376	-1589.347	94.97146	0.4474831	0.4663967	5.21803
35724	-1486.597	-1581.389	94.79212	0.4844212	0.5536003	5.21803
35730	-1492.526	-1589.486	96.96003	0.9569187	0.6592894	3.641628
35736	-1491.91	-1587.708	95.79821	0.7639923	0.7170589	4.372376
35742	-1488.308	-1583.355	95.0469	0.7077485	0.5382669	4.966162
35748	-1482.833	-1577.365	94.5321	0.6269874	0.6033666	5.241901
35754	-1476.692	-1571.45	94.75862	0.7004838	0.6275543	5.05663
35760	-1482.572	-1577.325	94.75354	0.42282	0.5841913	5.247877
35766	-1491.669	-1585.887	94.21859	0.5719623	0.8622896	5.264354
35772	-1492.537	-1589.099	96.56247	0.816536	0.7914815	3.855149
35778	-1483.638	-1580.763	97.12526	0.972924	0.7377829	3.476655
35784	-1485.587	-1580.968	95.38134	0.7801374	0.6505106	4.647285
35790	-1500.618	-1597.687	97.06851	1.168461	0.978725	3.235815
35796	-1496.221	-1592.447	96.22593	0.8748049	0.9236807	3.929647
35802	-1492.692	-1585.499	92.807	0.438384	0.6103127	6.284437
35808	-1480.833	-1574.975	94.14264	0.5525288	0.5037037	5.582132
35814	-1489.167	-1585.367	96.20019	0.6338009	0.5037037	4.392934
35820	-1485.604	-1580.588	94.98414	0.5178811	0.4800439	5.159086
35826	-1485.418	-1580.06	94.64292	0.6124894	0.3681481	5.410093
35832	-1492.76	-1589.007	96.24617	0.5776303	0.534005	4.371125
35838	-1489.882	-1586.542	96.66014	0.7071294	0.545117	4.05289
35844	-1493.139	-1588.391	95.25204	0.6435882	0.545117	4.881746
35850	-1485.871	-1582.133	96.26248	0.8609226	0.5714058	4.168803
35856	-1483.206	-1579.915	96.7089	0.7011859	0.5456517	4.027983
35862	-1493.102	-1589.774	96.67245	0.8165977	0.514627	4.011012
35868	-1496.007	-1590.589	94.58141	0.4507366	0.514627	5.38693
35874	-1498.019	-1592.284	94.26488	0.608191	0.515915	5.473386
35880	-1491.716	-1585.926	94.20968	0.5183992	0.6111691	5.473386
35886	-1496.748	-1591.987	95.23887	0.5662095	0.5149051	4.958833
35892	-1494.895	-1588.91	94.01507	0.519356	0.3606228	5.814333
35898	-1497.17	-1593.093	95.92305	0.6376971	0.3606228	4.694173
35904	-1484.983	-1579.638	94.65499	0.5366383	0.5888718	5.235616
35910	-1479.922	-1574.776	94.85387	0.6931325	0.5890692	5.038607
35916	-1491.432	-1588.851	97.4194	0.7346282	0.5890692	3.561638
35922	-1486.596	-1581.566	94.97	0.7207221	0.715586	4.862146
35928	-1489.653	-1583.374	93.72144	0.4633002	0.715586	5.694111
35934	-1495.162	-1589.199	94.03709	0.789524	0.6108097	5.419421
35940	-1494.416	-1589.964	95.5476	0.7126601	0.6646983	4.58106
35946	-1493.522	-1587.286	93.76346	0.5428659	0.7415472	5.609421
35952	-1496.42	-1592.004	95.58374	0.6771941	0.6403927	4.599353
35958	-1483.691	-1579.193	95.50204	0.7305665	0.6610442	4.599353
35964	-1492.233	-1588.461	96.22802	0.767871	0.5674095	4.244583
35970	-1491.287	-1587.373	96.08682	0.7839525	0.6545073	4.244583
35976	-1489.281	-1586.545	97.26311	0.9301786	0.626425	3.507424
35982	-1491.926	-1589.793	97.86648	0.9959654	0.626425	3.113241
35988	-1483.165	-1577.81	94.64549	0.678176	0.4315273	5.304999
35994	-1487.004	-1581.63	94.62586	0.7512806	0.5482679	5.16693
36000	-1498.179	-1594.62	96.44068	0.8176281	0.5031554	4.153161
36006	-1485.169	-1581.608	96.43866	0.7432421	0.585318	4.123739
36012	-1478.77	-1575.016	96.24617	0.778233	0.6988702	4.123739
36018	-1487.765	-1583.963	96.19795	0.7810801	0.5061292	4.308746
36024	-1482.731	-1578.091	95.3603	0.9341467	0.5061292	4.693843
36030	-1477.399	-1572.284	94.88545	0.755208	0.7753347	4.848643
36036	-1483.469	-1578.54	95.07063	0.755208	0.6327147	4.848643
36042	-1486.614	-1581.646	95.03217	0.7815163	0.6414418	4.848643
36048	-1484.149	-1578.046	93.8963	0.8824278	0.6799464	5.393218
36054	-1488.444	-1584.618	96.17391	0.9621517	0.6910683	4.065958
36060	-1488.674	-1585.312	96.63846	0.9023785	0.5531162	3.946627
36066	-1487.873	-1584.897	97.02366	0.9560941	0.4313628	3.811838
36072	-1486.118	-1581.571	95.45386	0.8194276	0.4216457	4.788038
36078	-1489.21	-1586.561	97.35074	0.9667415	0.4888281	3.558175
36084	-1484.155	-1582.14	97.98537	1.001479	0.5196193	3.134848
36090	-1485.445	-1581.747	96.30196	1.002887	0.6156591	4.028545
36096	-1480.055	-1575.887	95.83154	0.9383794	0.6156591	4.332359
36102	-1490.967	-1585.252	94.28471	0.6901727	0.6742677	5.289187
36108	-1485.103	-1582.176	97.07223	0.9382236	0.6742677	3.575637
36114	-1495.838	-1592.131	96.2928	0.9194792	0.5158831	4.167517
36120	-1484.484	-1579.835	95.35136	0.8147041	0.6985164	4.608734
36126	-1483.969	-1579.954	95.98534	0.8047249	0.3863461	4.536464
36132	-1489.019	-1584.853	95.83455	0.7384095	0.5504084	4.498045
36138	-1479.742	-1575.704	95.96228	0.6106813	0.5504084	4.498045
36144	-1486.749	-1580.886	94.13776	0.3807831	0.5213166	5.663357
36150	-1498.247	-1593.219	94.97244	0.5485848	0.6502769	5.004722
36156	-1496.341	-1590.923	94.58203	0.5230979	0.6339707	5.24766
36162	-1488.858	-1584.456	95.59765	0.6209631	0.3802024	4.863043
36168	-1494.986	-1588.841	93.85513	0.7983938	0.6785397	5.463199
36174	-1503.362	-1596.714	93.35108	0.2526883	0.7344401	5.998695
36180	-1485.649	-1580.059	94.41035	0.512	0.5426952	5.422826
36186	-1475.44	-1569.836	94.3958	0.5963553	0.4992603	5.422826
36192	-1477.532	-1572.085	94.55272	0.5739848	0.4224546	5.422826
36198	-1479.102	-1573.703	94.60167	0.4128383	0.5993914	5.324929
36204	-1481.004	-1575.408	94.40369	0.6238522	0.5993914	5.317738
36210	-1481.068	-1576.287	95.21822	0.615919	0.423029	5.031084
36216	-1497.734	-1593.871	96.13703	0.71913	0.7088637	4.211969
36222	-1488.012	-1582.302	94.29043	0.6386995	0.8577366	5.19055
36228	-1481.524	-1575.408	93.88466	0.6816783	0.7516957	5.459577
36234	-1488.661	-1583.402	94.74092	0.5711537	0.4815755	5.262701
36240	-1489.782	-1583.593	93.81092	0.5377286	0.6188021	5.675805
36246	-1494.669	-1588.084	93.41531	0.4554093	0.5673996	5.978431
36252	-1485.591	-1579.683	94.09133	0.3886691	0.5673996	5.645108
36258	-1492.932	-1586.032	93.10001	0.4372902	0.782245	6.00294
36264	-1499.827	-1592.773	92.94606	0.7116386	0.4381263	6.210791
36270	-1495.55	-1592.317	96.76746	0.9064583	0.6315171	3.804135
36276	-1503.288	-1598.739	95.45066	0.8478569	0.8080371	4.458298
36282	-1483.421	-1578.739	95.31792	0.7269051	0.4780009	4.859514
36288	-1490.229	-1585.696	95.4674	0.4775978	0.5390563	4.859514
36294	-1500.662	-1594.771	94.10922	0.383137	0.8938648	5.409668
36300	-1479.424	-1573.23	93.80623	0.4904089	0.5931539	5.724605
36306	-1482.586	-1577.848	95.26157	0.6464184	0.6971288	4.75422
36312	-1481.676	-1576.938	95.26157	0.6464184	0.6971288	4.75422
36318	-1484.761	-1580.061	95.30005	0.78996	0.838479	4.555775
36324	-1483.504	-1578.757	95.25283	0.8135246	0.8594168	4.555775
36330	-1488.457	-1583.625	95.16779	0.5397424	0.4630568	5.0614
36336	-1491.021	-1584.907	93.88596	0.5291344	0.515062	5.725589
36342	-1494.244	-1589.517	95.2733	0.99182	0.4807333	4.733952
36348	-1486.369	-1583.16	96.79119	0.9459924	0.5910639	3.801131
36354	-1482.072	-1578.893	96.82153	0.9857321	0.5447276	3.801131
36360	-1480.961	-1578.467	97.5062	0.9857321	0.4540094	3.491486
36366	-1485.385	-1581.301	95.91637	1.10027	0.7598082	4.084326
36372	-1480.222	-1576.701	96.47855	0.6762661	0.7578579	4.006862
36378	-1484.643	-1577.885	93.24267	0.6583918	0.6024236	5.933566
36384	-1491.41	-1585.364	93.95417	0.236624	0.6161698	5.764351
36390	-1485.286	-1581.468	96.18211	0.729318	0.5783052	4.28315
36396	-1493.914	-1589.487	95.57345	0.6045461	0.5796518	4.694741
36402	-1489.518	-1584.98	95.46226	0.6181526	0.393893	4.924977
36408	-1485.427	-1581.292	95.86468	0.655606	0.4020021	4.670693
36414	-1492.039	-1586.394	94.35439	0.5683847	0.5912263	5.382107
36420	-1496.845	-1592.892	96.04708	0.8557037	0.4381113	4.417959
36426	-1492.93	-1587.714	94.78409	0.5803629	0.8221358	4.97161
36432	-1498.041	-1590.765	92.7242	0.5344069	0.8270816	6.126088
36438	-1484.955	-1579.41	94.45591	0.6498522	0.8842533	5.076422
36444	-1489.861	-1584.441	94.57983	0.403089	0.4255511	5.498806
36450	-1493.888	-1590.097	96.20889	0.6308823	0.4424254	4.44908
36456	-1495.879	-1590.957	95.07784	0.6625373	0.6564821	4.877975
36462	-1497.579	-1595.277	97.69842	1.077772	0.8598752	2.990046
36468	-1494.064	-1592.714	98.65042	1.012917	0.4553116	2.793032
36474	-1483.731	-1579.12	95.38885	0.7623515	0.5272425	4.754859
36480	-1480.935	-1576.207	95.27244	0.548385	0.4657683	4.995878
36486	-1481.862	-1577.097	95.23457	0.6968277	0.4744608	4.926052
36492	-1480.614	-1576.317	95.70383	0.8422398	0.5942863	4.476043
36498	-1480.049	-1575.05	95.00095	0.4331478	0.4438701	5.23163
36504	-1482.693	-1577.374	94.68083	0.5897777	0.5415737	5.23163
36510	-1500.38	-1595.182	94.80253	0.5044907	0.4157559	5.33032
36516	-1487.465	-1583.417	95.95237	1.02003	0.5767681	4.249921
36522	-1488.404	-1584.934	96.53048	0.7404614	0.7063745	3.977558
36528	-1479.347	-1576.216	96.86852	0.6731131	0.5183074	3.977558
36534	-1475.137	-1571.111	95.97359	0.6487991	0.5183074	4.498746
36540	-1483.134	-1578.031	94.89694	0.5897905	0.4920764	5.156319
36546	-1481.644	-1575.145	93.50024	0.2977759	0.4920764	6.083342
36552	-1490.471	-1585.898	95.42713	0.4894665	0.6112465	4.814988
36558	-1479.21	-1573.737	94.52716	0.6228671	0.5940201	5.254426
36564	-1483.749	-1577.608	93.85955	0.3421963	0.611518	5.761993
36570	-1482.94	-1576.778	93.83784	0.4306032	0.5662633	5.761993
36576	-1484.918	-1578.773	93.85538	0.3510556	0.6082605	5.761993
36582	-1486.109	-1580.516	94.40698	0.605189	0.6301243	5.301982
36588	-1490.33	-1585.58	95.24957	0.8875163	0.7819763	4.566451
36594	-1485.332	-1579.855	94.52253	0.7107467	0.5241698	5.267466
36600	-1486.234	-1581.819	95.58514	0.6656322	0.6497859	4.597782
36606	-1481.951	-1577.158	95.2074	0.7834691	0.7145545	4.69527
36612	-1483.934	-1577.444	93.50985	0.5764442	0.5188927	5.902073
36618	-1487.875	-1582.505	94.62982	0.4690354	0.5188927	5.346344
36624	-1480.371	-1574.017	93.64543	0.4824299	0.6602004	5.765266
36630	-1482.431	-1577.803	95.37176	0.7691717	0.5595205	4.732461
36636	-1475.331	-1569.943	94.61176	0.6272441	0.6587635	5.1547
36642	-1476.741	-1571.325	94.5832	0.5219272	0.6546052	5.231904
36648	-1482.951	-1576.665	93.71421	0.592624	0.5677438	5.739742
36654	-1487.168	-1582.896	95.7284	0.1879246	0.4700458	4.938667
36660	-1484.304	-1578.184	93.88008	0.3272662	0.5629471	5.798191
36666	-1496.885	-1590.885	93.9992	0.5120558	0.5629471	5.631666
36672	-1493.402	-1587.947	94.54454	0.6327913	0.5504657	5.275534
36678	-1485.349	-1580.766	95.4169	0.5032691	0.4104811	4.99637
36684	-1485.24	-1580.292	95.05139	0.6393555	0.6785603	4.889061
36690	-1482.875	-1578.061	95.18565	0.695489	0.6075702	4.837716
36696	-1483.274	-1580.792	97.51786	0.7923515	0.4918046	3.559506
36702	-1477.055	-1571.724	94.66893	0.5113523	0.6037642	5.229866
36708	-1486.474	-1582.066	95.592	0.6626908	0.6494782	4.595819
36714	-1489.18	-1583.012	93.83218	0.4743015	0.5715102	5.736823
36720	-1488.216	-1584.751	96.53419	0.7282981	0.6506468	4.024777
36726	-1484.373	-1580.706	96.33252	0.8316317	0.4638528	4.244371
36732	-1487.941	-1582.42	94.47967	0.6153564	0.4638528	5.399269
36738	-1486.704	-1580.416	93.71169	0.8169226	0.6368327	5.563109
36744	-1492.735	-1587.499	94.76342	0.5030717	0.6171492	5.17154
36750	-1490.004	-1583.026	93.02191	0.5908619	0.5884039	6.101952
36756	-1495.476	-1588.586	93.10939	0.5033811	0.5884039	6.101952
36762	-1476.732	-1571.322	94.58974	0.6145532	0.4868321	5.317308
36768	-1478.219	-1573.842	95.62325	0.7506725	0.4279477	4.725298
36774	-1477.673	-1571.767	94.0937	0.5382355	0.5842303	5.547852
36780	-1487.525	-1582.867	95.34185	0.7791426	0.715167	4.621947
36786	-1487.724	-1582.855	95.1315	0.7897851	0.883919	4.621947
36792	-1501.838	-1596.377	94.53866	0.7074426	0.7727069	5.069814
36798	-1488.882	-1583.708	94.82627	0.6125783	0.6250666	5.069814
36804	-1471.699	-1566.082	94.38342	0.6931036	0.5755673	5.310111
36810	-1472.924	-1568.146	95.22178	0.8041026	0.5755673	4.783177
36816	-1477.309	-1573.705	96.39628	0.646515	0.6561349	4.145672
36822	-1474.965	-1570.066	95.1011	0.612009	0.4765463	5.045382
36828	-1470.083	-1564.877	94.79407	0.5146151	0.7574948	5.045382
36834	-1477.383	-1572.087	94.70401	0.59554	0.5895193	5.175393
36840	-1488.626	-1583.908	95.28153	0.7996192	0.62685	4.710672
36846	-1488.111	-1583.216	95.10477	0.7996192	0.6331295	4.804506
36852	-1492.799	-1588.121	95.32136	0.8361133	0.6836703	4.624486
36858	-1494.798	-1591.257	96.45928	0.8504226	0.6675176	3.984702
36864	-1495.934	-1592.576	96.64246	0.9446501	0.7640226	3.7544
36870	-1495.245	-1589.573	94.3279	0.519212	0.5964864	5.419553
36876	-1484.313	-1578.792	94.47828	0.6301612	0.5733993	5.294285
36882	-1483.998	-1577.885	93.88728	0.723529	0.5733993	5.568339
36888	-1497.166	-1590.431	93.26539	0.6194544	0.6004469	5.943988
36894	-1489.715	-1583.966	94.25155	0.4823033	0.6829434	5.415749
36900	-1486.977	-1581.346	94.36836	0.6052457	0.5184822	5.415749
36906	-1491.739	-1586.196	94.45685	0.7003885	0.413005	5.415749
36912	-1487.615	-1581.349	93.73342	0.5947723	0.6717141	5.646966
36918	-1487.734	-1582.807	95.07257	0.5903605	0.4430824	5.105745
36924	-1482.866	-1579.062	96.19598	0.6606244	0.4256485	4.456827
36930	-1484.824	-1580.267	95.4436	0.5857115	0.5894011	4.769792
36936	-1488.17	-1582.195	94.0249	0.5518593	0.6860217	5.499978
36942	-1486.354	-1579.664	93.30962	0.4989743	0.4647688	6.10294
36948	-1480.56	-1575.1	94.53965	0.4989743	0.5198224	5.378731
36954	-1480.588	-1575.599	95.01129	0.4859211	0.4915438	5.15101
36960	-1487.56	-1582.83	95.27037	0.666376	0.8131499	4.658115
36966	-1478.328	-1574.076	95.7477	0.7525502	0.6238303	4.477912
36972	-1485.99	-1581.397	95.40702	0.6295419	0.4381279	4.903155
36978	-1478.576	-1574.537	95.96066	0.6061039	0.5244014	4.52452
36984	-1488.411	-1581.91	93.49984	0.6662105	0.8548973	5.61279
36990	-1480.208	-1575.447	95.23852	0.5668389	0.5990209	4.886848
36996	-1486.348	-1581.417	95.06959	0.5537208	0.733774	4.886848
37002	-1480.303	-1574.965	94.66204	0.511509	0.7301491	5.13918
37008	-1484.703	-1579.307	94.60347	0.5971736	0.5091396	5.298904
37014	-1482.389	-1577.939	95.5505	0.7223152	0.5091396	4.703188
37020	-1493.182	-1588.953	95.77057	0.645637	0.7164751	4.455121
37026	-1479.909	-1575.723	95.81375	0.7924198	0.5787644	4.455121
37032	-1480.673	-1575.791	95.11851	0.6074509	0.691706	4.859757
37038	-1479.014	-1574.557	95.54271	0.5857502	0.6211182	4.688734
37044	-1482.493	-1577.403	94.90951	0.623239	0.6426306	5.004064
37050	-1482.718	-1575.894	93.17575	0.4640507	0.7615809	5.960671
37056	-1480.985	-1575.549	94.56421	0.4840118	0.5841359	5.318687
37062	-1479.071	-1573.777	94.70657	0.6157416	0.5841359	5.167193
37068	-1479.94	-1574.289	94.34887	0.6900675	0.7897559	5.173252
37074	-1483.728	-1578.294	94.56657	0.5028878	0.5441542	5.340486
37080	-1477.079	-1571.714	94.63501	0.45124	0.513812	5.357829
37086	-1480.725	-1575.52	94.79472	0.6218309	0.513812	5.175352
37092	-1476.449	-1570.066	93.6176	0.5120509	0.5879172	5.820235
37098	-1477.889	-1573.569	95.67973	0.7090118	0.5584829	4.59456
37104	-1484.131	-1580.131	96.00067	0.7159711	0.6557172	4.330888
37110	-1487.106	-1582.401	95.29461	0.9261678	0.5342244	4.709774
37116	-1480.036	-1576.685	96.64893	1.04727	0.610925	3.808121
37122	-1481.592	-1575.876	94.28462	0.4875029	0.5300823	5.516427
37128	-1479.846	-1574.726	94.87999	0.7211723	0.8681394	4.810736
37134	-1482.424	-1578.202	95.77817	0.7679944	0.8780127	4.27357
37140	-1484.861	-1581.036	96.17466	0.7911338	0.6297886	4.210109
37146	-1489.383	-1585.411	96.02815	0.7221954	0.7972217	4.210109
37152	-1479.348	-1575.319	95.97089	0.7316485	0.7062824	4.300893
37158	-1482.346	-1578.551	96.20415	0.6554407	0.5345201	4.350455
37164	-1477.193	-1571.144	93.95079	0.7426354	0.5345201	5.555822
37170	-1481.051	-1577.117	96.06622	0.5275881	0.4336433	4.596293
37176	-1491.481	-1588.202	96.72104	0.6700425	0.4339302	4.14582
37182	-1482.337	-1578.295	95.95827	0.7382423	0.563512	4.417152
37188	-1484.917	-1580.806	95.88921	0.7530333	0.6000218	4.417152
37194	-1494.08	-1588.003	93.92317	0.7607804	0.6002352	5.50635
37200	-1476.691	-1571.341	94.64975	0.6109062	0.6355059	5.160446
37206	-1482.735	-1576.091	93.35566	0.4825782	0.5183817	6.037885
37212	-1487.472	-1581.687	94.21524	0.5128515	0.6958103	5.409601
37218	-1489.964	-1585.207	95.24362	0.6228391	0.379158	5.060015
37224	-1489.984	-1584.198	94.21443	0.4392643	0.4631124	5.642622
37230	-1485.033	-1580.326	95.29329	0.6562649	0.3551759	5.041073
37236	-1486.719	-1581.296	94.57755	0.5962704	0.5975944	5.23839
37242	-1489.87	-1585.512	95.64194	0.7664151	0.5141056	4.622753
37248	-1486.551	-1582.234	95.68317	0.8655362	0.4246328	4.63087
37254	-1473.751	-1568.521	94.77025	0.6065146	0.5572124	5.159506
37260	-1484.267	-1578.24	93.9733	0.5146299	0.5300305	5.672514
37266	-1487.865	-1581.664	93.79858	0.2871471	0.4894254	5.928841
37272	-1488.589	-1583.146	94.55706	0.5766586	0.6340426	5.231803
37278	-1491.823	-1584.917	93.09395	0.502701	0.6340426	6.075053
37284	-1484.044	-1578.794	94.74997	0.5338749	0.4858198	5.274328
37290	-1489.411	-1584.562	95.15098	0.6081714	0.4529223	5.042637
37296	-1489.007	-1584.655	95.64777	0.5342738	0.7245547	4.580985
37302	-1484.819	-1578.182	93.36293	0.3273373	0.5264418	6.111468
37308	-1474.753	-1569.075	94.32205	0.5730549	0.7519589	5.27813
37314	-1481.824	-1575.61	93.78617	0.5787814	0.6074108	5.67581
37320	-1481.499	-1576.18	94.6814	0.7327954	0.6074108	5.097451
37326	-1491.829	-1588.977	97.14785	1.190228	0.4605471	3.574394
37332	-1491.943	-1587.422	95.47971	0.882566	0.5517174	4.615237
37338	-1498.754	-1592.725	93.97144	0.6832664	0.4766761	5.629221
37344	-1492.284	-1587.99	95.70576	0.6832387	0.623631	4.540634
37350	-1486.144	-1581.548	95.40426	0.6832664	0.7028209	4.649621
37356	-1477.771	-1573.432	95.66026	0.7983937	0.4614864	4.644196
37362	-1480.641	-1576.312	95.67026	0.7621247	0.5266036	4.598006
37368	-1490.569	-1585.039	94.47016	0.6355386	0.5266036	5.335755
37374	-1487.992	-1581.659	93.66636	0.7281823	0.6189132	5.650553
37380	-1497.831	-1592.98	95.14969	0.854046	0.5491264	4.81801
37386	-1482.494	-1576.427	93.93356	0.5133937	0.6900575	5.568403
37392	-1481.391	-1576.525	95.134	0.5801814	0.5720428	4.959806
37398	-1486.106	-1579.965	93.85932	0.3863821	0.5720428	5.769668
37404	-1485.722	-1580.065	94.34281	0.5463357	0.5720428	5.416349
37410	-1492.256	-1587.296	95.03979	0.7503963	0.6075312	4.888436
37416	-1490.965	-1584.748	93.78343	0.6913203	0.5826859	5.635421
37422	-1491.762	-1586.665	94.90274	0.7784451	0.6654391	4.904173
37428	-1485.534	-1581.07	95.53617	0.6692204	0.5688428	4.688483
37434	-1483.54	-1578.665	95.12445	0.8175577	0.6568595	4.765207
37440	-1487.069	-1580.637	93.56789	0.6453995	0.6568595	5.720963
37446	-1482.263	-1577.008	94.74518	0.7718745	0.6568595	5.001923
37452	-1480.348	-1574.015	93.66696	0.8313294	0.5233176	5.672699
37458	-1488.249	-1580.958	92.7095	0.6708375	0.8214172	6.063342
37464	-1489.676	-1584.364	94.68733	0.6560397	0.5190613	5.211148
37470	-1485.347	-1579.904	94.55711	0.7862594	0.5190613	5.211148
37476	-1479.494	-1575.781	96.28755	1.078536	0.6703279	3.950282
37482	-1485.253	-1579.382	94.12842	0.6186328	0.7452167	5.364444
37488	-1477.062	-1571.734	94.67151	0.6923025	0.5653364	5.159823
37494	-1483.626	-1579.017	95.3908	0.6408425	0.5612006	4.792079
37500	-1485.085	-1580.087	95.00173	0.8804152	0.7207613	4.751634
37506	-1488.082	-1583.333	95.25109	0.7413956	0.5142652	4.855076
37512	-1490.808	-1582.824	92.01616	0.4644866	0.741074	6.604185
37518	-1491.019	-1585.469	94.4498	0.5411733	0.6860762	5.271633
37524	-1485.554	-1581.063	95.50957	0.6986921	0.5677405	4.68781
37530	-1488.128	-1582.449	94.32111	0.5782646	0.6444894	5.353182
37536	-1486.361	-1580.964	94.60314	0.4663581	0.4720107	5.405554
37542	-1485.894	-1580.888	94.99432	0.6129178	0.5155077	5.06817
37548	-1487.075	-1581.731	94.65536	0.470732	0.5981302	5.264337
37554	-1483.693	-1578.922	95.22934	0.3794441	0.538379	5.047088
37560	-1485.962	-1579.424	93.46199	0.6205378	0.4595811	5.958529
37566	-1486.097	-1581.166	95.06854	0.7736098	1.012652	4.591131
37572	-1486.228	-1581.713	95.4843	0.845838	0.6019373	4.591131
37578	-1486.423	-1580.663	94.23981	0.6826397	0.6130971	5.364798
37584	-1501.39	-1594.183	92.79316	0.4336826	0.795487	6.163467
37590	-1485.326	-1578.705	93.37964	0.6570985	0.5324414	5.917323
37596	-1490.139	-1583.878	93.73825	0.4862503	0.4856483	5.856496
37602	-1478.405	-1573.676	95.27047	0.6574677	0.4418501	4.959852
37608	-1486.663	-1580.019	93.35586	0.986231	0.5306964	5.75185
37614	-1483.508	-1578.834	95.32602	0.7476438	0.6562611	4.692053
37620	-1475.871	-1571.295	95.42458	0.7476438	0.5867819	4.692053
37626	-1477.053	-1571.91	94.85755	0.6687232	0.6242058	5.02197
37632	-1483.138	-1576.778	93.64003	0.4160713	0.6263511	5.830153
37638	-1480.228	-1574.934	94.70539	0.6191436	0.5958967	5.156383
37644	-1490.182	-1584.776	94.59342	0.7404871	0.7982801	5.004086
37650	-1483.312	-1578.313	95.00119	0.6399022	0.5676742	5.004086
37656	-1491.154	-1586.38	95.22599	0.5172787	0.5029002	5.004086
37662	-1487.441	-1580.812	93.37066	0.4236582	0.6645198	5.944413
37668	-1480.825	-1574.466	93.64133	0.4797321	0.4523953	5.944413
37674	-1478.54	-1573.523	94.98349	0.3549425	0.5172533	5.215489
37680	-1479.302	-1574.224	94.92206	0.4019214	0.5789566	5.170531
37686	-1489.333	-1584.288	94.95584	0.6358376	0.5178917	5.074665
37692	-1488.509	-1582.633	94.12381	0.5466812	0.4824746	5.615142
37698	-1477.492	-1571.45	93.95726	0.5379015	0.4824746	5.711295
37704	-1477.707	-1573.214	95.50669	0.5379015	0.6385464	4.721961
37710	-1483.713	-1578.732	95.01973	0.5170681	0.5520669	5.075206
37716	-1483.56	-1576.715	93.1549	0.5372253	0.6177116	6.035574
37722	-1492.374	-1588.183	95.80939	0.5831244	0.6603002	4.510104
37728	-1491.408	-1587.458	96.04985	0.5921784	0.4940094	4.510104
37734	-1480.305	-1575.156	94.85111	0.6305919	0.3954949	5.255229
37740	-1486.695	-1581.318	94.62286	0.6037792	0.5423844	5.255229
37746	-1480.611	-1576.138	95.52749	0.6819742	0.5423844	4.708933
37752	-1492.801	-1586.449	93.64875	0.5606184	0.6192588	5.751772
37758	-1489.144	-1583.196	94.05199	0.4372041	0.4435393	5.751772
37764	-1490.383	-1584.34	93.9569	0.5900675	0.4121689	5.751772
37770	-1482.719	-1576.77	94.05071	0.4851636	0.7165648	5.500634
37776	-1485.883	-1579.382	93.49911	0.4416016	0.5080402	5.99116
37782	-1487.527	-1581.504	93.97701	0.6789775	0.6750799	5.464383
37788	-1478.793	-1573.991	95.19868	0.5427678	0.640503	4.889616
37794	-1474.253	-1568.72	94.46743	0.5589714	0.610873	5.309213
37800	-1476.169	-1570.711	94.54212	0.5582768	0.5608456	5.309213
37806	-1471.426	-1566.041	94.61422	0.4593122	0.5661497	5.319593
37812	-1481.4	-1575.941	94.54156	0.625377	0.5068312	5.319593
37818	-1487.816	-1581.629	93.81295	0.3971916	0.6403846	5.735097
37824	-1478.971	-1574.716	95.74492	0.8123404	0.5443715	4.512143
37830	-1490.148	-1583.757	93.60905	0.3784998	0.6165697	5.875212
37836	-1486.844	-1583.129	96.28472	0.7744537	0.4606581	4.306972
37842	-1472.703	-1568.777	96.0739	0.6304404	0.6654188	4.330399
37848	-1475.473	-1571.364	95.89058	0.8181612	0.4952353	4.471421
37854	-1472.171	-1566.344	94.17383	0.6528232	0.6682404	5.375431
37860	-1476.335	-1572.247	95.91141	0.6477582	0.4186505	4.63124
37866	-1482.824	-1576.308	93.48404	0.4959727	0.5619686	5.923276
37872	-1490.126	-1585.132	95.00628	0.6294827	0.3830071	5.183594
37878	-1494.789	-1588.318	93.52873	0.4104709	0.423293	6.072365
37884	-1493.59	-1587.703	94.11265	0.5260632	0.4343838	5.678925
37890	-1488.834	-1582.848	94.01473	0.5649921	0.4343838	5.711258
37896	-1502.556	-1596.667	94.11059	0.7026987	0.5163622	5.50587
37902	-1490.042	-1585.359	95.3172	0.566476	0.5984331	4.84368
37908	-1495.95	-1590.204	94.25376	0.6231252	0.672572	5.34452
37914	-1487.698	-1582.295	94.59664	0.5304044	0.4798346	5.366454
37920	-1485.019	-1579.258	94.23888	0.5646456	0.6979907	5.366454
37926	-1484.902	-1578.475	93.57306	0.5133331	0.5423423	5.881696
37932	-1476.95	-1572.931	95.98113	0.8841836	0.6089405	4.283845
37938	-1481.39	-1576.9	95.50955	0.6165243	0.5379757	4.759417
37944	-1484.14	-1578.496	94.35619	0.4528932	0.5485408	5.480176
37950	-1482.921	-1579.892	96.97037	0.8320748	0.5268611	3.820099
37956	-1490.195	-1586.571	96.37581	0.9487886	0.6319482	4.004111
37962	-1477.061	-1572.545	95.48374	0.6212086	0.6366037	4.689707
37968	-1494.749	-1591.33	96.5813	0.7452827	0.6366037	3.99926
37974	-1489.736	-1587.261	97.52477	0.7849381	0.6366037	3.431079
37980	-1487.761	-1581.957	94.1955	0.7013567	0.8865573	5.190749
37986	-1488.587	-1583.946	95.35875	0.7013567	0.5706251	4.768211
37992	-1501.514	-1597.484	95.97054	0.8421588	0.5706251	4.3455
37998	-1488.783	-1584.835	96.05243	0.7602729	0.5706251	4.3455
38004	-1481.233	-1576.112	94.87928	0.7370901	0.5787358	5.008593
38010	-1486.953	-1582.361	95.40725	0.7620781	0.5364081	4.736621
38016	-1498.263	-1592.919	94.65556	0.7620781	0.4667565	5.218406
38022	-1480.344	-1574.981	94.63739	0.7707959	0.9993439	4.84126
38028	-1476.788	-1572.566	95.77782	0.6112636	0.5151133	4.63264
38034	-1493.67	-1589.85	96.18031	1.051659	0.7416556	3.974224
38040	-1484.458	-1580.566	96.10809	0.8774762	0.5143031	4.29751
38046	-1490.642	-1586.107	95.46453	0.6914928	0.52464	4.754488
38052	-1478.664	-1573.856	95.19209	0.6980413	0.7546217	4.72346
38058	-1482.344	-1578.044	95.70019	0.651979	0.5985877	4.5815
38064	-1481.357	-1577.152	95.7945	0.5907911	0.6591723	4.515026
38070	-1482.173	-1577.646	95.4733	0.6978798	0.6325272	4.65581
38076	-1476.83	-1572.539	95.70872	0.6277963	0.5242008	4.653901
38082	-1478.935	-1574.275	95.34033	0.6960643	0.6421964	4.723713
38088	-1483.715	-1578.738	95.02382	0.7210129	0.8790909	4.723713
38094	-1482.014	-1578.289	96.27556	0.636271	0.479968	4.371406
38100	-1486.115	-1582.396	96.28085	0.7051702	0.7101344	4.137278
38106	-1485.13	-1581.49	96.35945	0.6718847	0.6755655	4.137278
38112	-1479.478	-1574.801	95.32298	0.6366316	0.6973977	4.725167
38118	-1479.976	-1576.157	96.18065	0.8004505	0.4248052	4.387525
38124	-1488.493	-1583.268	94.77467	0.4742742	0.4992267	5.281233
38130	-1490.678	-1584.653	93.97473	0.4495191	0.5803666	5.665013
38136	-1488.371	-1583.07	94.69821	0.7982484	0.6035331	5.054932
38142	-1479.613	-1575.225	95.61198	0.5964782	0.5411389	4.710585
38148	-1485.334	-1581.666	96.33236	0.7897128	0.5411389	4.195929
38154	-1480.756	-1576.279	95.52284	0.4990406	0.4207911	4.929052
38160	-1500.746	-1595.021	94.27474	0.8632507	0.9317631	5.0302
38166	-1490.618	-1586.655	96.03693	0.7272111	0.5978931	4.350108
38172	-1495.462	-1591.789	96.32654	0.8452233	0.6375583	4.086835
38178	-1494.952	-1589.362	94.40995	0.5505448	0.6375583	5.324769
38184	-1493.48	-1589.827	96.34755	0.8661132	0.496958	4.184349
38190	-1484.987	-1580.331	95.34467	0.5609322	0.5178268	4.90027
38196	-1481.343	-1576.661	95.31792	0.6843288	0.540551	4.826286
38202	-1483.913	-1578.828	94.91503	0.3472414	0.6573122	5.142905
38208	-1483.096	-1577.287	94.19089	0.5091495	0.6573122	5.453328
38214	-1484.271	-1578.781	94.51002	0.4694094	0.501608	5.4277
38220	-1481.457	-1578.37	96.91215	0.7387113	0.626927	3.821116
38226	-1479.08	-1573.662	94.58198	0.4838587	0.5366754	5.348944
38232	-1478.457	-1572.886	94.42964	0.5209999	0.6134881	5.348944
38238	-1490.195	-1585.256	95.06086	0.5718519	0.7831042	4.847861
38244	-1485.403	-1582.384	96.98113	0.823192	0.5644481	3.785358
38250	-1476.804	-1572.226	95.42254	0.5463263	0.4731532	4.906451
38256	-1485.827	-1581.009	95.18253	0.7863308	0.4731532	4.906451
38262	-1486.515	-1580.052	93.53704	0.648219	0.6202723	5.764183
38268	-1486.874	-1582.39	95.51593	0.7516184	0.4469652	4.765469
38274	-1487.014	-1580.385	93.37098	0.4386046	0.6496871	5.947106
38280	-1486.799	-1583.248	96.44926	0.8778029	0.5090922	4.108513
38286	-1483.719	-1579.143	95.42417	0.761873	0.6587497	4.62721
38292	-1482.206	-1578.462	96.25517	0.7461039	0.5274696	4.276645
38298	-1479.095	-1574.721	95.62555	0.896122	0.7606201	4.364482
38304	-1486.367	-1580.46	94.09328	0.7238616	0.4900842	5.527539
38310	-1493.107	-1588.069	94.9626	0.6060185	0.5256978	5.080507
38316	-1486.463	-1580.971	94.50802	0.7111767	0.7790194	5.080507
38322	-1482.669	-1576.174	93.50446	0.4307146	0.6338455	5.890504
38328	-1477.22	-1572.89	95.67024	0.624498	0.5011933	4.698224
38334	-1487.221	-1580.329	93.10818	0.4004578	0.667363	6.098098
38340	-1485.799	-1579.054	93.25533	0.4567391	0.667363	5.987206
38346	-1479.053	-1574.626	95.57322	0.4470374	0.5794559	4.783076
38352	-1476.386	-1571.109	94.7228	0.4052851	0.4621011	5.382737
38358	-1479.39	-1573.525	94.13567	0.408352	0.4919585	5.675759
38364	-1480.429	-1574.851	94.42247	0.320878	0.4517738	5.604364
38370	-1498.164	-1590.572	92.40771	0.3233467	0.6216219	6.554579
38376	-1489.553	-1584.094	94.54155	0.5021731	0.6057745	5.303703
38382	-1482.566	-1576.24	93.67433	0.2311775	0.5497797	5.974156
38388	-1488.468	-1581.869	93.40126	0.4346209	0.5961113	5.974156
38394	-1486.122	-1579.25	93.1273	0.3547822	0.6513547	6.124404
38400	-1497.532	-1594.59	97.05794	0.8871175	0.4583878	3.803914
38406	-1493.18	-1588.223	95.04217	0.7272387	0.724888	4.811657
38412	-1499.293	-1594.856	95.56296	0.5449982	0.5637746	4.747268
38418	-1492.088	-1585.425	93.33672	0.5015613	0.5637746	5.999129
38424	-1486.371	-1581.233	94.86197	0.4095018	0.5637746	5.212232
38430	-1484.166	-1579.144	94.97792	0.4045028	0.612272	5.111193
38436	-1474.762	-1569.698	94.93596	0.6217641	0.5465752	5.068315
38442	-1474.544	-1571.318	96.77406	0.7801178	0.5696633	3.92454
38448	-1475.799	-1570.786	94.98662	0.5511301	0.490953	5.129099
38454	-1473.334	-1568.334	95.00065	0.771074	0.6477075	4.867203
38460	-1484.439	-1579.033	94.59455	0.6347748	0.4412616	5.347299
38466	-1487.519	-1582.468	94.94914	0.7007025	0.6330176	4.946409
38472	-1490.618	-1585.718	95.10085	0.6000017	0.5265441	5.006367
38478	-1490.629	-1587.3	96.67052	0.8879142	0.5875546	3.906798
38484	-1506.21	-1601.262	95.05222	0.5953434	0.4037272	5.154703
38490	-1482.326	-1578.04	95.71456	0.7634897	0.475069	4.620151
38496	-1483.348	-1578.755	95.40663	0.7166662	0.6411053	4.675932
38502	-1497.125	-1593.064	95.93844	0.7589959	0.4536438	4.517916
38508	-1489.302	-1585.236	95.9345	0.7629365	0.4536438	4.517916
38514	-1485.918	-1583.047	97.12848	0.6313483	0.4290934	3.940476
38520	-1479.142	-1573.986	94.8445	0.6424246	0.5191734	5.131588
38526	-1486.256	-1580.238	93.98159	0.3589704	0.5783871	5.71251
38532	-1476.094	-1572.751	96.65733	0.7343417	0.5956874	3.995425
38538	-1476.431	-1573.164	96.73226	0.8733214	0.6576886	3.822657
38544	-1479.827	-1574.97	95.14312	0.8616396	0.6576886	4.72951
38550	-1479.698	-1574.672	94.97432	0.9234653	0.5614923	4.86649
38556	-1483.317	-1578.456	95.13895	0.6745558	0.6620479	4.832999
38562	-1477.186	-1572.418	95.23251	0.6745558	0.5955329	4.832999
38568	-1477.566	-1572.375	94.80831	0.6956093	0.7796152	4.921932
38574	-1488.4	-1583.469	95.06907	0.5179806	0.7127145	4.921932
38580	-1486.68	-1580.632	93.95188	0.5240856	0.6804613	5.559434
38586	-1496.807	-1591.63	94.82286	0.5212399	0.3254384	5.411149
38592	-1484.423	-1579.077	94.65406	0.3755425	0.4529842	5.445816
38598	-1498.928	-1591.462	92.53401	0.4668061	0.7146452	6.340436
38604	-1486.724	-1581.534	94.80973	0.7523171	0.7598632	4.902928
38610	-1479.947	-1575.114	95.16701	0.6869452	0.5474546	4.902928
38616	-1489.468	-1584.122	94.6541	0.6282051	0.7395461	5.07236
38622	-1488.725	-1583.886	95.16137	0.650786	0.5164291	4.953529
38628	-1491.343	-1587.964	96.62069	0.7553153	0.4716971	4.116341
38634	-1482.141	-1577.212	95.07065	0.6346573	0.5917214	4.948478
38640	-1491.294	-1586.039	94.74553	0.7365604	0.7669177	4.942631
38646	-1489.782	-1584.499	94.7163	0.7365604	0.7912049	4.942631
38652	-1493.585	-1587.249	93.6642	0.543419	0.5962076	5.770909
38658	-1489.975	-1583.572	93.5965	0.6111268	0.5962076	5.770909
38664	-1484.148	-1579.455	95.30671	0.5049114	0.5962076	4.885644
38670	-1483.147	-1577.505	94.35856	0.5098273	0.7457932	5.297101
38676	-1484.802	-1579.909	95.10687	0.7062027	0.7457932	4.772626
38682	-1477.843	-1573.119	95.27573	0.6941881	0.7345051	4.692828
38688	-1489.241	-1585.863	96.62182	0.744679	0.4648773	4.128461
38694	-1490.255	-1585.074	94.81958	0.6037588	0.6108209	5.089662
38700	-1499.878	-1594.563	94.6855	0.3619178	0.5712088	5.329784
38706	-1504.06	-1599.029	94.96973	0.6601035	0.4893884	5.079515
38712	-1496.602	-1591.43	94.82715	0.6485392	0.6493059	5.030635
38718	-1497.021	-1592.518	95.49685	0.5891139	0.6493059	4.690494
38724	-1492.645	-1588.596	95.95061	0.7568937	0.9665177	4.128614
38730	-1486.825	-1581.619	94.79388	0.6551063	0.4948577	5.17464
38736	-1486.579	-1582.168	95.58977	0.8468901	0.5941274	4.537709
38742	-1481.99	-1577.838	95.8486	0.7288713	0.6790963	4.391694
38748	-1477.968	-1573.773	95.80516	0.7723148	0.6790963	4.391694
38754	-1479.514	-1575.761	96.24679	0.7273533	0.6651351	4.177744
38760	-1479.782	-1574.789	95.00748	0.7063128	0.7575368	4.819945
38766	-1494.155	-1588.802	94.64724	0.6753128	0.7344335	5.053586
38772	-1487.826	-1581.197	93.37083	0.6027486	0.7344335	5.796667
38778	-1483.514	-1578.467	94.95302	0.7935352	0.591601	4.925625
38784	-1497.94	-1592.66	94.71972	0.6987658	0.8471749	4.925625
38790	-1478.796	-1574.498	95.70212	0.8198129	0.6032294	4.482304
38796	-1487.922	-1583.363	95.44142	0.7011845	0.5437347	4.74514
38802	-1479.258	-1573.541	94.28309	0.6401753	0.5793467	5.391527
38808	-1484.478	-1579.667	95.1894	0.549887	0.445167	5.061328
38814	-1479.994	-1574.84	94.84678	0.6289891	0.6098875	5.061328
38820	-1477.439	-1572.226	94.78715	0.6221662	0.6728489	5.049754
38826	-1478.639	-1573.552	94.91276	0.6577412	0.571628	5.039975
38832	-1498.628	-1592.202	93.57397	0.5385479	0.4224206	5.978747
38838	-1488.544	-1585.501	96.95672	0.4916518	0.4870234	4.060248
38844	-1475.962	-1572.078	96.11595	0.6729006	0.5819261	4.349421
38850	-1477.486	-1573.452	95.96606	0.6729006	0.5385873	4.471263
38856	-1485.41	-1581.336	95.92601	0.6230412	0.4628083	4.59222
38862	-1479.331	-1574.242	94.91116	0.4019261	0.5798935	5.175789
38868	-1486.598	-1580.405	93.80693	0.4771495	0.5798935	5.742218
38874	-1486.09	-1579.93	93.8402	0.4438832	0.5798935	5.742218
38880	-1499.457	-1594.913	95.45633	0.5688537	0.5877011	4.773496
38886	-1493.208	-1588.154	94.94684	0.5688537	0.6797973	4.985534
38892	-1485.532	-1581.364	95.83118	0.6805042	0.6021958	4.488911
38898	-1484.531	-1580.268	95.73776	0.6144531	0.7022102	4.501485
38904	-1492.102	-1588.547	96.44489	0.710837	0.4625729	4.250412
38910	-1493.172	-1588.451	95.27902	0.7777381	0.7796285	4.613107
38916	-1487.934	-1583.869	95.93421	0.7139981	0.7495079	4.300698
38922	-1497.38	-1590.349	92.96908	0.7503373	0.5159038	6.104812
38928	-1481.47	-1575.31	93.8403	0.4218781	0.7564684	5.623507
38934	-1488.155	-1580.768	92.61313	0.3152643	0.63275	6.43919
38940	-1486.678	-1579.986	93.3076	0.4593941	0.7230021	5.917498
38946	-1482.368	-1577.683	95.31457	0.5735939	0.7564236	4.723321
38952	-1484.491	-1578.799	94.30775	0.4148053	0.7357962	5.384437
38958	-1478.665	-1573.624	94.95942	0.5223563	0.6525841	5.024763
38964	-1473.516	-1567.115	93.59891	0.5223563	0.7015504	5.738812
38970	-1483.205	-1579.587	96.38155	0.6331609	0.7212657	4.112842
38976	-1481.744	-1576.71	94.96583	0.667885	0.7064651	4.900439
38982	-1482.275	-1577.4	95.12507	0.4213942	0.6188543	5.014968
38988	-1493.193	-1588.504	95.31064	0.5460854	0.6510405	4.817259
38994	-1478.285	-1573.945	95.65935	0.5418253	0.5603638	4.698043
39000	-1485.825	-1581.684	95.85923	0.4730147	0.4790163	4.698043
39006	-1480.738	-1574.996	94.25728	0.6462219	0.4790163	5.490335
39012	-1473.676	-1570.011	96.33524	0.5996809	0.6349838	4.223498
39018	-1477.068	-1570.923	93.85478	0.5959357	0.6349838	5.607304
39024	-1484.039	-1579.683	95.64426	0.7483909	0.9284249	4.329643
39030	-1480.374	-1576.312	95.93803	0.9754977	0.5237539	4.329643
39036	-1478.825	-1574.582	95.75706	0.7833531	0.722835	4.380517
39042	-1484.098	-1579.852	95.75324	0.9794629	0.7462399	4.255149
39048	-1488.571	-1583.681	95.10964	0.7592663	0.5582748	4.885319
39054	-1478.117	-1573.277	95.16053	0.6477977	0.5988703	4.885319
39060	-1481.199	-1576.259	95.06016	0.8158207	0.6546505	4.803759
39066	-1471.586	-1565.424	93.83749	0.5369065	0.6546505	5.634283
39072	-1474.304	-1568.759	94.45445	0.6001187	0.5583172	5.336638
39078	-1476.785	-1571.079	94.29469	0.7183796	0.472385	5.436277
39084	-1483.442	-1579.018	95.5754	0.7856988	0.6179273	4.560853
39090	-1488.283	-1583.343	95.06015	0.9296864	0.6314253	4.758123
39096	-1476.057	-1570.757	94.70003	0.6856565	0.5409624	5.168496
39102	-1476.482	-1570.776	94.29434	0.7416832	0.573725	5.333986
39108	-1492.577	-1587.575	94.99864	0.7276194	0.4511602	5.062624
39114	-1488.277	-1584.058	95.78102	0.9222027	0.4643036	4.504147
39120	-1488.387	-1583.967	95.57911	0.8780273	0.6336844	4.49438
39126	-1485.898	-1581.171	95.27234	0.6895988	0.6083253	4.792027
39132	-1481.704	-1579.137	97.43247	0.8632223	0.4564063	3.603245
39138	-1487.693	-1586.054	98.36153	1.017805	0.4564063	2.963729
39144	-1492.19	-1587.705	95.51475	0.750104	0.6863586	4.562244
39150	-1477.01	-1571.796	94.78547	0.5564491	0.5189455	5.212051
39156	-1484.635	-1580.659	96.0243	0.8602306	0.5189455	4.350393
39162	-1481.719	-1575.879	94.15959	0.475985	0.5629212	5.563431
39168	-1477.752	-1571.89	94.13872	0.475985	0.7650429	5.423926
39174	-1482.702	-1576.041	93.33892	0.3851737	0.6311718	6.007774
39180	-1484.825	-1580.638	95.8125	0.6808207	0.5987632	4.502051
39186	-1483.867	-1577.813	93.94638	0.5156537	0.5266005	5.689703
39192	-1485.126	-1580.876	95.75005	0.7698308	0.3844981	4.690026
39198	-1468.446	-1564.572	96.12527	0.6476534	0.5704975	4.368073
39204	-1473.96	-1568.389	94.42906	0.5073228	0.5600452	5.40034
39210	-1476.523	-1571.287	94.76409	0.402326	0.5603465	5.273181
39216	-1481.137	-1576.218	95.08102	0.267117	0.5387404	5.191204
39222	-1484.494	-1580.307	95.81348	0.4768183	0.5884593	4.62453
39228	-1478.129	-1573.715	95.58559	0.5856053	0.6732988	4.62453
39234	-1485.13	-1579.995	94.8654	0.5712457	0.5665608	5.118453
39240	-1483.181	-1577.499	94.31843	0.6510398	0.4789784	5.454071
39246	-1476.196	-1570.385	94.18881	0.5388449	0.6458705	5.446753
39252	-1472.05	-1566.005	93.95497	0.7726891	0.6458705	5.446753
39258	-1481.901	-1574.643	92.74225	0.8462045	0.5894497	6.114355
39264	-1474.301	-1570.609	96.30776	0.855691	0.5087035	4.201872
39270	-1480.582	-1577.573	96.99094	0.855691	0.5349836	3.78725
39276	-1488.755	-1584.671	95.91664	0.7699521	0.5952009	4.396104
39282	-1475.257	-1570.078	94.82056	0.5431341	0.5762773	5.150762
39288	-1478.869	-1572.988	94.11943	0.5199549	0.5762773	5.550267
39294	-1474.194	-1568.432	94.23731	0.4791442	0.526371	5.550267
39300	-1482.118	-1577.305	95.1869	0.5829613	0.526371	4.968171
39306	-1483.287	-1578.326	95.03912	0.6063954	0.5396621	5.025578
39312	-1477.388	-1571.078	93.68998	0.5414327	0.6627805	5.706631
39318	-1480.464	-1575.15	94.68581	0.6433517	0.6557233	5.107048
39324	-1473.753	-1568.079	94.32626	0.5835221	0.4557041	5.509103
39330	-1477.071	-1572.182	95.11131	0.5397012	0.4425053	5.112924
39336	-1479.655	-1575.484	95.82936	0.6302584	0.46816	4.637152
39342	-1482.888	-1577.552	94.66376	0.6685287	0.4642736	5.267962
39348	-1476.707	-1572.243	95.53617	0.7356291	0.5298472	4.685102
39354	-1494.164	-1589.527	95.36355	0.5738945	0.527849	4.873591
39360	-1495.196	-1589.615	94.41894	0.3452896	0.6528634	5.421323
39366	-1491.278	-1586.079	94.80086	0.1292149	0.5395018	5.421323
39372	-1481.146	-1575.936	94.79012	0.2343749	0.5395018	5.369295
39378	-1487.238	-1583.285	96.04758	0.6760528	0.5367396	4.425205
39384	-1487.249	-1582.368	95.11869	0.7063838	0.6573961	4.830068
39390	-1490.819	-1587.144	96.32513	0.7611779	0.5108406	4.243645
39396	-1488.59	-1584.774	96.18386	0.8609823	0.5108406	4.267142
39402	-1483.275	-1578.725	95.45013	0.7027234	0.6588877	4.645706
39408	-1484.88	-1580.833	95.95298	0.695908	0.5069018	4.494262
39414	-1493.881	-1588.887	95.00659	0.8645174	0.4638806	4.96976
39420	-1487.524	-1584.642	97.11793	0.985935	0.9101432	3.356476
39426	-1489.184	-1583.885	94.7012	0.6264491	0.8070568	5.001823
39432	-1483.134	-1577.197	94.06258	0.6699001	0.7265746	5.38537
39438	-1483.51	-1578.63	95.11987	0.7094044	0.6112443	4.863684
39444	-1482.658	-1577.752	95.09375	0.5612516	0.5972114	4.971982
39450	-1478.36	-1572.334	93.97452	0.5753333	0.4404006	5.721646
39456	-1490.076	-1585.075	94.99856	0.4769025	0.4386021	5.21401
39462	-1486.394	-1581.473	95.07932	0.417424	0.5482549	5.100688
39468	-1495.381	-1588.913	93.53168	0.2384869	0.6669024	5.955842
39474	-1475.305	-1569.683	94.37799	0.7323672	0.6743128	5.214289
39480	-1499.065	-1594.41	95.34526	0.7236962	0.4613002	4.862139
39486	-1499.35	-1596.755	97.40491	0.948105	0.7063129	3.35083
39492	-1494.785	-1590.152	95.36729	0.7224322	0.6743128	4.669423
39498	-1478.206	-1573.814	95.60799	0.7224322	0.5108068	4.669423
39504	-1496.554	-1591.362	94.80772	0.7248564	0.5385484	5.089211
39510	-1493.809	-1588.989	95.17956	0.7086192	0.6449088	4.804416
39516	-1484.925	-1581.126	96.20056	0.8990376	0.704624	4.076663
39522	-1485.478	-1580.535	95.05703	0.9787424	0.8903455	4.55376
39528	-1480.645	-1574.557	93.9122	0.5964223	0.5599133	5.635645
39534	-1472.672	-1566.159	93.48722	0.6871384	0.6827942	5.723208
39540	-1479.488	-1572.92	93.43191	0.6441092	0.7032124	5.762408
39546	-1475.051	-1568.993	93.9424	0.8771958	0.6509633	5.392254
39552	-1476.101	-1570.078	93.97645	0.9719675	0.5617775	5.392254
39558	-1475.22	-1569.462	94.24237	0.5063382	0.7041554	5.392254
39564	-1473.374	-1568.694	95.31956	0.7428003	0.6549219	4.699399
39570	-1470.736	-1565.833	95.09704	0.8442323	0.5073035	4.889931
39576	-1478.342	-1572.545	94.20335	0.4964062	0.5943817	5.502348
39582	-1473.113	-1568.802	95.68913	0.7663358	0.4217752	4.686065
39588	-1476.801	-1571.649	94.84822	0.5758727	0.673825	5.04083
39594	-1477.697	-1572.765	95.06778	0.7085859	0.4450895	5.04083
39600	-1480.966	-1576.168	95.20195	0.5719828	0.6141873	4.892164
39606	-1483.583	-1577.739	94.15599	0.439951	0.4978668	5.641891
39612	-1491.11	-1587.05	95.9392	0.7469936	0.6131597	4.381669
39618	-1480.311	-1575.376	95.06515	0.6074691	0.6131597	4.949372
39624	-1480.26	-1575.598	95.33777	0.6067011	0.663385	4.758882
39630	-1481.811	-1577.622	95.81188	0.5145728	0.4400434	4.739507
39636	-1475.255	-1569.212	93.95772	0.4770995	0.5723898	5.665763
39642	-1472.633	-1567.209	94.57611	0.5922019	0.5723898	5.262056
39648	-1495.318	-1589.691	94.3728	0.7250241	0.6206556	5.262056
39654	-1485.279	-1580.693	95.41364	0.8847705	0.7893665	4.470779
39660	-1489.569	-1585.052	95.48341	0.628834	0.7562632	4.597925
39666	-1480.17	-1574.874	94.70345	0.6107147	0.4686286	5.273802
39672	-1486.402	-1581.097	94.6949	0.5676599	0.4686286	5.302297
39678	-1485.971	-1580.11	94.13942	0.6167914	0.6545144	5.424497
39684	-1480.923	-1576.632	95.70934	0.6582854	0.5589626	4.605994
39690	-1480.469	-1576.246	95.77693	0.794868	0.5110784	4.533776
39696	-1488.18	-1583.95	95.76968	0.7998307	0.5124828	4.533776
39702	-1486.619	-1582.747	96.12795	0.8129928	0.6272169	4.226259
39708	-1492.879	-1589.855	96.97642	1.009413	0.7139269	3.559756
39714	-1491.407	-1586.523	95.11662	0.5376336	0.5547953	5.007683
39720	-1493.771	-1589.626	95.85461	0.7951905	0.6619867	4.363837
39726	-1488.65	-1585.073	96.42331	0.8094829	0.4667554	4.202583
39732	-1483.457	-1577.71	94.25225	0.65468	0.6650632	5.333521
39738	-1477.876	-1572.043	94.16749	0.3944927	0.5381655	5.624843
39744	-1495.43	-1590.932	95.50259	0.7085962	0.6167622	4.645876
39750	-1484.123	-1578.14	94.01739	0.3995087	0.5952572	5.656998
39756	-1492.646	-1586.773	94.12698	0.4956765	0.4658893	5.656998
39762	-1487.316	-1580.238	92.92268	0.6068005	0.5613587	6.169358
39768	-1493.234	-1586.669	93.4353	0.5610618	0.5613587	5.914854
39774	-1500.409	-1594.067	93.65756	0.5774979	0.4194669	5.914854
39780	-1491.206	-1586.167	94.96167	0.7570935	0.5323252	4.991309
39786	-1487.423	-1582.596	95.17312	0.7017157	0.4399172	4.991309
39792	-1485.395	-1579.533	94.13727	0.8337288	0.7163678	5.260919
39798	-1479.275	-1576.605	97.33009	0.7740651	0.467066	3.703411
39804	-1473.955	-1571.327	97.37198	0.9092223	0.6842308	3.409911
39810	-1474.891	-1572.586	97.69468	1.009667	0.6809339	3.162927
39816	-1475.591	-1571.012	95.42136	0.7292809	0.6520731	4.652153
39822	-1480.029	-1575.389	95.35965	0.7292809	0.698269	4.652153
39828	-1480.891	-1575.317	94.42662	0.7724008	0.4259777	5.379387
39834	-1486.564	-1580.922	94.35772	0.3946916	0.7194358	5.379387
39840	-1482.351	-1578.122	95.7707	0.6359557	0.4047163	4.731361
39846	-1477.085	-1571.576	94.49128	0.7032848	0.4780353	5.330903
39852	-1488.296	-1583.913	95.61719	0.6178282	0.6149535	4.633963
39858	-1477.407	-1573.807	96.39926	0.7610665	0.5688897	4.149977
39864	-1484.434	-1580.413	95.9787	0.9057176	0.7723978	4.150848
39870	-1480.024	-1577.611	97.58728	0.7109275	0.4801048	3.57796
39876	-1479.899	-1577.514	97.61499	0.9950759	0.616314	3.271367
39882	-1474.621	-1570.634	96.01283	0.7057524	0.6703637	4.318581
39888	-1475.857	-1571.016	95.15941	0.8794766	0.6703637	4.700837
39894	-1472.191	-1567.438	95.24672	0.7065056	0.4676172	4.920473
39900	-1475.166	-1571.505	96.33878	0.7065056	0.5061674	4.271215
39906	-1481.121	-1576.675	95.55446	0.7994578	0.6093604	4.571768
39912	-1478.769	-1573.808	95.03839	0.5957186	0.517786	5.051219
39918	-1476.785	-1572.146	95.36069	0.7625767	0.5710924	4.732525
39924	-1484.417	-1579.167	94.7498	0.591941	0.5710924	5.167222
39930	-1479.788	-1574.071	94.28259	0.6668933	0.5710924	5.383893
39936	-1491.166	-1586.146	94.97979	0.5380876	0.5710924	5.069623
39942	-1494.435	-1588.68	94.24526	0.7014003	0.8207158	5.204191
39948	-1495.013	-1590.993	95.98032	0.8495684	0.6420661	4.277436
39954	-1488.824	-1584.04	95.21609	0.9039347	0.7392074	4.605426
39960	-1502.551	-1597.026	94.47567	0.7485504	0.6892248	5.140321
39966	-1495.494	-1591.613	96.11837	0.9386778	0.6947128	4.108251
39972	-1499.932	-1595.653	95.72112	0.745789	0.6022159	4.514078
39978	-1501.393	-1595.925	94.53122	0.5340621	0.665288	5.24591
39984	-1488.655	-1583.216	94.56064	0.5329496	0.5480513	5.323831
39990	-1494.012	-1588.377	94.36526	0.3382188	0.6926882	5.425409
39996	-1490.269	-1584.405	94.13575	0.5809951	0.6926882	5.418102
40002	-1487.113	-1581.463	94.34979	0.5285078	0.577154	5.418102
40008	-1488.713	-1583.555	94.84225	0.5925907	0.6456238	5.056125
40014	-1488.855	-1583.705	94.85053	0.5350316	0.5666261	5.146694
40020	-1501.047	-1596.438	95.39113	0.6847641	0.5214162	4.802122
40026	-1483.534	-1579.832	96.29738	0.6332414	0.5562266	4.291196
40032	-1503.068	-1598.874	95.80613	0.672994	0.5637078	4.539344
40038	-1494.054	-1589.503	95.44943	0.6245024	0.5637078	4.766337
40044	-1492.076	-1585.843	93.76671	0.5645531	0.5080798	5.777715
40050	-1490.972	-1588.442	97.46935	0.813774	0.602908	3.474614
40056	-1492.902	-1589.095	96.19319	0.7682339	0.602908	4.234331
40062	-1495.583	-1591.187	95.60333	0.725658	0.5771034	4.612284
40068	-1489.766	-1585.257	95.49158	0.6728002	0.5307325	4.744395
40074	-1495.854	-1590.368	94.5145	0.5754333	0.7100284	5.199662
40080	-1480.085	-1574.603	94.51823	0.5633043	0.7165772	5.199662
40086	-1482.247	-1577.3	95.05373	0.6792713	0.4961329	5.016008
40092	-1474.108	-1569.204	95.09547	0.6375254	0.4961329	5.016008
40098	-1481.027	-1576.066	95.03859	0.7088811	0.6873908	4.850933
40104	-1483.329	-1578.522	95.19321	0.6569644	0.7033476	4.781995
40110	-1482.039	-1577.324	95.28482	0.621236	0.5901046	4.838001
40116	-1491.237	-1587.196	95.95959	0.7735158	0.6307189	4.341125
40122	-1489.723	-1584.803	95.08075	0.6063827	0.7039065	4.872531
40128	-1490.089	-1585.781	95.69201	0.6329822	0.390637	4.792202
40134	-1486.655	-1582.546	95.89071	0.5071853	0.4076458	4.733134
40140	-1490.371	-1584.601	94.22957	0.5097321	0.5851501	5.488072
40146	-1484.719	-1580.31	95.59095	0.6137367	0.5851501	4.675228
40152	-1498.129	-1593.301	95.17207	0.3454045	0.5851501	5.058201
40158	-1484.238	-1578.302	94.06425	0.3441146	0.5887641	5.666906
40164	-1485.76	-1579.509	93.74898	0.3719888	0.5887641	5.824298
40170	-1487.015	-1581.858	94.8429	0.5966101	0.4766802	5.196855
40176	-1484.514	-1579.134	94.61977	0.5966101	0.6202228	5.196855
40182	-1492.179	-1586.144	93.9649	0.4322425	0.7820275	5.532326
40188	-1485.518	-1582.056	96.53818	0.8898995	0.5489342	4.014796
40194	-1477.092	-1571.361	94.26881	0.3947045	0.4686685	5.63194
40200	-1485.781	-1580.242	94.46045	0.7121551	0.4686685	5.351893
40206	-1493.309	-1590.221	96.91167	0.9254192	0.4686685	3.855706
40212	-1493.102	-1587.532	94.42985	0.3601333	0.4339478	5.596364
40218	-1489.492	-1586.176	96.68446	0.8407056	0.5598155	3.949717
40224	-1489.765	-1585.978	96.21227	0.7389782	0.4241021	4.405098
40230	-1480.609	-1575.283	94.67423	0.4974959	0.766294	5.115366
40236	-1478.783	-1575.575	96.79261	0.6196662	0.4393378	4.128181
40242	-1482.012	-1576.865	94.85319	0.7592411	0.4882612	5.090211
40248	-1491.567	-1588.821	97.25364	0.9674942	0.8123932	3.351807
40254	-1487.675	-1584.866	97.19053	0.9674942	0.8533421	3.361321
40260	-1493.483	-1589.159	95.67593	1.068818	0.4455136	4.499451
40266	-1498.627	-1594.816	96.1893	0.8926606	0.3942124	4.363356
40272	-1482.776	-1578.413	95.63669	0.7132701	0.4598607	4.706644
40278	-1480.49	-1574.727	94.23682	0.4857097	0.4307084	5.636635
40284	-1491.288	-1584.723	93.43538	0.4619303	0.4876832	6.03324
40290	-1489.622	-1587.55	97.92739	0.9655592	0.6613883	3.06621
40296	-1483.485	-1580.63	97.14443	0.8581033	0.5097123	3.720696
40302	-1477.91	-1575.296	97.38529	0.8506669	0.3943781	3.704326
40308	-1482.61	-1579.217	96.60713	0.8042852	0.5298645	4.041377
40314	-1493.183	-1589.17	95.98769	0.6030008	0.5298645	4.506171
40320	-1491.134	-1587.322	96.1888	0.8118464	0.5449097	4.261452
40326	-1491.657	-1587.351	95.69351	0.8855346	0.633932	4.425533
40332	-1489.335	-1584.878	95.54296	0.7581144	0.4527253	4.741014
40338	-1483.202	-1579.259	96.05641	0.5489295	0.5173843	4.50917
40344	-1492.414	-1588.953	96.53946	0.6112516	0.4960014	4.220978
40350	-1490.694	-1586.644	95.95042	0.7655001	0.4903123	4.472007
40356	-1485.129	-1581.359	96.23013	0.633927	0.6189272	4.276473
40362	-1475.587	-1571.515	95.92758	0.6096993	0.3961225	4.667532
40368	-1483.272	-1578.865	95.59283	0.5899982	0.6095614	4.667532
40374	-1490.309	-1584.428	94.11917	0.4561853	0.6002143	5.566054
40380	-1495.27	-1589.411	94.14158	0.5413215	0.6427791	5.47374
40386	-1502.094	-1597.615	95.5211	0.3218842	0.5781852	4.882997
40392	-1488.566	-1582.885	94.31875	0.4437864	0.4579748	5.587822
40398	-1494.519	-1588.604	94.08478	0.6777514	0.4579748	5.587822
40404	-1488.333	-1581.962	93.62904	0.5231048	0.5700782	5.822482
40410	-1492.008	-1586.005	93.99643	0.4103331	0.418022	5.822482
40416	-1496.703	-1590.286	93.58356	0.3853422	0.6731565	5.84268
40422	-1489.521	-1582.143	92.62263	0.387045	0.6095843	6.412938
40428	-1490.286	-1584.97	94.68364	0.7733225	0.7296415	4.982297
40434	-1470.943	-1566.07	95.12683	0.6650019	0.5193818	4.962182
40440	-1473.23	-1566.514	93.28333	0.5506393	0.552025	6.011291
40446	-1479.294	-1574.89	95.59592	0.55235	0.5449273	4.740939
40452	-1478.53	-1573.167	94.63729	0.4512489	0.423708	5.442562
40458	-1499.907	-1596.841	96.93413	0.9772887	0.5731519	3.715989
40464	-1497.008	-1590.111	93.10354	0.6963422	0.5731519	6.012342
40470	-1489.358	-1584.314	94.95622	0.7210781	0.7668098	4.833978
40476	-1481.162	-1575.023	93.86101	0.7379341	0.5563893	5.58903
40482	-1482.046	-1578.427	96.38173	0.6697765	0.5563893	4.222566
40488	-1476.381	-1570.244	93.86352	0.31296	0.6321163	5.759848
40494	-1481.965	-1577.059	95.09442	0.4375869	0.4314534	5.189931
40500	-1489.537	-1582.575	93.03756	0.7295352	0.4635068	6.126738
40506	-1487.006	-1583.353	96.34749	0.5765068	0.4812684	4.363293
40512	-1485.964	-1581.49	95.52593	0.7380478	0.7099929	4.54543
40518	-1489.226	-1582.379	93.15342	0.3859951	0.6567754	6.089145
40524	-1494.273	-1588.48	94.20655	0.6790562	0.8438115	5.22331
40530	-1482.322	-1578.343	96.02024	0.9213603	0.4955011	4.339836
40536	-1484.415	-1580.64	96.2251	0.9893487	0.9703049	3.836511
40542	-1475.136	-1572.075	96.93862	0.8093564	0.5433053	3.836511
40548	-1488.295	-1585.437	97.14138	0.7834217	0.5988777	3.686264
40554	-1500.828	-1594.218	93.39003	0.4029201	0.5827898	6.008277
40560	-1489.585	-1583.473	93.88744	0.4713037	0.5827898	5.698951
40566	-1490.723	-1585.573	94.85079	0.5276586	0.4121864	5.294607
40572	-1485.002	-1581.489	96.48645	0.8788444	0.5459987	4.053231
40578	-1481.174	-1575.307	94.13307	0.7919784	0.8239819	5.214052
40584	-1498.27	-1592.413	94.14254	0.1221382	0.4984919	5.822781
40590	-1489.692	-1583.731	94.0393	0.6497219	0.6226556	5.485869
40596	-1476.242	-1571.18	94.9382	0.7795503	0.6940533	4.86262
40602	-1496.3	-1589.973	93.67313	0.6461212	0.4899225	5.800742
40608	-1503.157	-1597.317	94.15937	0.7941987	0.5415769	5.406592
40614	-1486.823	-1579.484	92.66101	0.5743994	0.4195134	6.458613
40620	-1482.929	-1579.242	96.31301	0.9314721	0.6206779	4.058907
40626	-1481.432	-1578.181	96.74948	0.6951517	0.6206779	3.944546
40632	-1478.569	-1575.52	96.95121	0.7848037	0.4579685	3.9244
40638	-1475.028	-1571.527	96.49928	0.7848037	0.5351792	4.109156
40644	-1482.55	-1577.903	95.35357	0.6860392	0.7320263	4.655553
40650	-1497.263	-1592.797	95.53415	0.5921876	0.581345	4.722227
40656	-1481.716	-1576.779	95.0636	0.598872	0.581345	4.980817
40662	-1477.657	-1572.432	94.7747	0.598872	0.581345	5.141104
40668	-1478.176	-1572.177	94.00076	0.6720745	0.7477873	5.403593
40674	-1481.048	-1576.498	95.44993	0.7502649	0.4181602	4.83245
40680	-1482.488	-1578.073	95.58482	0.7204859	0.6726307	4.549776
40686	-1496.224	-1590.406	94.18261	0.7261485	0.9547976	5.143968
40692	-1504.09	-1599.367	95.27708	0.5732952	0.6269004	4.839513
40698	-1493.769	-1590.363	96.5935	0.7664163	0.4634264	4.133641
40704	-1495.441	-1589.7	94.25929	0.5411028	0.7126954	5.357689
40710	-1488.136	-1581.849	93.71339	0.497062	0.6098753	5.758523
40716	-1480.084	-1573.571	93.48763	0.5444001	0.7434138	5.758523
40722	-1494.613	-1588.172	93.5587	0.740692	0.7352086	5.617578
40728	-1485.594	-1579.709	94.11486	0.5261121	0.6150709	5.518227
40734	-1481.59	-1575.961	94.37048	0.7598783	0.692945	5.189581
40740	-1484.458	-1578.992	94.53417	0.5036397	0.5288408	5.371232
40746	-1486.237	-1582.036	95.79901	0.5481635	0.4706006	4.69776
40752	-1479.766	-1575.197	95.43087	0.6654966	0.6275423	4.701613
40758	-1475.242	-1570.329	95.08652	0.4848325	0.6549425	4.973204
40764	-1482.499	-1577.383	94.88438	0.711236	0.4060857	5.18096
40770	-1490.138	-1585.599	95.46097	0.3893078	0.5013064	4.946061
40776	-1493.102	-1588.93	95.82768	0.6339695	0.6870783	4.451035
40782	-1495.693	-1592.718	97.02571	0.9068052	0.758115	3.558523
40788	-1482.387	-1579.152	96.76474	0.6644302	0.7163346	3.879563
40794	-1483.515	-1578.948	95.43245	0.6049721	0.604014	4.753343
40800	-1499.709	-1594.415	94.70569	0.7727187	0.5621394	5.099026
40806	-1483.667	-1578.132	94.46464	0.6901354	0.6067718	5.241565
40812	-1485.457	-1579.943	94.48595	0.6357837	0.4857134	5.363893
40818	-1475.801	-1570.076	94.27569	0.1253224	0.4912836	5.75474
40824	-1475.368	-1569.039	93.67095	0.4112227	0.7092873	5.75474
40830	-1470.362	-1565.365	95.00323	0.5196276	0.6248784	5.023338
40836	-1478.836	-1573.87	95.03347	0.8660459	0.6108247	4.82486
40842	-1476.512	-1574.285	97.77306	0.8761265	0.4821981	3.370884
40848	-1478.243	-1575.943	97.69912	1.158532	0.7497083	3.018907
40854	-1491.535	-1589.091	97.5553	1.24387	0.4388469	3.327349
40860	-1500.673	-1596.927	96.25404	1.096563	1.241018	3.612449
40866	-1494.908	-1591.051	96.14329	0.9101201	0.7015724	4.105229
40872	-1490.349	-1587.577	97.22826	0.8953071	0.5557048	3.608486
40878	-1491.071	-1587.748	96.67709	1.020118	0.5557048	3.854665
40884	-1478.383	-1574.861	96.47743	0.8913908	0.5475141	4.049879
40890	-1479.211	-1574.922	95.71102	0.6475754	0.5185738	4.646595
40896	-1485.887	-1581.984	96.09671	0.6386318	0.6288954	4.341308
40902	-1487.137	-1583.997	96.8605	0.7621275	0.7494449	3.744249
40908	-1486.466	-1581.7	95.23436	0.5257341	0.7494449	4.799681
40914	-1481.407	-1577.581	96.17468	0.7048126	0.5677962	4.310157
40920	-1488.963	-1584.827	95.86361	0.5657296	0.6415343	4.503866
40926	-1476.164	-1571.148	94.98468	0.5836662	0.5847192	5.030322
40932	-1472.483	-1566.689	94.20628	0.7961424	0.5738009	5.352459
40938	-1472.814	-1569.062	96.24822	0.7974681	0.5818828	4.204033
40944	-1482.699	-1579.162	96.46321	0.8461056	0.675768	3.978601
40950	-1482.114	-1577.805	95.69016	0.880198	0.5816433	4.472873
40956	-1492.694	-1586.276	93.58155	0.6388624	0.5816433	5.775656
40962	-1489.432	-1584.206	94.77455	0.6684739	0.6865439	5.020939
40968	-1480.123	-1574.954	94.83133	0.4844694	0.5709309	5.181719
40974	-1484.788	-1580.356	95.56766	0.5712632	0.4607059	4.82371
40980	-1490.001	-1585.566	95.56483	0.5636976	0.5591674	4.739693
40986	-1478.836	-1573.341	94.50516	0.7584422	0.7950607	5.045242
40992	-1481.498	-1575.719	94.22191	0.4979396	0.586169	5.497944
40998	-1476.607	-1570.963	94.35604	0.5929276	0.6884028	5.293137
41004	-1487.14	-1580.757	93.61619	0.4999474	0.595718	5.821363
41010	-1485.375	-1581.012	95.63721	0.6371562	0.4233785	4.785642
41016	-1491.764	-1586.931	95.16639	0.4172243	0.6002024	5.00923
41022	-1486.843	-1580.818	93.97458	0.375771	0.4559001	5.815728
41028	-1490.393	-1583.987	93.59441	0.4092451	0.6840719	5.815728
41034	-1487.062	-1581.173	94.11072	0.457864	0.4235139	5.728303
41040	-1490.609	-1585.576	94.96635	0.6471161	0.4550457	5.12135
41046	-1485.411	-1580.616	95.20493	0.6478823	0.5776842	4.87794
41052	-1485.249	-1579.441	94.19241	0.4983343	0.6343592	5.475865
41058	-1483.372	-1579.281	95.90835	0.7519641	0.6358924	4.378146
41064	-1482.534	-1578.179	95.64498	0.7519641	0.7791599	4.422157
41070	-1493.518	-1588.139	94.62073	0.3810162	0.7791599	5.200852
41076	-1491.532	-1587.34	95.80785	0.7417426	0.7438449	4.360414
41082	-1491.947	-1586.95	95.00262	0.70264	0.5159689	5.013351
41088	-1494.956	-1591.116	96.16037	0.671101	0.5646419	4.340006
41094	-1498.462	-1590.175	91.71253	0.6033536	0.4964649	6.882462
41100	-1489.641	-1584.19	94.54851	0.6033536	0.4964649	5.337345
41106	-1489.725	-1585.024	95.2986	0.6470485	0.4964649	4.897446
41112	-1498.888	-1597.995	99.10727	1.112415	0.3862974	2.529674
41118	-1493.975	-1591.204	97.22983	1.112415	0.5247207	3.509506
41124	-1486.38	-1583.743	97.36326	0.82818	0.565606	3.560271
41130	-1484.751	-1580.366	95.61556	0.8283177	0.6288884	4.505619
41136	-1478.665	-1573.866	95.20122	0.6577627	0.5951918	4.860084
41142	-1480.577	-1574.539	93.96235	0.4840961	0.7094826	5.554793
41148	-1480.542	-1575.086	94.54359	0.6249556	0.5252276	5.302281
41154	-1477.977	-1572.522	94.5447	0.5854648	0.5515564	5.300651
41160	-1487.915	-1582.567	94.65281	0.4746057	0.5182648	5.331146
41166	-1483.054	-1577.777	94.72296	0.5227157	0.448473	5.331146
41172	-1485.408	-1580.559	95.15096	0.842756	0.434837	4.930333
41178	-1485.857	-1582.561	96.70381	0.986949	0.5767305	3.840063
41184	-1490.772	-1586.722	95.95043	0.8054916	1.145406	4.002962
41190	-1486.864	-1584.068	97.20464	0.7767601	0.7355522	3.546372
41196	-1491.044	-1587.347	96.30256	0.8596948	0.6568899	4.077083
41202	-1486.591	-1583.171	96.57998	0.8214067	0.4019488	4.173974
41208	-1485.865	-1582.065	96.19954	0.6371847	0.7781864	4.173974
41214	-1474.363	-1569.346	94.98346	0.6590404	0.743881	4.86911
41220	-1475.607	-1570.464	94.85718	0.5754381	0.5685636	5.119002
41226	-1485.983	-1579.531	93.54807	0.5205795	0.5685636	5.869386
41232	-1482.446	-1578.041	95.59544	0.7112327	0.6791161	4.544146
41238	-1483.08	-1578.651	95.57046	0.7061923	0.7019572	4.544146
41244	-1485.926	-1582.386	96.45944	0.7061923	0.5413133	4.171038
41250	-1482.503	-1578.481	95.97795	0.5295888	0.6524207	4.451416
41256	-1474.879	-1571.963	97.08461	0.8612828	0.6524207	3.630279
41262	-1485.137	-1583.165	98.02791	1.249379	0.6524207	2.842222
41268	-1479.888	-1576.681	96.79238	1.029502	0.4336209	3.900162
41274	-1486.556	-1581.045	94.48923	0.7531567	0.6742801	5.141237
41280	-1485.795	-1580.436	94.64115	0.6858011	0.6131376	5.141237
41286	-1479.785	-1574.655	94.8706	0.5330367	0.7636599	4.988455
41292	-1474.977	-1569.824	94.84775	0.7214735	0.7353969	4.915826
41298	-1478.351	-1573.238	94.88687	0.8034269	0.7353969	4.848381
41304	-1484.072	-1580.388	96.3163	0.8262414	0.6362675	4.1045
41310	-1481.269	-1577.405	96.13627	0.9898426	0.5759264	4.16341
41316	-1483.784	-1581.266	97.48176	1.077003	0.4390174	3.468117
41322	-1475.487	-1572.993	97.50617	1.077003	0.5246753	3.368585
41328	-1481.191	-1576.702	95.51134	0.7692962	0.4811299	4.724901
41334	-1481.613	-1576.702	95.08925	0.6578835	0.8649333	4.731196
41340	-1477.668	-1572.488	94.82027	0.5929864	0.6605015	5.056803
41346	-1477.882	-1573.476	95.59354	0.4965823	0.6605015	4.679611
41352	-1473.682	-1569.38	95.69824	0.5574891	0.5463256	4.679611
41358	-1474.537	-1568.734	94.19764	0.6187357	0.604794	5.429834
41364	-1481.966	-1577.498	95.53206	0.5755316	0.6114312	4.708141
41370	-1475.713	-1570.816	95.10263	0.6023018	0.8023024	4.794849
41376	-1485.191	-1580.539	95.34734	0.8233015	0.4722295	4.794849
41382	-1493.22	-1589.289	96.06904	0.5936493	0.4388888	4.552276
41388	-1483.219	-1578.868	95.64852	0.7789009	0.5846518	4.550735
41394	-1487.643	-1583.42	95.77703	0.8063681	0.4858605	4.550735
41400	-1494.215	-1587.484	93.26922	0.5751585	0.8185437	5.811806
41406	-1481.698	-1574.826	93.12814	0.4050886	0.5753618	6.155802
41412	-1472.789	-1568.348	95.55931	0.668895	0.6175004	4.635751
41418	-1486.714	-1581.247	94.53306	0.4368196	0.5263583	5.410847
41424	-1485.627	-1577.671	92.04357	0.5689206	0.6210321	6.61918
41430	-1482.942	-1575	92.05782	0.3434548	0.7833009	6.61918
41436	-1486.401	-1579.835	93.43399	0.22438	0.4559744	6.193086
41442	-1499.561	-1598.217	98.65548	1.168334	0.6525088	2.505937
41448	-1498.184	-1596.579	98.395	1.168334	0.6805478	2.644109
41454	-1479.034	-1577.769	98.73575	1.156511	0.6868713	2.434077
41460	-1480.017	-1577.609	97.5915	1.088332	0.7858129	3.098943
41466	-1489.964	-1587.179	97.21512	1.103532	0.8548701	3.265721
41472	-1500.334	-1597.051	96.71728	1.19766	1.194169	3.306168
41478	-1490.374	-1588.461	98.08678	1.133622	0.5849069	2.934719
41484	-1501.479	-1597.727	96.2485	0.5894714	0.6058199	4.301866
41490	-1496.175	-1595.178	99.00324	1.422299	0.5695435	2.199423
41496	-1491.337	-1589.861	98.5246	1.460317	0.8201964	2.270666
41502	-1502.464	-1596.346	93.88244	0.4904775	0.755139	5.5636
41508	-1498.81	-1593.723	94.9135	0.4861592	0.4722112	5.223134
41514	-1499.753	-1597.452	97.69879	0.8399602	0.6920801	3.252306
41520	-1486.343	-1581.504	95.16071	0.668566	0.4722112	4.984997
41526	-1480.522	-1573.971	93.44823	0.5144177	0.4867006	5.998514
41532	-1505.258	-1598.985	93.72659	0.5983895	0.5254245	5.765814
41538	-1489.302	-1582.874	93.57159	0.6535536	0.5935911	5.763415
41544	-1479.576	-1574.059	94.48242	0.5433769	0.4861824	5.416328
41550	-1483.022	-1577.305	94.28274	0.4104698	0.6220379	5.484046
41556	-1487.726	-1581.377	93.65147	0.3496071	0.6578939	5.836353
41562	-1487.508	-1581.17	93.66154	0.3517078	0.4632807	5.992807
41568	-1479.294	-1573.695	94.40078	0.4947331	0.4556839	5.516966
41574	-1476.826	-1572.414	95.58758	0.8548826	0.6359024	4.50089
41580	-1470.971	-1567.026	96.05537	0.8548826	0.5823779	4.280386
41586	-1472.118	-1567.543	95.42473	0.7289548	0.5823779	4.706073
41592	-1479.845	-1575.631	95.78575	0.5626755	0.461322	4.706073
41598	-1486.051	-1580.082	94.03097	0.4722571	0.504751	5.686501
41604	-1482.547	-1576.691	94.1437	0.4900478	0.4295424	5.686501
41610	-1481.172	-1576.718	95.54563	0.723641	0.6943419	4.553868
41616	-1481.868	-1577.522	95.65373	0.7184768	0.3658503	4.793545
41622	-1477.577	-1573.456	95.87875	0.8431477	0.4910772	4.467921
41628	-1481.469	-1577.161	95.69215	0.7223525	0.4910772	4.640577
41634	-1489.39	-1583.834	94.44423	0.5276077	0.4824901	5.44948
41640	-1489.95	-1586.165	96.21472	0.5874153	0.4545418	4.45811
41646	-1485.79	-1580.879	95.08811	0.6463424	0.7314092	4.826557
41652	-1490.837	-1586.129	95.29193	0.6942945	0.5704524	4.809606
41658	-1493.099	-1588.177	95.07842	0.6870892	0.3155023	5.190745
41664	-1471.176	-1566.557	95.38023	0.6685036	0.4898414	4.84617
41670	-1477.963	-1572.272	94.30905	0.7040511	0.4786487	5.430357
41676	-1479.74	-1573.288	93.5483	0.6577147	0.6793536	5.708365
41682	-1483.33	-1576.909	93.57841	0.546567	0.729256	5.717338
41688	-1475.35	-1570.06	94.70992	0.6690402	0.4845721	5.22293
41694	-1483.878	-1578.588	94.70991	0.6793217	0.5413391	5.166205
41700	-1486.83	-1583.319	96.48927	0.789136	0.4292956	4.21463
41706	-1486.767	-1582.454	95.68697	0.6775945	0.5758189	4.593405
41712	-1494.963	-1591.785	96.82175	0.6882244	0.5758189	3.944558
41718	-1477.842	-1574.437	96.59504	0.8068014	0.6513445	3.944558
41724	-1482.4	-1577.827	95.42746	0.5151225	0.3991951	4.995906
41730	-1485.327	-1579.803	94.47645	0.7881327	0.6346994	5.158892
41736	-1484.515	-1579.323	94.80848	0.5966702	0.5396084	5.158892
41742	-1493.842	-1587.161	93.31901	0.6618262	0.4078207	6.065514
41748	-1488.43	-1581.046	92.61622	0.6307728	0.6214317	6.274944
41754	-1481.153	-1577.092	95.93877	0.8034571	0.7310319	4.260535
41760	-1482.123	-1576.738	94.61452	0.5020418	0.6652542	5.217586
41766	-1475.572	-1570.493	94.92059	0.5696595	0.5118419	5.136315
41772	-1475.199	-1571.243	96.04394	0.7150719	0.5422368	4.400391
41778	-1484.259	-1578.801	94.54227	0.8384534	0.8759929	4.928722
41784	-1473.215	-1568.405	95.18954	0.7096379	0.4906446	4.928722
41790	-1479.416	-1575.852	96.43676	0.6943097	0.433698	4.293544
41796	-1479.212	-1575.577	96.36557	0.9573237	0.621999	4.013092
41802	-1485.09	-1578.656	93.56605	0.4480738	0.4905468	5.966902
41808	-1482.958	-1578.703	95.74545	0.8871129	0.5659921	4.451072
41814	-1483.704	-1577.596	93.89229	0.532855	0.5659921	5.67636
41820	-1481.618	-1574.359	92.74186	0.532855	0.6594289	6.231224
41826	-1489.189	-1582.431	93.24142	0.4256745	0.5022854	6.145402
41832	-1487.574	-1580.233	92.65902	0.3725666	0.557705	6.442775
41838	-1489.59	-1584.907	95.31682	0.5621577	0.4834831	4.946667
41844	-1480.166	-1576.286	96.12047	0.747098	0.6052528	4.285582
41850	-1481.165	-1577.36	96.195	0.6604028	0.6137137	4.285582
41856	-1474.06	-1567.834	93.7745	0.6006836	0.5043995	5.756972
41862	-1483.732	-1578.272	94.54029	0.6672158	0.5043995	5.299403
41868	-1478.243	-1571.909	93.6661	0.3745591	0.5387331	5.909766
41874	-1484.324	-1580.656	96.33111	0.623916	0.5522938	4.280807
41880	-1498.202	-1592.551	94.34922	0.2297456	0.4506977	5.695583
41886	-1484.767	-1578.744	93.97651	0.5703857	0.4689981	5.695583
41892	-1476.092	-1572.313	96.22102	0.5036713	0.4294842	4.527069
41898	-1484.658	-1577.978	93.32001	0.7210963	0.6584044	5.814078
41904	-1482.516	-1576.256	93.74049	0.5250532	0.5034619	5.817822
41910	-1478.623	-1573.587	94.96424	0.5418847	0.5827492	5.066476
41916	-1485.013	-1580.792	95.77885	0.6750134	0.6883061	4.454505
41922	-1478.299	-1574.37	96.07095	0.7739816	0.6883061	4.23353
41928	-1490.433	-1585.171	94.73845	0.4291659	0.5175853	5.309569
41934	-1496.549	-1590.834	94.28481	0.5002212	0.7958858	5.309569
41940	-1475.335	-1571.085	95.75047	0.7058439	0.6159316	4.508946
41946	-1480.977	-1577.283	96.30654	0.8689571	0.4762898	4.22577
41952	-1489.903	-1584.439	94.53629	0.7202857	0.8046932	5.042832
41958	-1490.441	-1586.527	96.08598	0.8940085	0.6296467	4.202166
41964	-1490.692	-1585.558	94.86573	0.7033247	0.7257969	4.922661
41904	-1516.659	-1610.638	93.97863	0.4852063	0.5874415	5.637549
41910	-1496.789	-1592.326	95.53787	0.6714442	0.6861889	4.593544
41916	-1484.542	-1580.008	95.46522	0.7193104	0.5120851	4.74987
41922	-1488.237	-1583.828	95.59118	0.6184923	0.4967845	4.74987
41928	-1488.351	-1584.079	95.72794	0.5743479	0.4431637	4.74987
41934	-1482.943	-1578.41	95.46714	0.7169648	0.5410121	4.724316
41940	-1487.808	-1582.5	94.69221	0.7042061	0.8901093	4.911363
41946	-1485.526	-1579.598	94.07165	0.7743016	0.8901093	5.216762
41952	-1485.43	-1580.58	95.15042	0.765705	0.4742442	4.93476
41958	-1485.93	-1581.139	95.2086	0.8197222	0.6899827	4.692163
41964	-1484.941	-1580.261	95.3197	0.8380916	0.5964752	4.692163
41970	-1497.995	-1593.094	95.09902	0.8441878	0.7569489	4.692163
41976	-1493.982	-1590.907	96.92438	1.012292	0.7393603	3.569619
41982	-1478.972	-1573.821	94.849	0.650207	0.6190338	5.041065
41988	-1487.767	-1582.509	94.74118	0.6512802	0.6974525	5.041065
41994	-1497.559	-1593.263	95.70366	0.8012867	0.576327	4.514129
42000	-1490.131	-1585.862	95.73086	0.8209582	0.5456001	4.514129
42006	-1511.019	-1606.275	95.25652	0.7221674	0.6543016	4.746661
42012	-1496.146	-1592.039	95.89361	0.5898051	0.5298065	4.566505
42018	-1489.505	-1585.255	95.7507	0.7691829	0.7356217	4.382992
42024	-1493.31	-1590.301	96.99061	0.7360762	0.6638802	3.748051
42030	-1499.18	-1595.324	96.1439	0.9196843	0.6934083	4.105499
42036	-1497.027	-1593.49	96.46353	0.8032728	0.603176	4.060488
42042	-1493.163	-1588.024	94.8615	0.62238	0.5195988	5.132891
42048	-1498.645	-1591.525	92.88001	0.7680515	0.6031853	6.070957
42054	-1484.651	-1579.558	94.90634	0.7703215	0.6031853	4.955113
42060	-1483.523	-1577.777	94.25363	0.4326499	0.6031853	5.502714
42066	-1489.209	-1583.462	94.25286	0.4326499	0.6037169	5.502714
42072	-1498.009	-1591.29	93.28032	0.5166187	0.6037169	5.989369
42078	-1490.613	-1586.478	95.86505	0.7786826	0.650883	4.375803
42084	-1490.872	-1586.763	95.89085	0.8930416	0.5542967	4.375803
42090	-1491.431	-1586.015	94.58346	0.8330743	0.4994625	5.188371
42096	-1491.774	-1586.931	95.15685	0.6903141	0.5383099	4.914656
