Iteration	Posterior	Likelihood	Prior	rate_log_sd	rate_neo	tree_length
0	-1484.663	-1579.852	95.18954	0.5703161	0.6226244	4.893319
6	-1481.15	-1575.357	94.20757	0.5857279	0.6478797	5.40908
12	-1483.469	-1577.946	94.47622	0.5691399	0.6478797	5.270024
18	-1483.197	-1576.704	93.50681	0.4243714	0.6478797	5.882054
24	-1477.132	-1571.172	94.03994	0.5721092	0.6478797	5.508841
30	-1483.265	-1576.292	93.02684	0.4267203	0.754753	6.066811
36	-1478.382	-1573.962	95.5802	0.6820594	0.6201172	4.61457
42	-1486.353	-1582.618	96.26477	0.6207327	0.8405589	4.104713
48	-1486.252	-1581.279	95.02688	0.5764527	0.5845046	5.011068
54	-1487.692	-1582.838	95.14561	0.50054	0.4852547	5.074323
60	-1483.279	-1579.43	96.15098	0.6648019	0.4642725	4.440814
66	-1479.67	-1573.251	93.5807	0.4477105	0.6813374	5.80417
72	-1483.491	-1577.614	94.1225	0.3666037	0.4952409	5.702866
78	-1485.915	-1578.461	92.54659	0.3286017	0.6371587	6.464692
84	-1488.944	-1582.889	93.94408	0.4723288	0.5428488	5.700662
90	-1497.821	-1592.226	94.40449	0.7327407	0.662969	5.207861
96	-1496.396	-1590.764	94.36799	0.5671834	0.3742372	5.579452
102	-1499.582	-1594.223	94.64029	0.7425897	0.7699989	4.995703
108	-1487.027	-1581.891	94.86455	0.6101145	0.4620189	5.191422
114	-1489.038	-1582.213	93.17424	0.5882126	0.5664845	6.038238
120	-1492.634	-1584.688	92.0539	0.3830765	0.7717721	6.607383
126	-1493.688	-1587.272	93.58342	0.5698056	0.913876	5.584334
132	-1490.652	-1582.172	91.52094	0.7255366	0.6287453	6.811031
138	-1489.721	-1583.386	93.665	0.8133893	0.7956787	5.478695
144	-1490.041	-1584.966	94.92477	0.8278363	0.7283453	4.818585
150	-1486.77	-1581.068	94.29815	0.484708	0.816109	5.297667
156	-1485.06	-1579.086	94.02594	0.4038783	0.6338917	5.619612
162	-1492.28	-1585.973	93.69306	0.2988778	0.6941083	5.814913
168	-1494.903	-1590.044	95.14093	0.5487082	0.4462925	5.087746
174	-1494.169	-1588.702	94.53277	0.7349366	0.8171817	5.028552
180	-1483.261	-1578.765	95.50417	0.6134981	0.671901	4.655577
186	-1484.525	-1580.063	95.53826	0.8211518	0.9018523	4.364465
192	-1486.887	-1581.739	94.85183	0.5850057	0.5554303	5.127751
198	-1483.739	-1578.14	94.40035	0.6593453	0.6037547	5.296494
204	-1484.834	-1579.663	94.82889	0.51604	0.437899	5.28685
210	-1492.887	-1587.575	94.68833	0.3829691	0.6078145	5.28685
216	-1490.414	-1585.012	94.59731	0.4253285	0.6422739	5.28685
222	-1491.689	-1585.019	93.33008	0.3132084	0.6778776	6.017037
228	-1480.858	-1574.194	93.33613	0.3116189	0.6745361	6.017037
234	-1480.321	-1573.989	93.66843	0.2868216	0.6366365	5.877406
240	-1491.63	-1586.854	95.22332	0.7204699	0.728019	4.712017
246	-1488.905	-1585.394	96.48942	0.8028224	0.6518384	4.006853
252	-1497.261	-1593.255	95.99415	0.8211543	0.6257118	4.298627
258	-1491.584	-1586.132	94.54808	0.5610575	0.7638265	5.151703
264	-1493.21	-1587.471	94.26115	0.499407	0.4389177	5.607564
270	-1497.909	-1591.381	93.47249	0.5097758	0.508869	5.967747
276	-1499.453	-1593.424	93.97048	0.4964105	0.508869	5.702724
282	-1486.919	-1582.482	95.56295	0.5085322	0.5060393	4.818501
288	-1481.741	-1576.06	94.31969	0.6200967	0.6271312	5.344248
294	-1482.31	-1576.143	93.83287	0.5458931	0.5287725	5.733436
300	-1491.554	-1586.787	95.23237	0.5770497	0.9513655	4.644327
306	-1492.109	-1585.745	93.63618	0.4721922	0.5127775	5.895413
312	-1500.199	-1593.509	93.30999	0.6738216	0.6323642	5.865055
318	-1489.65	-1584.461	94.81063	0.6459027	0.6323642	5.054314
324	-1493.607	-1587.371	93.76447	0.6105176	0.6323642	5.65087
330	-1502.243	-1595.929	93.68596	0.5133622	0.6323642	5.747148
336	-1498.133	-1592.286	94.15286	0.9204509	0.5142079	5.364612
342	-1491.943	-1588.051	96.10794	0.7754948	0.6010197	4.280069
348	-1495.464	-1590.59	95.1257	0.7840173	0.6443442	4.792826
354	-1491.511	-1587.738	96.22774	0.8845229	0.5284362	4.212871
360	-1482.815	-1577.578	94.76292	0.6513853	0.6188159	5.088341
366	-1488.123	-1580.245	92.12204	0.7774128	0.7052032	6.402031
372	-1480.3	-1573.612	93.31257	0.840515	0.6045326	5.794135
378	-1480.616	-1574.22	93.60381	0.7093386	0.5008446	5.794135
384	-1484.386	-1578.493	94.10686	0.4828302	0.5345859	5.612732
390	-1476.693	-1570.55	93.85679	0.6100614	0.5443689	5.67171
396	-1482.593	-1577.854	95.26093	0.4664817	0.5403093	4.979522
402	-1487.228	-1582.715	95.48641	0.5985187	0.4215023	4.893219
408	-1483.255	-1577.409	94.15366	0.5150008	0.4215023	5.675503
414	-1485.521	-1582.076	96.55469	0.7106945	0.5831365	4.078041
420	-1484.053	-1581.03	96.97661	0.8458842	0.5615892	3.777395
426	-1483.702	-1580.815	97.11338	0.8546272	0.4841502	3.765123
432	-1495.613	-1592.394	96.78065	1.019276	0.5909007	3.765123
438	-1500.657	-1597.617	96.95943	1.052318	0.6461276	3.597085
444	-1488.965	-1585.316	96.35101	1.004465	0.5489781	4.056198
450	-1485.682	-1580.669	94.98688	0.7843178	0.6146555	4.893318
456	-1480.684	-1575.303	94.61863	0.6154041	0.6146555	5.191475
462	-1482.805	-1576.847	94.04159	0.5316316	0.4832858	5.667749
468	-1486.982	-1580.546	93.56348	0.6554877	0.7264709	5.667749
474	-1498.919	-1592.228	93.30938	0.444096	0.7770879	5.888313
480	-1501.244	-1595.501	94.25697	0.5782154	0.7770879	5.294284
486	-1487.778	-1581.417	93.6392	0.5554466	0.7066173	5.695008
492	-1488.803	-1583.666	94.86344	0.6256877	0.4587301	5.186604
498	-1494.257	-1587.918	93.66089	0.5559701	0.541241	5.811302
504	-1488.619	-1582.269	93.64914	0.5101771	0.4391957	5.936426
510	-1490.933	-1585.427	94.49406	0.4513239	0.5481566	5.40546
516	-1488.715	-1582.868	94.15311	0.6870928	0.5481566	5.463379
522	-1489.857	-1583.709	93.85193	0.5320342	0.5952843	5.675039
528	-1483.791	-1579.191	95.40061	0.6779156	0.4624845	4.855652
534	-1487.845	-1584.372	96.52685	0.7855007	0.6645585	3.985473
540	-1481.445	-1576.088	94.64273	0.6672983	0.5497038	5.202835
546	-1488.681	-1582.782	94.10046	0.6601265	0.4945873	5.554487
552	-1481.333	-1575.74	94.40732	0.5753917	0.5575982	5.376871
558	-1477.061	-1571.243	94.18124	0.4616368	0.4487355	5.662458
564	-1491.811	-1585.601	93.78998	0.679558	0.528414	5.684005
570	-1483.386	-1578.271	94.88527	0.393057	0.5442742	5.225031
576	-1483.931	-1578.296	94.3648	0.6572564	0.7552474	5.205718
582	-1486.961	-1581.649	94.68786	0.6401279	0.5907038	5.158684
588	-1489.751	-1584.724	94.97244	0.6432689	0.4730025	5.102775
594	-1491.666	-1588.067	96.40113	0.6794908	0.4982443	4.2586
600	-1492.856	-1586.393	93.53702	0.7327661	0.7501866	5.623585
606	-1493.604	-1586.244	92.6402	0.5976087	0.6150116	6.2849
612	-1488.281	-1583.42	95.13866	0.6017655	0.5986714	4.923287
618	-1491.94	-1586.566	94.62612	0.4775206	0.6477567	5.237917
624	-1493.726	-1589.59	95.86415	0.8069111	0.5152516	4.474134
630	-1492.991	-1586.94	93.94863	0.4321585	0.6812655	5.611112
636	-1497.616	-1590.966	93.34937	0.3814841	0.4385681	6.170566
642	-1488.09	-1583.712	95.62286	0.6916178	0.7417961	4.494381
648	-1490.298	-1586.019	95.72137	0.5054056	0.66347	4.600781
654	-1484.924	-1579.86	94.93598	0.5674493	0.66347	5.004509
660	-1490.55	-1585.462	94.91265	0.7429256	0.5576558	5.004509
666	-1483.886	-1578.245	94.3585	0.5206035	0.6935009	5.328006
672	-1490.037	-1586.414	96.37703	0.8409549	0.5182244	4.162127
678	-1494.417	-1589.973	95.55524	0.8843927	0.5318413	4.589268
684	-1492.73	-1587.996	95.2662	0.5770604	0.7502126	4.752705
690	-1501.767	-1597.041	95.27347	0.6182072	0.5802691	4.854136
696	-1486.225	-1579.157	92.93206	0.7042424	0.8195873	5.924869
702	-1483.86	-1579.301	95.44158	0.6253905	0.5677452	4.766803
708	-1487.632	-1581.624	93.99217	0.6476322	0.6390117	5.500325
714	-1495.775	-1589.651	93.87662	0.6687771	0.4532991	5.711456
720	-1488.51	-1583.238	94.72852	0.7747774	0.5173093	5.124181
726	-1493.209	-1588.387	95.17813	0.7154691	0.4551748	4.96574
732	-1478.813	-1573.341	94.52865	0.646325	0.6318075	5.210716
738	-1489.337	-1584.161	94.82351	0.6051457	0.468422	5.210716
744	-1489.449	-1584.191	94.74224	0.7558363	0.5400683	5.10702
750	-1483.355	-1578.132	94.7764	0.5197381	0.6566496	5.124644
756	-1487.884	-1581.73	93.84658	0.4195947	0.7136276	5.650835
762	-1482.73	-1576.5	93.7704	0.4957723	0.7136276	5.650835
768	-1498.423	-1593.38	94.95633	0.6698957	0.5623487	5.016832
774	-1494.799	-1589.811	95.01196	0.6206741	0.602405	4.980217
780	-1493.303	-1589.012	95.70935	0.5073293	0.5720049	4.679495
786	-1495.293	-1589.974	94.68153	0.5035596	0.4405478	5.372403
792	-1495.94	-1592.165	96.22484	0.5669352	0.4405478	4.47801
798	-1498.361	-1591.96	93.59954	0.6955898	0.5999898	5.719965
804	-1491.692	-1585.74	94.04798	0.6658045	0.6441173	5.455723
810	-1483.975	-1578.705	94.72984	0.4505326	0.6325665	5.207143
816	-1492.033	-1587.352	95.31804	0.5496227	0.5880598	4.861083
822	-1491.874	-1586.777	94.90366	0.5399551	0.5866683	5.09792
828	-1497.666	-1591.673	94.00669	0.4801603	0.5866683	5.625545
834	-1496.996	-1591.261	94.26476	0.5531681	0.5789695	5.449853
840	-1486.51	-1581.146	94.63523	0.7061175	0.6535546	5.101931
846	-1492.44	-1587.857	95.41697	0.7391047	0.3933485	4.883445
852	-1483.506	-1578.88	95.37383	0.6267004	0.7089314	4.693908
858	-1488.344	-1583.213	94.86909	0.7460595	0.621908	4.974399
864	-1492.208	-1588.625	96.41651	0.8318574	0.5113321	4.151205
870	-1486.944	-1583.093	96.14878	0.7890063	0.5344647	4.306301
876	-1489.456	-1584.609	95.15278	0.6080423	0.6107748	4.902192
882	-1492.182	-1588.126	95.94449	0.7652349	0.5541498	4.417774
888	-1483.64	-1578.868	95.22803	0.5682189	0.6483077	4.853076
894	-1484.484	-1579.426	94.94139	0.6522452	0.5024029	5.087587
900	-1490.169	-1584.34	94.17097	0.3993889	0.5924341	5.575037
906	-1494.192	-1587.164	92.97219	0.4332441	0.5733321	6.22697
912	-1494.54	-1588.261	93.72105	0.478536	0.5125686	5.845745
918	-1484.402	-1579.274	94.87168	0.6370751	0.706578	4.969883
924	-1488.338	-1582.779	94.44144	0.7532999	0.6153123	5.212691
930	-1483.563	-1578.662	95.0983	0.5819761	0.7171106	4.86688
936	-1485.322	-1579.039	93.71711	0.5619369	0.7352385	5.628725
942	-1479.978	-1574.175	94.1973	0.5726092	0.5094415	5.535901
948	-1478.692	-1574.333	95.64042	0.6498283	0.5956605	4.618631
954	-1482.025	-1576.419	94.39466	0.7244117	0.9068591	5.055421
960	-1490.597	-1586.765	96.16745	0.9418647	0.8063143	3.999626
966	-1478.603	-1573.555	94.95217	0.757467	0.5133406	5.013285
972	-1492.256	-1587.187	94.93049	0.6474807	0.5990614	5.013285
978	-1490.181	-1585.164	94.98349	0.6928816	0.6476862	4.920326
984	-1485.011	-1580.331	95.3202	0.6245214	0.5242303	4.872749
990	-1481.751	-1576.684	94.93335	0.6260734	0.5316014	5.080401
996	-1487.965	-1584.393	96.42804	0.7150794	0.6662386	4.080767
1002	-1481.287	-1577.175	95.88724	0.7356797	0.813944	4.271209
1008	-1492.009	-1587.462	95.45291	0.5701754	0.6942995	4.691922
1014	-1487.284	-1583.029	95.74503	0.7150174	0.504946	4.602148
1020	-1481.067	-1578.189	97.1228	0.7969993	0.5732113	3.711097
1026	-1487.572	-1582.464	94.89202	0.773472	0.7178652	4.87458
1032	-1495.987	-1592.192	96.20484	0.6993184	0.5329171	4.326697
1038	-1493.805	-1587.346	93.54088	0.7794847	0.5102853	5.781711
1044	-1502.365	-1599.326	96.96107	0.8928387	0.6462033	3.688501
1050	-1489.816	-1584.392	94.5755	0.6519134	0.8199051	5.049162
1056	-1485.488	-1580.342	94.85394	0.6759278	0.4562232	5.166497
1062	-1483.36	-1578.752	95.39153	0.728241	0.4464447	4.848458
1068	-1487.175	-1582.588	95.41374	0.7051094	0.502733	4.795102
1074	-1482.928	-1578.724	95.79684	0.7051094	0.6948966	4.422538
1080	-1480.544	-1576.208	95.66373	0.8954305	0.6726677	4.406867
1086	-1481.1	-1576.778	95.67803	0.9183531	0.5588759	4.477542
1092	-1471.988	-1568.157	96.16917	0.8522159	0.8355473	4.03051
1098	-1471.761	-1568.094	96.3331	0.7689908	0.5562299	4.194005
1104	-1475.491	-1570.152	94.66088	0.7760173	0.5034995	5.173415
1110	-1472.177	-1567.842	95.66521	0.6696295	0.4436548	4.73118
1116	-1477.205	-1571.191	93.98565	0.8157857	0.7411218	5.337265
1122	-1479.435	-1575.277	95.84287	0.8546102	0.6458298	4.349379
1128	-1469.715	-1565.982	96.26687	0.77204	0.5251044	4.257464
1134	-1469.211	-1564.256	95.04496	0.7542226	0.5194911	4.957993
1140	-1467.655	-1561.823	94.1677	0.5982774	0.6735116	5.404971
1146	-1477.507	-1572.738	95.23085	0.8810562	0.8077418	4.563429
1152	-1472.872	-1568.316	95.44338	0.8939615	0.5255192	4.652258
1158	-1471.675	-1567.265	95.58983	0.7815402	0.4143875	4.740834
1164	-1471.004	-1567.537	96.53259	0.8484508	0.4013702	4.186161
1170	-1491.06	-1587.157	96.09706	0.6967821	0.4013702	4.517891
1176	-1490.259	-1586.575	96.31621	0.7751967	0.6035048	4.16006
1182	-1492.722	-1588.788	96.066	0.9571732	0.6519685	4.16006
1188	-1481.966	-1577.147	95.18105	0.5158004	0.6158517	4.933754
1194	-1487.047	-1583.494	96.44695	0.8175297	0.516291	4.137468
1200	-1491.834	-1588.332	96.49726	0.7368286	0.5744274	4.103269
1206	-1475.953	-1571.275	95.32112	0.8381753	0.7161013	4.599794
1212	-1468.488	-1564.373	95.88487	0.6365382	0.6939894	4.412233
1218	-1475.099	-1569.987	94.8875	0.7090056	0.713641	4.916006
1224	-1479.759	-1574.567	94.80731	0.5060927	0.4891275	5.254925
1230	-1483.026	-1577.314	94.28824	0.6496016	0.7187663	5.277543
1236	-1486.186	-1580.009	93.82237	0.6084334	0.7187663	5.556847
1242	-1494.417	-1588.031	93.61453	0.5814971	0.5222406	5.839155
1248	-1492.408	-1586.498	94.09011	0.5431963	0.4797698	5.638068
1254	-1489.537	-1584.4	94.86268	0.6747304	0.4941974	5.126284
1260	-1493.257	-1587.798	94.54119	0.4126376	0.5673152	5.384641
1266	-1488.244	-1582.866	94.62207	0.3683955	0.5434619	5.384641
1272	-1492.657	-1587.326	94.66862	0.3602725	0.6107552	5.307928
1278	-1480.164	-1574.07	93.90589	0.4513469	0.6107552	5.6774
1284	-1482.84	-1575.896	93.05533	0.6391707	0.5519115	6.087403
1290	-1476.532	-1571.585	95.05388	0.6295924	0.5898941	4.962111
1296	-1479.702	-1575.644	95.94195	0.6535201	0.4665264	4.562531
1302	-1472.362	-1567.183	94.82149	0.6385134	0.4425251	5.218643
1308	-1472.297	-1565.781	93.48408	0.6385134	0.4314686	5.964145
1314	-1482.016	-1576.253	94.23691	0.5241518	0.5150026	5.535794
1320	-1485.837	-1581.543	95.70655	0.6296268	0.5190592	4.658716
1326	-1485.026	-1580.579	95.55265	0.6349809	0.6172059	4.658716
1332	-1486.414	-1582.07	95.65616	0.6439599	0.6172059	4.595657
1338	-1483.376	-1577.927	94.55069	0.6059228	0.5569267	5.281487
1344	-1486.089	-1582.309	96.2203	0.754202	0.5689407	4.255392
1350	-1483.101	-1580.233	97.13184	0.7866316	0.6339154	3.661007
1356	-1487.368	-1583.501	96.13255	0.6545812	0.7040563	4.254632
1362	-1486.715	-1581.009	94.29329	0.2480447	0.5962314	5.587925
1368	-1494.833	-1587.56	92.72686	0.1232318	0.5962314	6.509904
1374	-1488.013	-1580.087	92.07351	0.0432285	0.5892983	6.911601
1380	-1488.337	-1581.499	93.16203	0.07238277	0.5892983	6.306996
1386	-1496.845	-1589.922	93.07738	0.1305689	0.6074623	6.306996
1392	-1493.894	-1586.941	93.04709	0.3481841	0.487035	6.306996
1398	-1493.179	-1587.142	93.96231	0.4811908	0.487035	5.73538
1404	-1491.74	-1587.819	96.07984	0.6206178	0.7291001	4.285568
1410	-1498.271	-1594.305	96.03359	0.7150207	0.8755397	4.160275
1416	-1484.082	-1580.378	96.29564	0.817182	0.5111705	4.228309
1422	-1481.775	-1575.927	94.15155	0.6826512	0.6441708	5.38936
1428	-1480.836	-1578.176	97.34003	0.9271544	0.7573173	3.363494
1434	-1480.307	-1576.787	96.48055	0.9310653	0.908669	3.76018
1440	-1476.569	-1571.584	95.01511	0.7840579	0.5230424	4.954832
1446	-1482.276	-1577.101	94.82516	0.6711234	0.5691089	5.083257
1452	-1483.182	-1578.155	94.97284	0.5233016	0.4625237	5.179051
1458	-1487.574	-1583.743	96.16935	0.6845484	0.6000391	4.297595
1464	-1492.053	-1588.367	96.31406	0.5398329	0.6000391	4.297595
1470	-1485.49	-1581.1	95.61006	0.5610179	0.5559214	4.718687
1476	-1491.077	-1585.524	94.44636	0.3988353	0.6734726	5.361336
1482	-1495.421	-1589.537	94.11584	0.5544116	0.8137144	5.361336
1488	-1489.546	-1584.864	95.318	0.7163985	0.4820661	4.86147
1494	-1482.618	-1576.198	93.58023	0.5244721	0.645056	5.78929
1500	-1480.674	-1575.755	95.08047	0.6229513	0.4873115	5.040624
1506	-1480.126	-1574.31	94.18399	0.6152002	0.7461916	5.335021
1512	-1484.986	-1580.851	95.86465	0.8745289	0.5307647	4.421761
1518	-1476.917	-1571.853	94.93683	0.5806404	0.6015065	5.044902
1524	-1485.866	-1580.731	94.86566	0.659193	0.5964362	5.044902
1530	-1484.929	-1579.754	94.82464	0.614118	0.8022383	4.943205
1536	-1480.787	-1577.323	96.53606	0.7789699	0.6125337	4.025281
1542	-1484.127	-1578.598	94.47016	0.7790246	0.942054	4.962414
1548	-1487.033	-1583.47	96.4369	1.033111	0.5224522	4.014681
1554	-1485.491	-1581.318	95.82671	0.7446798	0.5579543	4.492398
1560	-1487.565	-1583.536	95.97116	0.8043032	0.5061675	4.42366
1566	-1490.478	-1587.132	96.65402	0.9460763	0.7750857	3.739157
1572	-1484.328	-1579.97	95.64258	0.7334496	0.7304844	4.467723
1578	-1497.962	-1593.037	95.07413	0.7494773	0.6063524	4.870765
1584	-1497.183	-1592.516	95.33305	0.7163031	0.63299	4.72363
1590	-1482.446	-1577.744	95.29763	0.6499537	0.4813841	4.91047
1596	-1485.813	-1580.152	94.33903	0.4390069	0.6661114	5.403801
1602	-1476.714	-1570.541	93.82738	0.5126354	0.4744046	5.803777
1608	-1478.893	-1573.903	95.01052	0.511193	0.4669982	5.160585
1614	-1473.461	-1568.082	94.6202	0.5602685	0.5882275	5.242307
1620	-1480.633	-1574.782	94.14936	0.5491033	0.4891215	5.593628
1626	-1486.14	-1581.462	95.32189	0.6828149	0.4406875	4.918314
1632	-1484.69	-1579.573	94.88343	0.6603253	0.7522607	4.918314
1638	-1491.361	-1585.144	93.78365	0.8114638	0.8236593	5.396394
1644	-1484.037	-1578.379	94.34159	0.7841001	0.6423245	5.229873
1650	-1488.492	-1582.818	94.32622	0.6799701	0.7969301	5.186663
1656	-1482.878	-1578.57	95.69214	0.7239863	0.5970896	4.54681
1662	-1481.412	-1576.044	94.63215	0.7442364	0.8382106	4.95471
1668	-1483.905	-1580.381	96.47595	0.741384	0.5101572	4.169931
1674	-1480.711	-1576.615	95.90365	0.8263466	0.5676563	4.394721
1680	-1479.009	-1574.152	95.14286	0.6521803	0.5338939	4.947525
1686	-1480.734	-1574.912	94.17805	0.6392341	0.7324843	5.334491
1692	-1490.982	-1586.976	95.99434	0.6569184	0.588753	4.421372
1698	-1492.587	-1587.95	95.36299	0.6843409	0.6752864	4.692422
1704	-1491.647	-1586.833	95.18581	0.9336259	0.5301396	4.770037
1710	-1486.479	-1582.585	96.10548	0.591423	0.5986606	4.38744
1716	-1486.326	-1580.924	94.59836	0.8029017	0.6174511	5.09665
1722	-1482.164	-1579.502	97.33795	0.9638457	0.4444436	3.612044
1728	-1475.905	-1571.875	95.96943	0.9145775	0.6553135	4.236456
1734	-1475.612	-1572.042	96.42981	0.8483497	0.6265715	4.034939
1740	-1481.756	-1576.496	94.73993	0.5110228	0.469493	5.30788
1746	-1495.511	-1589.637	94.12615	0.6534692	0.6731494	5.397724
1752	-1481.696	-1577.251	95.55508	0.5190175	0.5866088	4.747071
1758	-1479.778	-1575.306	95.52821	0.5116657	0.5747008	4.776087
1764	-1479.584	-1574.66	95.07595	0.8657616	0.6428872	4.776087
1770	-1475.454	-1570.349	94.89516	0.8642681	0.6428872	4.877762
1776	-1480.292	-1575.568	95.27657	0.5839289	0.4263806	5.013004
1782	-1485.467	-1581.083	95.61573	0.7727852	0.6195081	4.544191
1788	-1478.381	-1574.017	95.63678	0.8287107	0.6379583	4.486327
1794	-1477.343	-1571.367	94.02403	0.771132	0.6790347	5.384825
1800	-1486.216	-1582.049	95.83348	0.7861074	0.4801388	4.535847
1806	-1492.206	-1587.068	94.86202	0.7294691	0.522735	5.070448
1812	-1486.115	-1581.269	95.15358	0.6122839	0.6187631	4.893025
1818	-1486.486	-1581.414	94.92778	0.5539639	0.48167	5.16878
1824	-1478.838	-1573.303	94.46583	0.5536213	0.5443671	5.367884
1830	-1476.563	-1572.126	95.56267	0.5660664	0.4174038	4.873076
1836	-1478.405	-1572.591	94.18534	0.6098081	0.5842365	5.458087
1842	-1480.823	-1573.544	92.72045	0.4901029	0.4100783	6.481694
1848	-1479.268	-1573.929	94.66075	0.5213028	0.4100783	5.405127
1854	-1480.157	-1574.436	94.2795	0.5807466	0.5600897	5.442242
1860	-1491.981	-1585.056	93.07504	0.437404	0.599986	6.147342
1866	-1484.46	-1579.304	94.84414	0.5456087	0.4295154	5.270543
1872	-1477.801	-1572.7	94.89894	0.4914802	0.5479574	5.159842
1878	-1479.344	-1574.679	95.33498	0.5237073	0.5787196	4.873806
1884	-1484.932	-1577.952	93.01999	0.5351405	0.6477968	6.087279
1890	-1487.289	-1582.562	95.27323	0.6414689	0.4547887	4.954384
1896	-1472.344	-1567.552	95.20841	0.8707233	0.4547887	4.862845
1902	-1470.499	-1565.139	94.64004	0.5079767	0.4547887	5.378827
1908	-1482.648	-1577.646	94.99841	0.6178831	0.4104072	5.164972
1914	-1479.676	-1573.991	94.31513	0.4624398	0.6958036	5.382337
1920	-1483.932	-1580.67	96.73751	0.7432107	0.5988273	3.941859
1926	-1477.547	-1574.255	96.70755	0.8947726	0.3969664	4.065097
1932	-1476.221	-1572.857	96.63628	0.8062484	0.5290278	4.024378
1938	-1476.589	-1573.599	97.01035	0.7552634	0.587503	3.787777
1944	-1477.423	-1572.926	95.50259	0.8095606	0.5544753	4.640956
1950	-1480.918	-1575.975	95.05678	0.749298	0.4526559	5.016846
1956	-1477.278	-1573.319	96.04178	0.6775835	0.4036159	4.55732
1962	-1478.533	-1574.39	95.85674	0.6136825	0.6107295	4.505197
1968	-1480.191	-1574.155	93.96462	0.6027814	0.4768754	5.676921
1974	-1487.857	-1581.917	94.0605	0.3565606	0.5197407	5.720372
1980	-1478.083	-1572.045	93.96204	0.5303501	0.5355658	5.665265
1986	-1482.28	-1577.609	95.32836	0.5961534	0.6202188	4.803428
1992	-1474.02	-1568.467	94.44712	0.7313688	0.5511536	5.274308
1998	-1475.597	-1571.671	96.074	0.9039254	0.5889838	4.23651
2004	-1469.058	-1565.412	96.35353	0.8206017	0.5889838	4.125082
2010	-1479.44	-1576.805	97.36562	0.9287069	0.5865617	3.482035
2016	-1492.398	-1588.44	96.04262	0.6552777	0.5278911	4.447597
2022	-1494.927	-1589.739	94.81149	0.6851407	0.6238945	5.03867
2028	-1489.374	-1584.98	95.60611	0.6851407	0.519057	4.683871
2034	-1483.29	-1578.198	94.90842	0.6138388	0.6051072	5.039349
2040	-1487.047	-1581.815	94.76725	0.5581207	0.6051072	5.148509
2046	-1487.16	-1582.044	94.88464	0.7324375	0.3981461	5.177522
2052	-1503.441	-1598.183	94.74249	0.5843639	0.5686269	5.177522
2058	-1493.057	-1586.934	93.87719	0.5215635	0.3914986	5.854598
2064	-1488.627	-1583.119	94.4917	0.4218853	0.6480704	5.342623
2070	-1491.32	-1585.931	94.6103	0.5212371	0.5029694	5.342623
2076	-1490.805	-1585.19	94.38525	0.5053714	0.5887332	5.401849
2082	-1493.92	-1588.265	94.34486	0.432769	0.6690467	5.401849
2088	-1495.995	-1589.246	93.2516	0.6286634	0.709191	5.865267
2094	-1498.813	-1593.497	94.68354	0.4554969	0.4543916	5.384162
2100	-1491.996	-1585.534	93.53836	0.3118117	0.4543916	6.090206
2106	-1491.788	-1587.346	95.55841	0.755084	0.633192	4.575487
2112	-1483.646	-1578.347	94.70154	0.7967629	0.4905001	5.151369
2118	-1484.299	-1578.304	94.00457	0.5063339	0.6660785	5.550811
2124	-1498.798	-1593.705	94.90769	0.8456331	0.8459049	4.739689
2130	-1488.558	-1583.646	95.08817	0.5551368	0.6387335	4.945612
2136	-1487.003	-1583.704	96.70025	0.8057072	0.5198485	3.996531
2142	-1499.712	-1592.984	93.27202	0.505601	0.6222132	5.985464
2148	-1500.169	-1594.477	94.30728	0.4837296	0.5394814	5.497886
2154	-1497.537	-1591.581	94.04395	0.6338844	0.6151592	5.497886
2160	-1489.349	-1582.663	93.31328	0.3473707	0.5070524	6.144646
2166	-1491.002	-1585.445	94.44309	0.3753982	0.4844279	5.532035
2172	-1500.504	-1593.428	92.92346	0.5294129	0.5721151	6.20217
2178	-1493.658	-1586.99	93.33157	0.5043007	0.5721151	5.993563
2184	-1482.575	-1575.983	93.40735	0.4285205	0.5721151	5.993563
2190	-1484.958	-1581.646	96.68807	0.755735	0.3493684	4.209955
2196	-1483.772	-1578.394	94.62164	0.3763614	0.4464637	5.469598
2202	-1476.516	-1570.789	94.27273	0.5006305	0.5848208	5.469598
2208	-1487.594	-1581.522	93.92816	0.3863415	0.5709935	5.73286
2214	-1495.451	-1589.448	93.99763	0.3774808	0.5317377	5.73286
2220	-1496.598	-1590.254	93.65593	0.5735342	0.6294722	5.73286
2226	-1491.68	-1585.568	93.88795	0.4030095	0.4337258	5.86994
2232	-1487.076	-1581.718	94.64143	0.4720871	0.5840608	5.282703
2238	-1487.99	-1582.924	94.93472	0.6747423	0.5708465	5.018997
2244	-1481.575	-1575.384	93.80885	0.5497247	0.5948843	5.689275
2250	-1479.489	-1573.257	93.76776	0.5908206	0.5948843	5.689275
2256	-1483.059	-1575.17	92.11044	0.4051657	0.6105335	6.679663
2262	-1486.268	-1578.813	92.54445	0.513145	0.5963832	6.397319
2268	-1483.775	-1577.251	93.47615	0.5838158	0.6930566	5.778442
2274	-1483.134	-1578.405	95.27081	0.343692	0.3933904	5.18406
2280	-1486.228	-1578.747	92.5189	0.389073	0.5121399	6.548676
2286	-1475.812	-1569.84	94.02769	0.6446106	0.5879298	5.522658
2292	-1485.987	-1581.65	95.66298	0.7274238	0.8182042	4.399827
2298	-1486.329	-1582.62	96.29152	0.8423583	0.8958868	3.927748
2304	-1480.258	-1576.791	96.53288	0.891283	0.5504504	4.015696
2310	-1484.716	-1580.012	95.29545	0.3409002	0.4638279	5.100132
2316	-1481.469	-1575.372	93.9034	0.3605769	0.5387826	5.78763
2322	-1480.069	-1576.01	95.94122	0.4708599	0.5387826	4.598591
2328	-1478.758	-1575.37	96.61247	0.7576956	0.7273323	3.905385
2334	-1483.653	-1579.002	95.34845	0.9147491	0.4367708	4.778158
2340	-1484.178	-1579.691	95.51255	0.6383945	0.4327492	4.844881
2346	-1486.696	-1582.848	96.15184	0.5786737	0.5632387	4.398212
2352	-1485.924	-1582.271	96.34722	0.722725	0.6166872	4.161494
2358	-1488.655	-1586.748	98.09228	0.8902464	0.5283611	3.129097
2364	-1482.64	-1579.441	96.80086	0.9896207	0.7595364	3.639984
2370	-1477.395	-1573.986	96.59157	0.9152552	0.416652	4.098137
2376	-1479.326	-1575.667	96.34105	0.6796542	0.5529667	4.243015
2382	-1482.998	-1579.647	96.64929	0.9542793	0.6893108	3.799466
2388	-1490.861	-1587.335	96.4746	0.924172	0.8582282	3.799466
2394	-1478.616	-1575.176	96.55919	0.7516439	0.6481789	3.999099
2400	-1484.991	-1578.946	93.95502	0.7146188	0.5331523	5.570076
2406	-1485.388	-1579.331	93.94266	0.6945045	0.9405154	5.302361
2412	-1485.826	-1582.93	97.10432	1.077437	0.7694913	3.404885
2418	-1487.045	-1580.73	93.68517	0.731222	0.7447871	5.546749
2424	-1488.714	-1583.409	94.69458	0.7435302	0.8188045	4.932795
2430	-1491.391	-1585.604	94.2125	0.5024809	0.817523	5.334223
2436	-1482.274	-1578.577	96.30319	0.74774	0.6618624	4.136618
2442	-1489.804	-1586.606	96.80239	0.8411639	0.4122042	4.024949
2448	-1496.309	-1592.859	96.54976	0.5839325	0.5298784	4.199409
2454	-1488.448	-1585.495	97.04736	0.8303179	0.6771883	3.650426
2460	-1477.202	-1571.298	94.09601	0.6433528	0.6382914	5.446087
2466	-1478.263	-1572.433	94.17077	0.4262746	0.5698715	5.57881
2472	-1488.974	-1582.206	93.23235	0.3103788	0.5518039	6.170119
2478	-1491.28	-1585.048	93.76786	0.3688703	0.5518039	5.846153
2484	-1481.744	-1575.557	93.81211	0.3241798	0.5520871	5.846153
2490	-1476.083	-1569.33	93.24698	0.4546014	0.5722463	6.066672
2496	-1474.627	-1569.197	94.56987	0.5131592	0.5465559	5.330935
2502	-1495.145	-1588.581	93.43556	0.4608057	0.5364458	5.990499
2508	-1491.354	-1584.194	92.83991	0.203526	0.5894314	6.410526
2514	-1486.297	-1580.558	94.26071	0.1216549	0.5714528	5.695295
2520	-1487.932	-1581.233	93.30072	0.1606407	0.5714528	6.198098
2526	-1490.389	-1584.77	94.38048	0.1942401	0.5116588	5.641104
2532	-1487.064	-1580.026	92.96138	0.3528474	0.5116588	6.328872
2538	-1487.451	-1580.573	93.122	0.4221312	0.5885093	6.139239
2544	-1490.945	-1583.965	93.02001	0.5475493	0.7357911	6.017519
2550	-1488.425	-1582.126	93.70046	0.4642654	0.6548904	5.749038
2556	-1488.176	-1580.914	92.73757	0.5859522	0.4631073	6.368198
2562	-1482.506	-1577.923	95.4173	0.5907709	0.4547748	4.902442
2568	-1489.882	-1584.249	94.36621	0.5340295	0.3143437	5.668734
2574	-1478.066	-1573.364	95.29859	0.5819225	0.509714	4.921563
2580	-1477.785	-1574.017	96.23241	0.7558595	0.6683719	4.167239
2586	-1480.292	-1575.569	95.27732	0.6533622	0.6837004	4.751398
2592	-1484.235	-1578.323	94.08779	0.6180723	0.5964896	5.497299
2598	-1477.002	-1572.388	95.3861	0.4809913	0.4828101	4.953913
2604	-1485.23	-1580.388	95.15829	0.5616431	0.5752654	4.953913
2610	-1479.114	-1575.535	96.42053	0.6573654	0.6106251	4.161906
2616	-1474.397	-1570.362	95.9648	0.7288665	0.7361749	4.284374
2622	-1478.51	-1572.286	93.77671	0.7542218	0.4524771	5.720178
2628	-1469.27	-1564.646	95.37641	0.6272733	0.502946	4.859141
2634	-1479.495	-1573.224	93.72932	0.5798983	0.4538972	5.840156
2640	-1480.776	-1574.875	94.09863	0.8618556	0.7625181	5.234835
2646	-1489.318	-1585.064	95.746	0.7048212	0.3996207	4.712138
2652	-1480.48	-1575.129	94.64862	0.7048212	0.5943747	5.141608
2658	-1482.882	-1577.868	94.98549	0.524476	0.5943747	5.054836
2664	-1485.115	-1579.43	94.315	0.49891	0.6744222	5.377882
2670	-1490.362	-1584.336	93.97407	0.5090318	0.6747012	5.559728
2676	-1493.757	-1589.603	95.84574	0.7616505	0.6023	4.434933
2682	-1500.561	-1596.074	95.51273	0.4991085	0.6813849	4.707739
2688	-1500.639	-1596.189	95.55038	0.4036795	0.4855747	4.902917
2694	-1500.318	-1594.576	94.25792	0.427392	0.5183393	5.574454
2700	-1494.397	-1588.527	94.12997	0.4789899	0.5335703	5.603035
2706	-1490.708	-1585.507	94.79877	0.654406	0.5725366	5.104291
2712	-1493.494	-1588.88	95.38575	0.6536781	0.6511654	4.715105
2718	-1499.136	-1595.252	96.11559	0.7043492	0.4129343	4.490828
2724	-1496.427	-1592.586	96.15918	0.6874523	0.6488855	4.262625
2730	-1506.328	-1603.204	96.87636	0.9378472	0.742938	3.638123
2736	-1500.974	-1597.977	97.00275	0.7695289	0.6462289	3.735645
2742	-1485.913	-1580.058	94.14547	0.7695289	0.9766451	5.128088
2748	-1488.904	-1583.67	94.76556	0.6522472	0.567518	5.128088
2754	-1491.273	-1586.687	95.41393	0.7399741	0.7084404	4.608338
2760	-1487.775	-1583.078	95.30337	0.823979	0.4620067	4.828896
2766	-1489.452	-1585.42	95.96801	0.9532151	0.8030201	4.109108
2772	-1483.71	-1578.84	95.12963	0.890598	0.83507	4.597129
2778	-1483.153	-1577.758	94.60483	0.6325561	0.5414691	5.250082
2784	-1488.026	-1580.297	92.27111	0.6609149	0.4969556	6.549162
2790	-1484.036	-1577.984	93.9486	0.7670159	0.5274996	5.549739
2796	-1478.309	-1572.603	94.29424	0.5905616	0.6071443	5.390269
2802	-1479.11	-1574.142	95.03172	0.4801213	0.4971494	5.13773
2808	-1484.223	-1578.316	94.09289	0.6073475	0.4971494	5.585293
2814	-1485.699	-1580.237	94.53883	0.4611896	0.4876975	5.429123
2820	-1481.623	-1575.745	94.12181	0.6712283	0.6220047	5.429123
2826	-1479.469	-1573.851	94.38159	0.6887667	0.5237812	5.357733
2832	-1493.846	-1586.762	92.91574	0.6775774	0.5296192	6.161488
2838	-1481.318	-1576.726	95.40801	0.6673081	0.4482679	4.871416
2844	-1491.95	-1587.38	95.4303	0.6302964	0.6772895	4.683503
2850	-1488.813	-1584.542	95.72893	0.5941483	0.4290802	4.752552
2856	-1489.019	-1584.289	95.26977	0.6937296	0.5892824	4.806632
2862	-1500.501	-1595.066	94.56514	0.6622852	0.7806254	5.074873
2868	-1501.962	-1595.347	93.38469	0.785708	0.618717	5.773528
2874	-1496.162	-1589.885	93.72364	0.7681041	0.6057085	5.607599
2880	-1494.591	-1588.541	93.94972	0.906033	0.7554992	5.297448
2886	-1494.438	-1590.006	95.56764	0.718162	0.5093258	4.69575
2892	-1486.323	-1582.755	96.43202	0.7151971	0.5093258	4.210507
2898	-1492.938	-1588.423	95.48512	0.870604	0.9277997	4.350887
2904	-1490.184	-1584.131	93.94642	0.7316708	0.4332375	5.658478
2910	-1490.646	-1584.592	93.94557	0.5362659	0.6901544	5.549168
2916	-1491.279	-1585.8	94.5216	0.5805441	0.6293197	5.252909
2922	-1500.7	-1595.357	94.65738	0.7090579	0.4603194	5.252909
2928	-1485.806	-1581.149	95.34257	0.8315121	0.7553552	4.563843
2934	-1489.145	-1584.494	95.34918	0.4456992	0.6442184	4.856982
2940	-1479.332	-1572.552	93.21965	0.4727816	0.5409698	6.097792
2946	-1482.249	-1578.135	95.88584	0.6821689	0.8706293	4.265822
2952	-1477.803	-1573.273	95.47048	0.7415617	0.5059745	4.740071
2958	-1486.979	-1582.17	95.19066	0.7248929	0.8715175	4.632821
2964	-1489.762	-1584.796	95.03395	0.4669807	0.4595964	5.179235
2970	-1489.559	-1584.571	95.01174	0.5592209	0.4281417	5.171737
2976	-1486.57	-1581.018	94.44807	0.4139529	0.5575829	5.443372
2982	-1478.019	-1572.506	94.48742	0.566901	0.5822958	5.316826
2988	-1480.145	-1573.615	93.46968	0.6891417	0.5305737	5.852234
2994	-1482.617	-1576.033	93.41542	0.7506854	0.525991	5.852234
3000	-1483.659	-1576.741	93.08163	0.6073714	0.5901939	6.058984
3006	-1478.183	-1574.35	96.16742	0.6176942	0.5901939	4.344627
3012	-1477.431	-1571.324	93.89294	0.7366304	0.6114177	5.527369
3018	-1479.5	-1574.374	94.87419	0.6757276	0.4939061	5.119627
3024	-1472.763	-1568.328	95.56488	0.9875113	0.4405573	4.612489
3030	-1474.59	-1572.125	97.53481	0.7946482	0.5531173	3.490973
3036	-1473.349	-1569.948	96.5995	0.8647999	0.7134051	3.861546
3042	-1477.831	-1574.729	96.89817	0.7985864	0.5833325	3.83096
3048	-1467.597	-1563.186	95.58858	0.571941	0.5134261	4.762068
3054	-1462.589	-1557.2	94.61158	0.6071089	0.6310568	5.187119
3060	-1467.87	-1562.627	94.75675	0.4619364	0.6310568	5.187119
3066	-1469.332	-1564.285	94.95305	0.6779931	0.5523303	5.022681
3072	-1478.877	-1576.278	97.40165	0.8818355	0.5615871	3.510223
3078	-1480.19	-1576.605	96.41521	0.9199067	0.7811766	3.887417
3084	-1468.656	-1563.305	94.64877	0.5578019	0.7692442	5.094065
3090	-1473.942	-1569.343	95.40077	0.8058481	0.6427294	4.627994
3096	-1471.315	-1566.289	94.9743	0.4465281	0.6574375	5.054912
3102	-1478.491	-1573.946	95.4551	0.4251712	0.6574375	4.799239
3108	-1479.246	-1574.593	95.34705	0.6526503	0.5738421	4.799239
3114	-1483.106	-1578.28	95.17469	0.6956503	0.6228806	4.831544
3120	-1495.542	-1589.773	94.23087	0.7162344	0.6675594	5.309493
3126	-1493.936	-1587.269	93.33315	0.6185422	0.6515529	5.868085
3132	-1480.225	-1572.716	92.49109	0.5425799	0.4913058	6.499222
3138	-1478.848	-1573.903	95.0557	0.576252	0.4913058	5.076559
3144	-1477.166	-1570.47	93.30418	0.4481185	0.4913058	6.108946
3150	-1500.171	-1594.129	93.9583	0.5680964	0.7405726	5.489155
3156	-1497.504	-1592.369	94.86456	0.4428963	0.5365544	5.215605
3162	-1489.818	-1585.14	95.32247	0.4735099	0.7049874	4.811059
3168	-1485.591	-1580.095	94.50366	0.6240885	0.4877141	5.358717
3174	-1484.917	-1578.119	93.20172	0.3778654	0.4507398	6.240958
3180	-1489.098	-1584.406	95.30799	0.5128645	0.6475921	4.839909
3186	-1495.349	-1591.21	95.86097	0.7712822	0.4083851	4.601109
3192	-1490.232	-1586.561	96.32872	0.7397358	0.4312731	4.331466
3198	-1484.998	-1580.86	95.86245	0.6862465	0.7578929	4.351108
3204	-1490.531	-1585.203	94.67155	0.4987193	0.5261831	5.30049
3210	-1489.008	-1584.132	95.12417	0.6052268	0.5135568	5.002112
3216	-1494.779	-1589.838	95.05898	0.8398623	0.5418102	4.882829
3222	-1491.375	-1586.48	95.10505	0.6763419	0.5418102	4.948203
3228	-1487.966	-1583.777	95.81124	0.9646677	0.5725353	4.364657
3234	-1482.95	-1578.068	95.11744	0.6520192	0.630773	4.881575
3240	-1485.299	-1581.708	96.40817	0.9075432	0.6502353	3.994697
3246	-1481.572	-1577.538	95.96602	0.8687691	0.6801561	4.245394
3252	-1482.597	-1578.107	95.50925	0.6640771	0.5080403	4.759817
3258	-1496.864	-1592.985	96.12104	0.601392	0.540859	4.422235
3264	-1485.794	-1580.863	95.06871	0.7850653	0.5172727	4.929618
3270	-1480.724	-1576.366	95.64168	0.6474461	0.5574057	4.651335
3276	-1478.284	-1573.452	95.16873	0.7273537	0.6827725	4.771416
3282	-1479.029	-1574.299	95.26972	0.6248875	0.5073971	4.915825
3288	-1482.571	-1577.384	94.81339	0.3796819	0.5073971	5.304657
3294	-1477.403	-1570.821	93.41831	0.5383262	0.5740065	5.926104
3300	-1483.317	-1577.185	93.86723	0.6385206	0.7179416	5.516234
3306	-1480.927	-1575.952	95.02506	0.628069	0.6908231	4.900977
3312	-1493.793	-1588.084	94.29127	0.5908322	0.7200931	5.307383
3318	-1506.143	-1601.023	94.87993	0.5570307	0.6584566	5.045191
3324	-1494.518	-1588.336	93.81744	0.3098402	0.8185883	5.65681
3330	-1493.551	-1588.98	95.42972	0.4583492	0.7003101	4.763033
3336	-1487.546	-1583.295	95.74915	0.5648341	0.6045754	4.598049
3342	-1491.529	-1585.89	94.36102	0.3787416	0.6045754	5.472184
3348	-1491.866	-1585.115	93.24973	0.3694435	0.6823433	6.026955
3354	-1504.597	-1600.386	95.78925	0.5442209	0.4385274	4.737116
3360	-1492.512	-1588.486	95.97395	0.6877836	0.5205769	4.474545
3366	-1480.182	-1575.621	95.43933	0.4725155	0.4999502	4.91305
3372	-1482.924	-1577.777	94.85327	0.5719757	0.4999502	5.183103
3378	-1477.919	-1573.802	95.88309	0.5983373	0.6686391	4.453725
3384	-1471.419	-1568.016	96.59718	0.7783748	0.6278809	3.978246
3390	-1477.604	-1574.723	97.11856	0.8392363	0.5851889	3.678801
3396	-1475.558	-1571.508	95.94992	0.6272106	0.4945749	4.546048
3402	-1482.341	-1577.95	95.60928	0.6352103	0.5627933	4.671724
3408	-1483.316	-1576.813	93.49676	0.6054272	0.7825006	5.693916
3414	-1484.882	-1579.23	94.34761	0.5068939	0.5250218	5.475545
3420	-1488.4	-1583.594	95.19433	0.626832	0.5250218	4.940839
3426	-1486.863	-1582.858	95.9952	0.7384653	0.4085565	4.543993
3432	-1486.565	-1580.317	93.75232	0.6559347	0.4966064	5.745914
3438	-1483.219	-1578.722	95.50297	0.6477999	0.4244371	4.8535
3444	-1477.789	-1573.203	95.41352	0.5954434	0.7519017	4.658834
3450	-1476.212	-1572.428	96.216	0.7121401	0.712053	4.168774
3456	-1495.921	-1590.078	94.15758	0.4597477	0.507313	5.621613
3462	-1486.831	-1579.271	92.43961	0.5279383	0.6245007	6.424255
3468	-1477.406	-1570.689	93.28235	0.5956011	0.746319	5.84085
3474	-1479.026	-1572.75	93.7235	0.4730972	0.746319	5.666363
3480	-1481.799	-1575.988	94.18942	0.4785925	0.5595515	5.548432
3486	-1475.104	-1569.224	94.12013	0.5373282	0.5931593	5.526594
3492	-1474.186	-1568.482	94.29634	0.6336956	0.5158477	5.442087
3498	-1481.907	-1576.182	94.27532	0.5646023	0.5736968	5.442087
3504	-1475.477	-1568.934	93.45626	0.5194762	0.5736968	5.915925
3510	-1478.983	-1573.13	94.14716	0.6470827	0.6559236	5.402486
3516	-1488.512	-1582.335	93.82309	0.5968373	0.6441915	5.617183
3522	-1482.431	-1577.441	95.00941	0.4694252	0.5224197	5.133176
3528	-1481.01	-1575.731	94.72113	0.6745939	0.575267	5.133861
3534	-1480.121	-1574.722	94.60066	0.6012006	0.715434	5.133861
3540	-1484.302	-1580.223	95.92074	0.9061872	0.5637376	4.34335
3546	-1489.695	-1583.922	94.22677	0.4884192	0.6543942	5.447177
3552	-1483.874	-1578.09	94.2163	0.4300359	0.5217645	5.592835
3558	-1480.91	-1574.663	93.75303	0.3866929	0.5121842	5.878809
3564	-1481.552	-1576.217	94.66524	0.2969283	0.5121842	5.427665
3570	-1493.384	-1587.659	94.27498	0.7956533	0.6340376	5.266668
3576	-1489.363	-1584.305	94.94128	0.4838476	0.6340376	5.070439
3582	-1492.884	-1588.082	95.19868	0.6672296	0.6963478	4.778294
3588	-1499.402	-1594.905	95.50289	0.6736245	0.3722969	4.89534
3594	-1498.143	-1591.376	93.23268	0.4961115	0.7494943	5.920211
3600	-1485.891	-1580.14	94.24913	0.5974966	0.5271635	5.477999
3606	-1477.468	-1571.742	94.2739	0.5009909	0.5735581	5.477999
3612	-1482.622	-1578.001	95.37846	0.5319829	0.6933389	4.755615
3618	-1478.788	-1573.699	94.91028	0.7295772	0.5393849	5.028964
3624	-1477.145	-1572.362	95.21731	0.5369188	0.5228246	4.980009
3630	-1482.243	-1577.129	94.8856	0.5196974	0.6041622	5.104986
3636	-1482.143	-1576.529	94.38628	0.4208866	0.6041622	5.435406
3642	-1484.787	-1578.876	94.08882	0.6008685	0.6041622	5.500062
3648	-1479.047	-1573.393	94.34592	0.4084604	0.5606096	5.500062
3654	-1476.932	-1570.664	93.73184	0.3768722	0.5606096	5.854086
3660	-1475.893	-1571.315	95.42156	0.6932167	0.6471793	4.676007
3666	-1473.334	-1568.644	95.30984	0.6357415	0.6471793	4.770616
3672	-1477.853	-1573.649	95.79587	0.7304594	0.5374039	4.535661
3678	-1483.21	-1580.791	97.58143	1.009954	0.4762426	3.41073
3684	-1485.396	-1583.396	98.00055	0.8031769	0.3628103	3.41073
3690	-1485.703	-1583.549	97.84597	0.8947978	0.4306864	3.370412
3696	-1485.617	-1582.677	97.06047	0.5746163	0.4306864	4.010147
3702	-1478.137	-1573.534	95.39649	0.6237551	0.5756896	4.786222
3708	-1480.255	-1576.309	96.05352	0.8779129	0.6493569	4.214183
3714	-1474.47	-1571.254	96.784	0.9010533	0.5529429	3.864083
3720	-1481.291	-1575.737	94.44537	0.4755259	0.5619737	5.407254
3726	-1475.845	-1570.669	94.82424	0.5239946	0.5737831	5.161388
3732	-1482.161	-1577.423	95.26164	0.5717477	0.7468397	4.760552
3738	-1476.857	-1571.134	94.27774	0.629179	0.7705785	5.259013
3744	-1478.104	-1573.954	95.84994	0.6864893	0.7145417	4.388741
3750	-1478.049	-1574.37	96.3208	0.6744224	0.4841166	4.320315
3756	-1469.72	-1565.221	95.50041	0.7073945	0.5290469	4.721618
3762	-1475.763	-1571.674	95.91078	0.9494277	0.5771984	4.31307
3768	-1483.264	-1580.223	96.95991	0.847088	0.562196	3.785793
3774	-1484.511	-1582.521	98.0108	0.8949983	0.5246725	3.178188
3780	-1475.855	-1571.148	95.29277	0.6393797	0.547075	4.859696
3786	-1477.578	-1571.979	94.40126	0.5368277	0.5661493	5.394286
3792	-1478.616	-1571.037	92.42013	0.6284769	0.5661493	6.426578
3798	-1480.119	-1573.45	93.3315	0.4809982	0.6925278	5.914127
3804	-1486.58	-1581.707	95.1274	0.9570926	0.828662	4.565187
3810	-1485.925	-1581.036	95.11119	0.6718303	0.5437448	4.945618
3816	-1483.017	-1577.695	94.67789	0.7658738	0.4204439	5.249968
3822	-1478.796	-1573.104	94.30846	0.6789873	0.7190085	5.249968
3828	-1490.637	-1585.131	94.49436	0.6258521	0.6494796	5.227443
3834	-1492.947	-1587.662	94.71519	0.6464232	0.7012458	5.055441
3840	-1490.339	-1584.875	94.53614	0.6901377	0.966461	4.961098
3846	-1489.284	-1583.581	94.29746	0.6065256	0.6390915	5.354766
3852	-1487.367	-1581.894	94.52736	0.5540082	0.6889173	5.219605
3858	-1483.291	-1577.759	94.46792	0.5093167	0.5982603	5.346403
3864	-1494.256	-1587.142	92.88537	0.4181723	0.63872	6.231024
3870	-1501.838	-1596.28	94.44245	0.4272727	0.6957876	5.33153
3876	-1494.384	-1589.271	94.88626	0.6647605	0.595075	5.031479
3882	-1486.513	-1582.925	96.4123	0.8399717	0.5445361	4.11892
3888	-1484.923	-1579.225	94.30194	0.4877041	0.5152133	5.519896
3894	-1487.798	-1580.815	93.01717	0.5859889	0.5152133	6.168703
3900	-1490.592	-1585.915	95.32252	0.7551658	0.606415	4.7289
3906	-1486.214	-1582.239	96.0246	0.8027485	0.7547486	4.195508
3912	-1474.691	-1570.157	95.4653	0.7198315	0.4868554	4.77286
3918	-1482.624	-1577.164	94.54051	0.7831193	0.465253	5.271804
3924	-1485.452	-1580.334	94.88153	0.6617419	0.5812932	5.047062
3930	-1478.947	-1574.111	95.16361	0.8191141	0.6741876	4.729381
3936	-1478.119	-1575.42	97.30031	0.8974303	0.5350293	3.584089
3942	-1487.346	-1582.945	95.59892	0.681848	0.9292844	4.39232
3948	-1479.419	-1574.586	95.16772	0.6628341	0.5722906	4.89484
3954	-1487.287	-1582.671	95.3836	0.587957	0.5430704	4.841205
3960	-1478.664	-1574.118	95.4537	0.6174945	0.5054333	4.819216
3966	-1481.711	-1575.437	93.72585	0.4711625	0.4714407	5.884758
3972	-1483.978	-1577.406	93.4278	0.3702263	0.808442	5.843596
3978	-1481.717	-1576.176	94.45977	0.6677348	0.4904594	5.356309
3984	-1482.111	-1576.375	94.26355	0.5241782	0.4904594	5.543363
3990	-1484.325	-1580.471	96.1465	0.6979682	0.5751463	4.323706
3996	-1481.012	-1576.59	95.57771	0.9028728	0.552357	4.548286
4002	-1477.866	-1572.414	94.54733	0.7686798	0.6202097	5.141717
4008	-1475.411	-1570.513	95.10158	0.8146172	0.6380135	4.79411
4014	-1478.407	-1575.335	96.92893	1.176786	0.9341123	3.340416
4020	-1492.015	-1590.817	98.80258	1.413768	0.7820022	2.150218
4026	-1492.237	-1591.428	99.19125	1.353022	0.7897066	1.926798
4032	-1496.759	-1593.883	97.12492	1.125816	0.7730117	3.361915
4038	-1489.357	-1585.596	96.23921	1.06598	0.3781427	4.255027
4044	-1482.964	-1579.446	96.48129	0.7208029	0.5456955	4.146436
4050	-1486.668	-1580.962	94.29463	0.6838996	0.5803065	5.360271
4056	-1486.68	-1581.506	94.82521	0.6186357	0.5803065	5.103022
4062	-1486.95	-1582.092	95.1418	0.8634023	0.6067492	4.76914
4068	-1489.223	-1583.8	94.57639	0.8668503	0.5751105	5.107659
4074	-1487.597	-1584.539	96.94181	0.680333	0.5674358	3.887495
4080	-1477.603	-1573.422	95.81887	0.5644972	0.5674358	4.589934
4086	-1480.601	-1574.9	94.29857	0.4604145	0.5674358	5.491826
4092	-1486.394	-1580.769	94.37476	0.3842217	0.5674358	5.491826
4098	-1484.672	-1579.826	95.15411	0.5189524	0.6025763	4.957605
4104	-1481.213	-1574.702	93.48935	0.5355519	0.4567169	5.992718
4110	-1485.803	-1580.535	94.7312	0.5356443	0.4075112	5.361078
4116	-1481.548	-1576.417	94.86841	0.4048751	0.4373552	5.326945
4122	-1494.7	-1587.918	93.21859	0.5457369	0.6325081	5.984806
4128	-1496.149	-1588.552	92.4031	0.5954855	0.8681666	6.242253
4134	-1477.815	-1572.381	94.56532	0.5334947	0.537435	5.330091
4140	-1489.405	-1583.56	94.15508	0.631741	0.7634838	5.330091
4146	-1479.858	-1575.68	95.82216	0.7964399	0.5189865	4.500261
4152	-1476.257	-1572.226	95.96893	0.6037145	0.5480663	4.500261
4158	-1482.197	-1576.767	94.57003	0.7008817	0.737182	5.080321
4164	-1483.538	-1578.568	95.03044	0.7537688	0.6961993	4.824
4170	-1486.15	-1582.585	96.43441	1.05794	0.5461524	3.980535
4176	-1482.431	-1577.218	94.78642	0.6569339	0.5497685	5.128974
4182	-1485.627	-1581.302	95.67459	0.7190396	0.783554	4.421053
4188	-1483.813	-1579.735	95.92141	0.4399002	0.5396188	4.626329
4194	-1487.867	-1581.919	94.05135	0.3994152	0.6483249	5.597126
4200	-1486.284	-1581.329	95.04516	0.5967777	0.6042235	4.973584
4206	-1489.475	-1585.245	95.77028	0.6582032	0.5132808	4.612216
4212	-1488.579	-1584.484	95.90425	0.7274625	0.6251859	4.402761
4218	-1499.202	-1595.194	95.99159	0.6645739	0.4903768	4.505571
4224	-1495.956	-1589.567	93.61087	0.5346602	0.7593151	5.685569
4230	-1484.538	-1577.901	93.36343	0.7342343	0.7052292	5.749125
4236	-1485	-1579.739	94.7396	0.602112	0.6812202	5.081071
4242	-1482.69	-1577.315	94.62533	0.6352139	0.5166021	5.259123
4248	-1499.235	-1594.774	95.53878	0.7245827	0.5326893	4.687305
4254	-1485.525	-1581.428	95.90262	0.8741363	0.4816766	4.445947
4260	-1489.871	-1586.714	96.84353	0.8987614	0.5075669	3.872577
4266	-1486.248	-1582.337	96.08996	1.00558	0.5181719	4.231675
4272	-1487.907	-1582.65	94.74296	0.700651	0.6812236	5.024523
4278	-1476.348	-1571.21	94.86175	0.6540282	0.5717959	5.070198
4284	-1482.236	-1576.084	93.84796	0.6721069	0.6369426	5.567719
4290	-1474.548	-1569.837	95.28811	0.6681935	0.674761	4.743726
4296	-1478.547	-1573.514	94.96697	0.55916	0.6753791	4.983003
4302	-1485.036	-1580.647	95.61074	0.548132	0.6950728	4.615289
4308	-1491.831	-1587.187	95.35532	0.6218467	0.8444559	4.615289
4314	-1483.806	-1579.925	96.11961	0.8679495	0.5665449	4.250045
4320	-1478.059	-1573.805	95.74631	0.621992	0.7223214	4.477894
4326	-1488.927	-1583.247	94.31996	0.5879784	0.3937462	5.573183
4332	-1486.715	-1583.062	96.34685	0.5913392	0.5057352	4.332206
4338	-1488.103	-1583.987	95.88351	0.4896682	0.5172363	4.639632
4344	-1480.697	-1575.747	95.0505	0.4544573	0.5504993	5.094205
4350	-1479.608	-1574.119	94.51089	0.5217408	0.6119305	5.304937
4356	-1478.159	-1572.325	94.16638	0.5941285	0.6430356	5.43082
4362	-1475.123	-1570.799	95.67573	0.678573	0.6032949	4.576465
4368	-1474.671	-1568.693	94.02192	0.7743831	0.5608928	5.47676
4374	-1488.23	-1582.206	93.97654	0.5393122	0.6140008	5.587819
4380	-1487.499	-1581.504	94.00515	0.6217762	0.5397633	5.587819
4386	-1487.761	-1581.791	94.03039	0.4874994	0.4488768	5.730825
4392	-1486.643	-1579.932	93.28842	0.5466607	0.4746723	6.079201
4398	-1483.894	-1577.883	93.98863	0.6127213	0.4815559	5.65393
4404	-1489.6	-1585.85	96.25076	0.8276942	0.5121769	4.246867
4410	-1484.476	-1580.731	96.25464	0.6374061	0.5977583	4.277879
4416	-1482.22	-1576.616	94.39602	0.6704101	0.429174	5.449185
4422	-1485.426	-1580.046	94.62031	0.7527544	0.4945892	5.216895
4428	-1486.66	-1581.93	95.27008	0.6348998	0.4731449	4.94201
4434	-1479.023	-1573.713	94.68953	0.6308015	0.4731449	5.266091
4440	-1485.857	-1579.377	93.51935	0.5583172	0.5266649	5.899981
4446	-1488.623	-1583.536	94.9121	0.4894312	0.6100152	5.102394
4452	-1483.183	-1578.3	95.11683	0.541684	0.5495696	5.00979
4458	-1493.461	-1588.408	94.94731	0.6909035	0.6513456	4.938757
4464	-1507.017	-1602.181	95.1641	0.658444	0.5055508	4.957604
4470	-1490.674	-1585.523	94.84948	0.7541031	0.6923666	4.927431
4476	-1494.044	-1588.146	94.10214	0.688019	0.4045223	5.626427
4482	-1491	-1585.177	94.17693	0.593264	0.5883949	5.468435
4488	-1493.537	-1586.644	93.10712	0.377134	0.5883949	6.171916
4494	-1497.351	-1591.334	93.98288	0.5055526	0.432151	5.763493
4500	-1492.009	-1587.866	95.85671	0.6239789	0.6510413	4.4676
4506	-1488.674	-1583.958	95.28357	0.7217555	0.7225511	4.681466
4512	-1500.262	-1595.833	95.57077	0.7324486	0.5204691	4.675902
4518	-1499.223	-1594.762	95.53917	0.6928857	0.5660688	4.675902
4524	-1492.266	-1587.223	94.95607	0.503766	0.5816685	5.093033
4530	-1502.884	-1596.372	93.48804	0.4390029	0.5317248	5.977824
4536	-1494.263	-1587.762	93.49856	0.2916718	0.623196	5.977824
4542	-1493	-1587.697	94.69758	0.4235591	0.4978803	5.352999
4548	-1492.777	-1588.002	95.22508	0.6562591	0.7277839	4.747102
4554	-1486.942	-1580.894	93.95147	0.538222	0.45224	5.743
4560	-1481.428	-1575.928	94.49996	0.6090886	0.6729004	5.216056
4566	-1494.036	-1589.745	95.70914	0.6356652	0.6329659	4.558086
4572	-1483.411	-1576.915	93.50443	0.6439439	0.6001047	5.800231
4578	-1483.827	-1578.845	95.01807	0.6178833	0.727793	4.884006
4584	-1482.058	-1577.03	94.97275	0.6998156	0.5797456	4.976529
4590	-1480.94	-1574.639	93.69912	0.4929755	0.7432478	5.670925
4596	-1486.574	-1581.946	95.37138	0.6500528	0.582367	4.78
4602	-1494.492	-1589.875	95.38225	0.6323577	0.5869791	4.78
4608	-1508.747	-1605.019	96.27182	0.7224728	0.8503867	4.036353
4614	-1524.111	-1617.803	93.69183	0.8721813	0.7250128	5.479238
4620	-1502.765	-1596.221	93.45547	0.6912153	0.692799	5.731142
4626	-1518.177	-1611.023	92.84599	0.6596164	0.7789867	6.022357
4632	-1506.253	-1600.483	94.23079	0.5939067	0.7789867	5.298813
4638	-1498.309	-1591.72	93.41127	0.7039287	0.6225811	5.800735
4644	-1502.873	-1597.525	94.65126	0.6912747	0.6024551	5.141131
4650	-1497.028	-1592.329	95.30071	0.7857701	0.7032632	4.649885
4656	-1506.636	-1602.314	95.67873	0.7043299	0.4999891	4.649885
4662	-1491.169	-1585.531	94.36119	0.6167998	0.7057542	5.264599
4668	-1492.258	-1586.403	94.14447	0.4913839	0.5746376	5.553558
4674	-1490.71	-1584.98	94.27028	0.3744668	0.5410039	5.576967
4680	-1486.225	-1580.444	94.21965	0.425092	0.5410039	5.576967
4686	-1494.876	-1590.95	96.0737	0.595814	0.5707267	4.426219
4692	-1493.19	-1589.585	96.3959	0.8535367	0.6675027	4.01915
4698	-1490.214	-1585.167	94.95288	0.7582871	0.6923679	4.867521
4704	-1481.793	-1576.768	94.9746	0.7906288	0.4919255	5.002
4710	-1489.552	-1583.88	94.3282	0.5575407	0.6111672	5.386561
4716	-1489.99	-1584.456	94.46553	0.6435406	0.7105777	5.188685
4722	-1483.475	-1578.767	95.29186	0.8646244	0.433425	4.8411
4728	-1484.494	-1579.426	94.93259	0.7298964	0.5272029	5.027089
4734	-1480.829	-1575.616	94.78674	0.6581892	0.6451721	5.050869
4740	-1487.171	-1581.42	94.24941	0.4832805	0.3991041	5.663665
4746	-1484.92	-1579.164	94.2447	0.7322402	0.6246835	5.325657
4752	-1487.723	-1581.597	93.87314	0.9573452	0.7347214	5.325657
4758	-1483.612	-1577.229	93.61688	0.6138831	0.5615576	5.786531
4764	-1484.529	-1578.961	94.43193	0.495039	0.5615576	5.404256
4770	-1480.428	-1574.615	94.18705	0.576251	0.6764856	5.404256
4776	-1481.136	-1576.254	95.11815	0.649497	0.6336238	4.880361
4782	-1475.225	-1570.053	94.82747	0.6977084	0.5836526	5.055158
4788	-1473.359	-1568.94	95.58035	0.6808742	0.5417533	4.680523
4794	-1477.371	-1573.569	96.19797	0.6554518	0.5037205	4.38195
4800	-1481.195	-1577.373	96.17746	0.6595098	0.5478372	4.351464
4806	-1479.147	-1573.266	94.11962	0.6867537	0.7316919	5.341063
4812	-1474.286	-1569.748	95.46188	0.8355969	0.5694495	4.636393
4818	-1475.107	-1570.417	95.3106	0.8525314	0.7473089	4.575576
4824	-1471.338	-1567.217	95.8789	0.6866854	0.5893258	4.469161
4830	-1472.088	-1567.412	95.32404	0.6456752	0.5346191	4.849625
4836	-1480.913	-1575.54	94.62746	0.699755	0.6555187	5.108281
4842	-1475.807	-1570.711	94.90391	0.5419712	0.572605	5.108281
4848	-1481.893	-1576.637	94.74433	0.6389303	0.6213328	5.103568
4854	-1478.053	-1573.247	95.19349	0.6794718	0.6540533	4.805895
4860	-1480.943	-1576.363	95.41946	0.6669649	0.5048629	4.811245
4866	-1475.714	-1571.002	95.28875	0.6833251	0.5779223	4.811245
4872	-1478.259	-1574.022	95.76221	0.6296643	0.5385861	4.610096
4878	-1479.022	-1574.573	95.55102	0.9676716	0.7006189	4.40889
4884	-1477.172	-1573.321	96.14934	0.9888452	0.553811	4.175618
4890	-1478.697	-1573.898	95.20099	0.6361896	0.553811	4.906803
4896	-1483.313	-1577.06	93.74674	0.7014695	0.6543247	5.594013
4902	-1488.443	-1584.481	96.03853	0.6528654	0.3934342	4.584068
4908	-1489.026	-1584.244	95.21735	0.7981764	0.4188513	4.934601
4914	-1491.553	-1586.83	95.27667	0.8432846	0.3875036	4.909934
4920	-1487.943	-1582.928	94.98581	0.6088707	0.5900286	5.011348
4926	-1493.623	-1588.56	94.93692	0.5587682	0.6253795	5.038029
4932	-1493.657	-1588.279	94.62199	0.4211183	0.5897495	5.316936
4938	-1487.783	-1581.958	94.17566	0.4047542	0.7094565	5.481154
4944	-1482.656	-1577.094	94.43816	0.4205593	0.5182507	5.479204
4950	-1485.17	-1580.123	94.95325	0.4392005	0.5182507	5.184716
4956	-1486.216	-1581.011	94.79477	0.4764343	0.597368	5.184716
4962	-1490.225	-1585.353	95.12778	0.5656246	0.5310427	5.006527
4968	-1478.241	-1573.65	95.40841	0.5893411	0.5310427	4.837149
4974	-1479.321	-1573.982	94.66017	0.5430239	0.4935253	5.311724
4980	-1482.113	-1576.261	94.14771	0.5401149	0.5475081	5.547732
4986	-1477.781	-1572.123	94.34184	0.6981146	0.5497561	5.35196
4992	-1485.891	-1581.317	95.4257	0.5479188	0.5255285	4.855492
4998	-1484.188	-1579.511	95.32282	0.7482141	0.5268082	4.80002
5004	-1486.409	-1581.82	95.41153	0.5213213	0.4658391	4.933525
5010	-1482.274	-1576.215	93.94064	0.6038796	0.5266654	5.644411
5016	-1491.458	-1586.089	94.63119	0.6617618	0.6894277	5.102094
5022	-1485.306	-1579.283	93.97688	0.4430915	0.4551051	5.778398
5028	-1485.973	-1579.792	93.81816	0.4315092	0.5667413	5.771877
5034	-1485.702	-1579.59	93.88753	0.4938354	0.6356942	5.644817
5040	-1490.673	-1585.445	94.77177	0.7701806	0.5021881	5.11643
5046	-1480.272	-1574.184	93.91238	0.6994324	0.4800188	5.649628
5052	-1482.135	-1575.948	93.81272	0.7224552	0.4925789	5.680043
5058	-1490.687	-1584.56	93.87304	0.4108916	0.4925789	5.817633
5064	-1491.701	-1587.83	96.12861	0.4453571	0.4071285	4.635131
5070	-1472.274	-1567.004	94.72998	0.6309086	0.4467963	5.269191
5076	-1479.515	-1573.142	93.62789	0.6081885	0.7261928	5.658558
5082	-1479.007	-1574.987	95.98032	0.8568599	0.6163005	4.293801
5088	-1481.854	-1578.445	96.59139	0.6711909	0.3653679	4.293801
5094	-1478.901	-1574.977	96.07689	0.6933187	0.5714476	4.368798
5100	-1482.359	-1577.047	94.68832	0.4865213	0.5449434	5.281637
5106	-1479.375	-1573.052	93.67731	0.5920537	0.4904783	5.827522
5112	-1473.832	-1567.367	93.53447	0.5043123	0.4947548	5.94961
5118	-1471.098	-1565.991	94.89323	0.5413375	0.521919	5.158136
5124	-1476.998	-1572.049	95.05065	0.6056347	0.4419298	5.110578
5130	-1485.008	-1579.027	94.01842	0.6333866	0.4931933	5.615501
5136	-1474.735	-1568.489	93.7534	0.31803	0.494011	5.932459
5142	-1479.099	-1573.985	94.88626	0.5269869	0.4644298	5.223069
5148	-1482.985	-1577.744	94.75895	0.5127051	0.5508586	5.223069
5154	-1486.011	-1579.611	93.59924	0.7052697	0.5806464	5.730414
5160	-1481.723	-1577.119	95.3963	0.7194579	0.6628413	4.663485
5166	-1491.817	-1586.851	95.03381	0.5494736	0.5580495	5.044317
5172	-1490.99	-1586.891	95.90164	0.7547935	0.5580495	4.444436
5178	-1481.77	-1579.768	97.9983	1.027846	0.3267728	3.325184
5184	-1479.544	-1576.827	97.28318	0.7356951	0.5235819	3.698301
5190	-1476.205	-1572.906	96.7009	0.9898449	0.6696367	3.764309
5196	-1478.417	-1574.895	96.47847	0.9245708	0.575352	4.006119
5202	-1485.564	-1581.708	96.14363	0.8245132	0.5783747	4.250973
5208	-1484.562	-1580.104	95.54204	0.7460966	0.4949143	4.707742
5214	-1487.147	-1580.733	93.5865	0.5683594	0.5487587	5.838813
5220	-1487.603	-1579.862	92.25864	0.4662433	0.3929547	6.76217
5226	-1483.534	-1577.641	94.10681	0.4123202	0.4772377	5.703046
5232	-1487.691	-1581.944	94.25283	0.5739796	0.6673185	5.376025
5238	-1488.878	-1583.215	94.33747	0.5342787	0.5443781	5.449246
5244	-1482.324	-1578.113	95.78918	0.6807989	0.5579731	4.549395
5250	-1480.933	-1578.016	97.08306	0.8720317	0.5313179	3.728036
5256	-1478.907	-1574.798	95.89118	0.6760218	0.5313179	4.518084
5262	-1491.727	-1587.335	95.60867	0.6840787	0.4247769	4.773927
5268	-1483.75	-1579.403	95.65267	0.6316385	0.4659572	4.737413
5274	-1502.613	-1597.882	95.26841	0.5572888	0.4850529	4.974814
5280	-1489.54	-1582.803	93.26314	0.5631668	0.4522727	6.105242
5286	-1483.687	-1579.475	95.7884	0.6534487	0.6258965	4.509129
5292	-1494.121	-1589.851	95.72983	0.6851514	0.6451527	4.509129
5298	-1492.217	-1586.498	94.28107	0.5357365	0.6447449	5.398507
5304	-1479.523	-1573.501	93.97814	0.4303086	0.6859708	5.59251
5310	-1482.238	-1578.628	96.38985	0.5413745	0.4384952	4.401527
5316	-1477.58	-1571.964	94.38338	0.5706019	0.6597724	5.311507
5322	-1479.507	-1573.709	94.20287	0.2974756	0.550107	5.648455
5328	-1488.696	-1582.502	93.80575	0.2959679	0.5284127	5.885318
5334	-1495.418	-1590.115	94.69643	0.6077442	0.4449978	5.302292
5340	-1482.765	-1578.219	95.45398	0.692587	0.5156248	4.767874
5346	-1487.773	-1584.461	96.68788	0.8448165	0.8134803	3.751756
5352	-1487.227	-1583.069	95.84289	0.8862144	0.6406229	4.335574
5358	-1483.832	-1579.546	95.71329	0.7996298	0.7026576	4.410648
5364	-1494.142	-1588.547	94.40444	0.7959094	0.623568	5.203096
5370	-1486.953	-1581.617	94.66433	0.4742406	0.67016	5.201758
5376	-1484.517	-1578.592	94.0755	0.4327664	0.474497	5.711566
5382	-1477.859	-1572.348	94.48927	0.651711	0.474497	5.363798
5388	-1484.217	-1578.558	94.34019	0.5361295	0.6472514	5.363798
5394	-1483.549	-1579.423	95.87412	0.793576	0.6511364	4.362079
5400	-1488.293	-1584.363	96.07054	0.7164264	0.5264708	4.398659
5406	-1491.058	-1587.728	96.67065	0.8422216	0.7235181	3.82621
5412	-1481.621	-1578.603	96.98222	0.9272995	0.4565664	3.82621
5418	-1480.363	-1574.778	94.41563	0.6481233	0.6333342	5.271011
5424	-1495.146	-1590.106	94.96025	0.747059	0.5100263	5.017573
5430	-1493.241	-1587.022	93.78082	0.4949156	0.5100263	5.80636
5436	-1487.222	-1581.272	94.04967	0.5210787	0.4572155	5.693774
5442	-1490.783	-1586.6	95.81683	0.7393198	0.9213207	4.241361
5448	-1483.051	-1577.5	94.44938	0.5496314	0.8082697	5.183247
5454	-1484.396	-1577.976	93.57951	0.600209	0.5424215	5.83061
5460	-1487.683	-1581.841	94.1583	0.6092654	0.5894876	5.469
5466	-1486.848	-1580.957	94.10902	0.5732838	0.6494581	5.469
5472	-1493.25	-1589.449	96.19855	0.7005795	0.6168979	4.258242
5478	-1490.1	-1587.178	97.07785	0.7896239	0.5407049	3.770057
5484	-1481.257	-1577.709	96.45204	0.7115647	0.659521	4.074275
5490	-1482.686	-1579.713	97.02726	0.6904527	0.5911122	3.812296
5496	-1476.624	-1573.143	96.51852	0.8292395	0.6482231	3.977957
5502	-1478.043	-1575.601	97.55842	0.9649947	0.5651662	3.366661
5508	-1475.747	-1573.376	97.62922	0.949119	0.6021519	3.30209
5514	-1496.331	-1591.554	95.22296	0.4649613	0.4561404	5.079005
5520	-1488.864	-1584.001	95.13741	0.4214114	0.5335691	5.079005
5526	-1485.197	-1578.568	93.37085	0.6241794	0.5256423	5.945999
5532	-1495.218	-1591.853	96.63484	0.7814776	0.4362991	4.129016
5538	-1499.182	-1593.76	94.57769	0.6724441	0.6763701	5.135402
5544	-1484.234	-1579.925	95.69142	0.7787631	0.6037872	4.510957
5550	-1486.703	-1582.898	96.19467	0.7928261	0.3142724	4.510957
5556	-1490.493	-1586.555	96.06221	0.956329	0.5931677	4.209992
5562	-1492.14	-1588.436	96.2959	0.6873507	0.661487	4.175375
5568	-1496.098	-1592.318	96.22001	0.5980572	0.791716	4.175375
5574	-1490.21	-1587.038	96.82886	0.9963195	0.6531428	3.699603
5580	-1479.13	-1574.676	95.54647	1.015082	0.6961452	4.387998
5586	-1490.36	-1586.462	96.10289	0.6603366	0.4085212	4.52742
5592	-1499.249	-1595.801	96.55122	0.7702498	0.548162	4.076303
5598	-1494.461	-1590.878	96.41685	0.904624	0.548162	4.076303
5604	-1491.032	-1586.206	95.17467	0.7609374	0.6817402	4.750096
5610	-1487.928	-1583.412	95.48353	0.6275036	0.5372976	4.76841
5616	-1489.047	-1583.264	94.2178	0.6918958	0.5726954	5.40449
5622	-1485.328	-1579.941	94.61309	0.6317972	0.6179827	5.18284
5628	-1489.438	-1585.524	96.08642	0.9481235	0.6912653	4.123628
5634	-1482.696	-1578.938	96.24237	0.6610594	0.5454782	4.315974
5640	-1480.839	-1575.262	94.42325	0.634612	0.6241797	5.281378
5646	-1483.425	-1579.471	96.04604	0.6018649	0.5043388	4.497179
5652	-1483.688	-1579.431	95.74258	0.5531818	0.5609571	4.644574
5658	-1482.943	-1578.681	95.73805	0.6848318	0.5459991	4.586209
5664	-1484.836	-1580.573	95.73697	0.6432915	0.5459991	4.610115
5670	-1476.086	-1570.889	94.80332	0.5098395	0.6610264	5.111916
5676	-1476.537	-1572.185	95.64816	0.7625253	0.6633639	4.49755
5682	-1474.952	-1570.906	95.95429	0.8422117	0.4873511	4.42942
5688	-1485.286	-1582.227	96.94049	1.040139	1.118457	3.307456
5694	-1486.003	-1583.469	97.46591	0.8733663	0.6842194	3.375868
5700	-1474.681	-1569.728	95.04726	0.6523502	0.6842194	4.879939
5706	-1476.044	-1569.498	93.45412	0.5290323	0.5392868	5.940697
5712	-1483.025	-1576.331	93.30617	0.2779104	0.6103834	6.100159
5718	-1480.265	-1573.38	93.11542	0.4530992	0.6103834	6.108633
5724	-1480.74	-1575.881	95.14121	0.5933181	0.7591838	4.807251
5730	-1482.173	-1576.385	94.21238	0.5303033	0.7265143	5.379789
5736	-1481.42	-1576.075	94.65486	0.435868	0.4870022	5.379789
5742	-1483.62	-1578.567	94.94774	0.6969923	0.6045465	4.971768
5748	-1483.774	-1578.465	94.69064	0.5958219	0.6701984	5.119854
5754	-1485.705	-1582.285	96.57934	0.7902975	0.4294078	4.162714
5760	-1489.218	-1583.212	93.99424	0.6216901	0.6130728	5.533562
5766	-1475.08	-1569.995	94.91432	0.550928	0.6055246	5.07065
5772	-1472.224	-1566.356	94.13224	0.3528525	0.5125238	5.689481
5778	-1484.987	-1581.261	96.27442	0.5931362	0.4948777	4.382235
5784	-1480.031	-1574.867	94.83628	0.6029205	0.79764	4.945979
5790	-1487.888	-1581.725	93.83751	0.4518439	0.7784585	5.593901
5796	-1485.302	-1579.497	94.19555	0.4231421	0.6704576	5.488308
5802	-1491.682	-1585.968	94.28668	0.3001382	0.6704576	5.50584
5808	-1479.936	-1574.55	94.6141	0.5370987	0.6370935	5.219784
5814	-1484.723	-1579.327	94.6033	0.6068119	0.5331701	5.272357
5820	-1494.639	-1589.559	94.91977	0.6714834	0.3954796	5.194674
5826	-1496.395	-1590.216	93.82084	0.4381661	0.4677207	5.854383
5832	-1486.795	-1581.247	94.45108	0.6917755	0.5154009	5.32518
5838	-1485.56	-1581.337	95.77608	0.5196178	0.5301077	4.671493
5844	-1486.8	-1582.247	95.44766	0.5070958	0.6644172	4.752358
5850	-1495.544	-1591.403	95.85869	0.8314061	0.5402385	4.441007
5856	-1485.53	-1581.287	95.75671	0.7405278	0.4609281	4.623122
5862	-1483.558	-1578.609	95.05166	0.763034	0.6697298	4.826555
5868	-1485.501	-1580.907	95.40641	0.4082825	0.6697298	4.826555
5874	-1481.39	-1577.673	96.28283	0.7493035	0.5931747	4.202269
5880	-1492.416	-1587.792	95.37652	0.566096	0.6267517	4.788165
5886	-1495.741	-1591.841	96.10041	0.9138688	0.5043185	4.290484
5892	-1482.314	-1576.287	93.9736	0.8152948	0.538144	5.500201
5898	-1474.605	-1571.434	96.82975	0.9561427	0.5493124	3.809332
5904	-1490.438	-1587.718	97.28081	0.801476	0.6755292	3.532863
5910	-1494.297	-1591.793	97.49598	0.8029669	0.6022551	3.46592
5916	-1487.324	-1584.282	96.95721	1.056369	0.6608866	3.584297
5922	-1478.43	-1575.122	96.69219	0.6819197	0.7061697	3.918639
5928	-1481.273	-1576.434	95.16159	0.4864786	0.5384242	5.025241
5934	-1491.422	-1587.786	96.36359	0.8310088	0.6862954	4.036153
5940	-1480.362	-1575.225	94.86288	0.6945723	0.544523	5.070237
5946	-1482.654	-1577.745	95.09138	0.6499781	0.5786741	4.939164
5952	-1483.673	-1578.841	95.16858	0.4548713	0.6616424	4.939164
5958	-1475.524	-1569.223	93.6986	0.6254637	0.5989887	5.704912
5964	-1474.588	-1571.953	97.36452	0.8527231	0.5989887	3.516374
5970	-1488.708	-1586.192	97.48439	0.9135629	0.4025366	3.601348
5976	-1485.345	-1582.232	96.88654	0.7286428	0.4025366	4.051638
5982	-1487.581	-1584.357	96.77682	0.7421367	0.6396309	3.886693
5988	-1490.87	-1587.758	96.88843	0.8301858	0.6879926	3.734137
5994	-1486.573	-1582.458	95.88504	0.6946994	0.6363668	4.423227
6000	-1489.104	-1584.539	95.43518	0.6368507	0.3800337	4.944839
6006	-1492.581	-1588.957	96.37671	0.7017579	0.5055122	4.253028
6012	-1484.026	-1580.869	96.84245	0.9055408	0.4401632	3.935706
6018	-1486.084	-1580.966	94.88214	0.7321955	0.5757423	5.012205
6024	-1486.599	-1581.609	95.01	0.538703	0.6207798	5.012205
6030	-1484.38	-1578.78	94.4007	0.4947614	0.5145442	5.462283
6036	-1479.635	-1575.975	96.33964	0.842588	0.5183852	4.182294
6042	-1488.095	-1584.121	96.02652	0.6387393	0.5088412	4.483263
6048	-1483.404	-1579.786	96.38193	0.7969005	0.5205875	4.182206
6054	-1484.315	-1579.606	95.29159	0.7049703	0.7276834	4.682726
6060	-1478.605	-1573.947	95.34241	0.717251	0.5889653	4.753197
6066	-1472.298	-1567.266	94.96833	0.6680714	0.5151324	5.052325
6072	-1481.795	-1575.479	93.68373	0.3308066	0.5851226	5.885423
6078	-1478.707	-1572.527	93.82055	0.3522559	0.6860418	5.721705
6084	-1471.119	-1567.458	96.33938	0.6581269	0.5068051	4.297669
6090	-1475.952	-1570.135	94.18305	0.7603635	0.4658628	5.480824
6096	-1478.077	-1573.243	95.16621	0.642889	0.6186892	4.868998
6102	-1483.067	-1577.701	94.63401	0.6462678	0.5787862	5.194857
6108	-1486.286	-1582.115	95.82892	0.844172	0.7274244	4.302257
6114	-1481.231	-1577.419	96.18803	0.7434868	0.41812	4.422507
6120	-1486.903	-1582.48	95.57653	0.7912072	0.8305187	4.40459
6126	-1493.813	-1590.336	96.52206	0.8069117	0.4258234	4.189566
6132	-1491.31	-1587.316	96.00512	0.8004769	0.7586183	4.205157
6138	-1488.657	-1586.19	97.53259	0.9396949	0.4117711	3.547917
6144	-1482.902	-1580.686	97.78359	1.033704	0.8437544	2.97627
6150	-1488.596	-1586.425	97.82874	1.113409	0.7362608	2.978262
6156	-1482.024	-1576.948	94.92466	0.8376308	0.6786003	4.84916
6162	-1488.77	-1584.319	95.54935	0.5907449	0.6260574	4.67831
6168	-1494.334	-1589.544	95.20929	0.8659277	0.8270164	4.571454
6174	-1488.261	-1583.944	95.68221	0.7928662	0.6972068	4.435982
6180	-1490.52	-1586.132	95.61242	0.7611354	0.7564663	4.450895
6186	-1486.354	-1579.152	92.79764	0.5138123	0.5100768	6.331777
6192	-1494.676	-1587.986	93.31008	0.5855681	0.672983	5.882852
6198	-1499.741	-1594.924	95.18238	0.7618379	0.4202562	4.972799
6204	-1494.029	-1588.082	94.05247	0.7330393	0.4786601	5.555537
6210	-1496.31	-1593.122	96.81167	0.7845338	0.6963828	3.798366
6216	-1484.135	-1580.418	96.28282	0.8147895	0.6497588	4.119452
6222	-1480.131	-1575.132	95.00093	0.7567024	0.6573024	4.867738
6228	-1480.998	-1576.361	95.36248	0.7864312	0.5740643	4.715685
6234	-1485.056	-1579.649	94.59277	0.6569326	0.6401777	5.162911
6240	-1486.308	-1579.04	92.73214	0.5584229	0.7993593	6.126287
6246	-1487.411	-1580.122	92.71122	0.6011693	0.7810369	6.126287
6252	-1487.287	-1580.865	93.57851	0.3614536	0.4851638	6.012298
6258	-1481.074	-1576.849	95.77443	0.6633054	0.7332112	4.431029
6264	-1493.785	-1590.439	96.65363	1.005819	0.4766181	3.949735
6270	-1493.259	-1588.31	95.05131	0.7982719	0.5919565	4.867966
6276	-1499.435	-1591.595	92.15986	0.9153906	0.5919565	6.391259
6282	-1492.48	-1587.175	94.69515	0.7932284	0.7644755	4.940785
6288	-1490.948	-1586.881	95.93311	0.6698756	0.6874315	4.371067
6294	-1494.129	-1587.488	93.35904	0.572444	0.639984	5.887846
6300	-1496.652	-1590.502	93.85003	0.355683	0.4631539	5.887846
6306	-1492.745	-1588.222	95.47663	0.6116541	0.5546942	4.766013
6312	-1487.382	-1581.244	93.86251	0.5723674	0.8730413	5.453902
6318	-1487.672	-1582.771	95.0991	0.5647337	0.5105683	5.041217
6324	-1490.897	-1585.462	94.565	0.4970099	0.5476925	5.341558
6330	-1478.363	-1572.601	94.2381	0.6208757	0.4905967	5.504068
6336	-1490.202	-1583.615	93.41255	0.5567418	0.6549559	5.855919
6342	-1488.652	-1582.921	94.26927	0.4847287	0.600475	5.467619
6348	-1490.8	-1586.202	95.40195	0.7781627	0.6622773	4.627854
6354	-1483.598	-1579.894	96.29626	0.9420767	0.3928809	4.2764
6360	-1482.472	-1578.267	95.79444	0.8456284	0.6801223	4.355588
6366	-1483.388	-1577.522	94.13403	0.3856851	0.6801223	5.535638
6372	-1489.554	-1583.643	94.0883	0.4909478	0.6089192	5.557001
6378	-1486.355	-1580.401	94.04644	0.5162438	0.6205071	5.557001
6384	-1487.023	-1581.994	94.97106	0.6596727	0.5262387	5.04557
6390	-1483.033	-1580.812	97.77922	0.8840503	0.5558436	3.292742
6396	-1480.748	-1576.301	95.55332	0.7858743	0.7521213	4.473259
6402	-1482.022	-1578.904	96.88169	0.7085844	0.6114681	3.868569
6408	-1480.453	-1576.258	95.80498	0.7107971	0.6114681	4.479082
6414	-1487.123	-1582.36	95.23708	0.6598404	0.5825916	4.849284
6420	-1491.433	-1586.606	95.17331	0.5948134	0.5825916	4.921028
6426	-1486.307	-1582.869	96.56212	1.076916	0.743666	3.738921
6432	-1478.039	-1574.376	96.33696	0.9317304	0.754945	3.943779
6438	-1483.817	-1578.337	94.52002	0.6732694	0.754945	5.11112
6444	-1479.47	-1575.235	95.76509	0.7216613	0.6524459	4.463099
6450	-1492.208	-1586.287	94.07904	0.5710751	0.6524459	5.484458
6456	-1487.847	-1584.57	96.72389	0.6323865	0.3829433	4.220644
6462	-1487.592	-1583.765	96.17304	0.681926	0.6979905	4.220644
6468	-1495.497	-1591.016	95.51917	0.8037722	0.6272729	4.574845
6474	-1489.283	-1584.995	95.71238	0.7865855	0.5888356	4.507051
6480	-1488.913	-1584.707	95.79445	0.8133977	0.5181657	4.507051
6486	-1479.475	-1574.048	94.57292	0.569229	0.5034562	5.336327
6492	-1490.709	-1584.485	93.77594	0.6488989	0.5034562	5.730626
6498	-1486.111	-1581.3	95.18891	0.6744368	0.6785078	4.792859
6504	-1498.175	-1594.24	96.06425	0.5583922	0.4660458	4.547737
6510	-1487.019	-1582.898	95.87908	0.6976603	0.4930103	4.547737
6516	-1491.218	-1587.67	96.45264	0.6668674	0.6304035	4.122282
6522	-1491.196	-1587.005	95.80876	0.615198	0.5904716	4.547855
6528	-1492.712	-1587.927	95.21441	0.9411229	0.7653003	4.567417
6534	-1487.824	-1584.622	96.79848	0.9089249	0.4598164	3.938927
6540	-1483.572	-1580.175	96.60302	1.249008	0.4035225	3.915139
6546	-1489.864	-1587.306	97.44176	1.249008	0.6388337	3.204899
6552	-1485.807	-1580.512	94.70498	0.7258443	0.6712183	5.039032
6558	-1474.844	-1569.741	94.89642	0.6235122	0.6712183	4.989542
6564	-1474.99	-1569.308	94.31859	0.479016	0.6161323	5.431207
6570	-1476.787	-1570.998	94.21113	0.4216789	0.7396735	5.431207
6576	-1479.03	-1573.651	94.6203	0.7667012	0.7063875	5.037653
6582	-1478.87	-1573.998	95.1287	0.7709247	0.3827376	5.037653
6588	-1472.217	-1567.902	95.68546	0.6641487	0.5897803	4.590171
6594	-1475.968	-1571.396	95.42808	0.6590991	0.7883614	4.590171
6600	-1476.849	-1571.223	94.37438	0.4342131	0.5693918	5.462902
6606	-1482.117	-1576.674	94.55693	0.5102968	0.5230145	5.36014
6612	-1484.011	-1578.668	94.65752	0.4073458	0.5883499	5.306062
6618	-1479.655	-1573.736	94.08096	0.6073983	0.6006857	5.503563
6624	-1479.922	-1576.004	96.08165	0.6160415	0.5779855	4.40419
6630	-1492.995	-1587.066	94.07173	0.6868465	0.6073242	5.459644
6636	-1491.887	-1588.366	96.47881	0.6060224	0.5377403	4.220087
6642	-1496.898	-1592.796	95.898	0.5059725	0.4990148	4.639071
6648	-1489.939	-1584.606	94.66753	0.5800744	0.5510252	5.236227
6654	-1503.015	-1597.147	94.13199	0.6074652	0.578339	5.493557
6660	-1501.155	-1596.809	95.65413	0.8176048	0.4641442	4.634271
6666	-1505.547	-1601.451	95.90405	0.6938653	0.4955523	4.533455
6672	-1505.564	-1600.863	95.29966	0.7109831	0.6810924	4.708625
6678	-1502.879	-1598.723	95.84333	0.7034557	0.5038521	4.554471
6684	-1507.502	-1603.522	96.01998	0.7052373	0.4032089	4.554471
6690	-1490.995	-1587.136	96.1409	0.5696166	0.5014963	4.464576
6696	-1488.7	-1584.837	96.13746	0.8098365	0.6892785	4.174713
6702	-1488.724	-1582.264	93.54039	0.5356404	0.522521	5.904494
6708	-1486.366	-1581.642	95.27519	0.5851999	0.522521	4.921239
6714	-1482.76	-1579.253	96.49241	0.5610883	0.5585852	4.219531
6720	-1483.665	-1578.033	94.3682	0.4945898	0.5585852	5.442106
6726	-1473.348	-1569.05	95.7015	0.5421161	0.4220937	4.804136
6732	-1477.697	-1573.111	95.41464	0.7142751	0.4930382	4.798457
6738	-1476.34	-1571.93	95.58991	0.4950468	0.5461682	4.77523
6744	-1482.239	-1577.279	95.03981	0.6591751	0.5461682	4.990238
6750	-1479.238	-1573.7	94.46232	0.7479613	0.4381899	5.360863
6756	-1472.152	-1567.901	95.74912	0.6577337	0.6114654	4.540339
6762	-1476.694	-1570.426	93.73141	0.5839716	0.3747684	5.918293
6768	-1471.868	-1567.425	95.55747	0.6509285	0.4226903	4.823168
6774	-1477.727	-1572.783	95.05535	0.4501317	0.5355296	5.106867
6780	-1478.336	-1573.068	94.73209	0.5630372	0.5481369	5.212419
6786	-1475.346	-1570.1	94.7543	0.4389494	0.5555582	5.262407
6792	-1477.534	-1571.092	93.55872	0.4509986	0.5555582	5.912403
6798	-1490.483	-1583.505	93.02162	0.2559205	0.6083247	6.268522
6804	-1489.553	-1583.602	94.04928	0.3247539	0.4485326	5.809915
6810	-1488.963	-1583.079	94.11669	0.6254721	0.6265191	5.453624
6816	-1490.268	-1585.806	95.53742	0.6842185	0.5499198	4.695574
6822	-1481.376	-1577.14	95.76346	0.6499048	0.6907973	4.475465
6828	-1483.524	-1578.7	95.17571	0.6252723	0.4529545	5.019385
6834	-1483.727	-1579.587	95.85965	0.6627816	0.496119	4.575325
6840	-1490.81	-1584.388	93.57861	0.4517739	0.4890367	5.959413
6846	-1482.702	-1578.232	95.53053	0.4858584	0.6355276	4.740077
6852	-1476.519	-1571.098	94.57872	0.6667575	0.6227498	5.178769
6858	-1488.925	-1583.159	94.2337	0.3819046	0.6570156	5.50001
6864	-1490.273	-1584.518	94.24453	0.3933777	0.6407843	5.50001
6870	-1480.088	-1575.593	95.50471	0.5507793	0.4739941	4.857389
6876	-1479.525	-1574.005	94.48066	0.7993269	0.7374358	5.075107
6882	-1478.946	-1573.156	94.20931	0.4610334	0.3999466	5.696958
6888	-1474.996	-1569	94.00429	0.4911962	0.5196064	5.677506
6894	-1485.354	-1578.488	93.13305	0.416823	0.7169395	6.040182
6900	-1497.528	-1591.987	94.45914	0.7576902	0.6038382	5.209598
6906	-1497.661	-1593.286	95.62577	0.7600728	0.6359291	4.532706
6912	-1489.303	-1584.623	95.32	0.7227363	0.5882485	4.763239
6918	-1479.637	-1576.57	96.93356	0.8652682	0.4662982	3.880033
6924	-1481.951	-1578.464	96.51216	0.992893	0.5535538	3.966722
6930	-1478.19	-1572.829	94.63922	0.6929129	0.5100806	5.225411
6936	-1480.155	-1574.872	94.71752	0.6221301	0.5234328	5.209321
6942	-1484.684	-1579.079	94.39475	0.6221301	0.5234328	5.387525
6948	-1492.27	-1588.501	96.23122	0.7837367	0.6353071	4.177817
6954	-1502.389	-1598.903	96.51372	0.6414938	0.7934232	3.982087
6960	-1489.535	-1585.321	95.78631	0.7290998	0.6168487	4.474962
6966	-1480.85	-1576.669	95.81874	0.7092151	0.6080912	4.474962
6972	-1483.121	-1578.049	94.92755	0.6724169	0.747366	4.890394
6978	-1495.21	-1590.617	95.407	0.7204122	0.7490148	4.594436
6984	-1498.772	-1594.847	96.0744	0.9150989	0.4134521	4.394749
6990	-1489.531	-1585.465	95.93316	0.8876214	0.5098043	4.394749
6996	-1492.993	-1590.916	97.92312	0.8999055	0.4400935	3.311982
7002	-1485.331	-1582.737	97.40569	0.8727539	0.6559571	3.433763
7008	-1484.73	-1580.543	95.81299	0.7503004	0.6559571	4.417273
7014	-1476.832	-1573.639	96.80665	0.7580761	0.6559571	3.847507
7020	-1477.38	-1574.939	97.55897	0.912795	0.5733336	3.389734
7026	-1477.176	-1572.987	95.81082	0.7060128	0.531925	4.545854
7032	-1482.461	-1575.716	93.2551	0.6073885	0.5322039	6.012626
7038	-1483.852	-1579.2	95.34745	0.6498591	0.8533383	4.598363
7044	-1477.757	-1573.145	95.38873	0.6353341	0.5549037	4.801691
7050	-1484.817	-1581.253	96.43574	0.6830689	0.7491837	4.033529
7056	-1484.793	-1580.084	95.29085	0.5017217	0.3917093	5.087239
7062	-1492.204	-1587.87	95.66601	0.6189782	0.498934	4.705766
7068	-1487.6	-1583.076	95.47665	0.5830436	0.6090605	4.73683
7074	-1480.524	-1575.91	95.38609	0.4942709	0.474718	4.954203
7080	-1481.882	-1577.402	95.52018	0.55399	0.474718	4.846284
7086	-1485.839	-1581.032	95.19337	0.5257401	0.3944224	5.125024
7092	-1484.267	-1580.244	95.97664	0.6595022	0.4852789	4.521648
7098	-1492.632	-1588.978	96.34672	0.7610854	0.4312746	4.309213
7104	-1495.612	-1590.439	94.82675	0.7235424	0.6221515	5.010245
7110	-1488.295	-1583.784	95.48916	0.6613893	0.7041623	4.613322
7116	-1487.208	-1581.533	94.32479	0.5825	0.5732086	5.405388
7122	-1499.162	-1596.541	97.37935	0.6762354	0.4727224	3.72583
7128	-1495.509	-1592.963	97.45369	0.8357902	0.6279977	3.449965
7134	-1492.516	-1587.822	95.30585	0.6759717	0.6619532	4.739092
7140	-1492.949	-1585.84	92.89092	0.5889784	0.5228081	6.229089
7146	-1497.111	-1590.927	93.81636	0.8805097	0.7115293	5.415576
7152	-1481.151	-1577.248	96.09751	1.169101	0.7854611	3.923758
7158	-1484.585	-1580.623	96.03852	0.938945	0.6209799	4.210542
7164	-1477.719	-1570.694	92.97562	0.5829513	0.6079818	6.11593
7170	-1475.97	-1570.785	94.81475	0.6955731	0.7251261	4.955807
7176	-1474.886	-1570.6	95.71378	0.7036107	0.7251261	4.448249
7182	-1477.789	-1571.926	94.13687	0.6096081	0.5601168	5.504821
7188	-1483.698	-1577.004	93.30607	0.5600819	0.675064	5.897445
7194	-1482.912	-1576.056	93.14402	0.7137964	0.6813243	5.897445
7200	-1478.755	-1574.783	96.02802	0.615806	0.4883783	4.514393
7206	-1480.901	-1577.137	96.23571	0.7419414	0.4459212	4.36778
7212	-1483.062	-1578.352	95.28968	0.614676	0.5535375	4.869621
7218	-1488.822	-1583.275	94.45249	0.5298228	0.6226626	5.32427
7224	-1480.407	-1575.656	95.24894	0.595844	0.4587875	4.98934
7230	-1494.905	-1590.553	95.64823	0.6089404	0.4172142	4.801655
7236	-1491.745	-1588.201	96.45618	0.8252687	0.697384	3.978222
7242	-1496.514	-1591.033	94.51943	0.5923464	0.5119307	5.345433
7248	-1479.846	-1575.105	95.25887	0.8200426	0.5119307	4.808991
7254	-1486.442	-1580.881	94.43874	0.6584474	0.4853763	5.377738
7260	-1483.007	-1577.212	94.20472	0.5232836	0.5079006	5.560315
7266	-1469.944	-1564.816	94.87199	0.7122544	0.7153415	4.921622
7272	-1485.84	-1580.648	94.808	0.3880768	0.6648725	5.17388
7278	-1495.799	-1590.611	94.81235	0.5038153	0.6507946	5.117983
7284	-1491.708	-1587.945	96.23689	0.8428153	0.4922088	4.264808
7290	-1483.015	-1579.921	96.90607	1.05938	0.8103058	3.502918
7296	-1475.223	-1570.103	94.87964	0.776151	0.7283948	4.872527
7302	-1474.616	-1571.843	97.22662	1.049192	0.7257261	3.381574
7308	-1483.192	-1581.021	97.82802	1.257923	0.4632347	3.132061
7314	-1480.181	-1578.625	98.44358	1.407847	0.5330859	2.597875
7320	-1486.223	-1580.86	94.63741	0.9530777	0.6898518	4.936553
7326	-1491.69	-1586.133	94.44353	0.8452783	0.6006156	5.172354
7332	-1489.218	-1584.652	95.43376	0.8190762	0.6289367	4.612866
7338	-1480.275	-1574.771	94.49624	0.8190762	0.7077981	5.076416
7344	-1489.089	-1582.13	93.04007	0.5579712	0.7077981	6.020321
7350	-1488.398	-1582.926	94.52823	0.72327	0.6898605	5.124749
7356	-1491.28	-1586.973	95.69271	0.7733257	0.4839831	4.618379
7362	-1485.216	-1580.205	94.98956	0.7115164	0.5769797	4.962976
7368	-1482.273	-1577.529	95.25573	0.7025091	0.6397318	4.769298
7374	-1474.695	-1570.757	96.06224	0.7083238	0.5435311	4.392735
7380	-1478.501	-1574.055	95.55394	0.651564	0.5435311	4.710153
7386	-1486.424	-1580.298	93.87437	0.4425621	0.6290064	5.685288
7392	-1485.473	-1580.798	95.32552	0.6058424	0.6290064	4.792673
7398	-1483.597	-1578.329	94.73174	0.7104767	0.6373832	5.058364
7404	-1476.856	-1572.288	95.4324	0.6826139	0.5555539	4.75034
7410	-1480.932	-1577.311	96.37871	0.7097758	0.5227852	4.231474
7416	-1481.957	-1577.171	95.2143	0.7835685	0.5645388	4.808098
7422	-1483.865	-1580.406	96.54105	0.8143904	0.5232219	4.079336
7428	-1478.234	-1575.608	97.37392	1.052322	0.6973673	3.314585
7434	-1472.821	-1569.176	96.35525	0.8264624	0.7958354	3.965292
7440	-1470.076	-1566.083	96.00716	0.8679153	0.5941778	4.290445
7446	-1475.822	-1572.33	96.50859	0.7940149	0.5046294	4.126594
7452	-1476.769	-1572.647	95.87876	0.7451445	0.5352316	4.482712
7458	-1480.986	-1575.436	94.45082	0.7739187	0.5655097	5.236613
7464	-1477.679	-1572.232	94.55297	0.523385	0.7036459	5.211739
7470	-1480.157	-1574.917	94.75989	0.5204599	0.5585306	5.211739
7476	-1476.386	-1572.597	96.21186	0.7559509	0.6515317	4.191849
7482	-1479.638	-1575.959	96.3206	0.7142306	0.5329187	4.252741
7488	-1474.046	-1569.092	95.04578	0.7714303	0.6072994	4.873568
7494	-1472.765	-1568.307	95.54212	0.5904387	0.6072994	4.697494
7500	-1470.708	-1566.606	95.89765	0.8903511	0.619984	4.318659
7506	-1477.962	-1573.712	95.75033	0.7779789	0.6367613	4.451899
7512	-1475.492	-1569.282	93.78941	0.6744732	0.686877	5.561406
7518	-1482.063	-1577.39	95.32712	0.7528859	0.5130321	4.807381
7524	-1479.661	-1575.334	95.67309	0.8348148	0.5130321	4.567881
7530	-1476.637	-1571.895	95.25794	0.8348148	0.8173661	4.567881
7536	-1471.54	-1567.077	95.53689	0.6556006	0.5153992	4.742419
7542	-1485.015	-1579.965	94.9502	0.687039	0.4298902	5.13326
7548	-1493.94	-1588.455	94.51512	0.6880018	0.5485682	5.262907
7554	-1487.43	-1582.83	95.39978	0.6145537	0.551173	4.810329
7560	-1492.195	-1588.829	96.63421	0.9324431	0.6447024	3.855272
7566	-1496.948	-1594.094	97.14591	0.656968	0.4891902	3.855272
7572	-1493.452	-1588.629	95.17722	0.7169215	0.8823321	4.63814
7578	-1489.524	-1586.231	96.70632	0.859064	0.3972748	4.085811
7584	-1488.185	-1583.986	95.80106	0.6723906	0.6857077	4.445405
7590	-1483.998	-1580.265	96.26702	0.8957271	0.7081227	4.038073
7596	-1485.42	-1581.078	95.65768	0.8112898	0.6021382	4.512987
7602	-1484.184	-1578.52	94.33576	0.4606042	0.6077006	5.438546
7608	-1482.2	-1576.204	94.00397	0.4669952	0.6077006	5.617426
7614	-1495.872	-1591.693	95.82108	0.6842152	0.6570399	4.449123
7620	-1485.953	-1581.736	95.78286	0.6285617	0.5585764	4.581754
7626	-1482.908	-1579.429	96.52146	0.7266581	0.5914694	4.080873
7632	-1479.109	-1575.33	96.22058	0.766395	0.7893642	4.080873
7638	-1472.932	-1567.939	95.00712	0.6999972	0.4506581	5.073738
7644	-1478.061	-1572.477	94.41671	0.6173894	0.673554	5.257004
7650	-1497.858	-1591.379	93.52111	0.4675697	0.6070023	5.882092
7656	-1490.963	-1585.548	94.58491	0.4141284	0.5116529	5.407832
7662	-1484.363	-1581.233	96.87005	0.7952901	0.4795613	3.943492
7668	-1486.463	-1580.223	93.75999	0.408789	0.6360768	5.761035
7674	-1483.342	-1578.441	95.09975	0.3652087	0.6360768	5.046758
7680	-1478.759	-1573.778	95.0195	0.4912001	0.6038693	5.046758
7686	-1482.598	-1577.649	95.05076	0.4599439	0.6038693	5.046758
7692	-1490.166	-1585.151	94.98522	0.5993351	0.7530436	4.895063
7698	-1492.21	-1587.272	95.06138	0.7651599	0.6467145	4.837411
7704	-1481.658	-1575.318	93.65993	0.006902477	0.5000426	6.147558
7710	-1487.626	-1581.318	93.69186	0.01882995	0.4740047	6.147558
7716	-1490.047	-1584.827	94.77987	0.01477526	0.4740047	5.55489
7722	-1487.191	-1582.217	95.02584	0.03596781	0.4910962	5.391941
7728	-1487.71	-1582.154	94.44427	0.04973873	0.4910962	5.703966
7734	-1480.538	-1575.124	94.58558	0.07396285	0.4910962	5.613179
7740	-1486.547	-1581.06	94.51303	0.1162582	0.5093972	5.613179
7746	-1490.917	-1585.25	94.33311	0.2741806	0.4931595	5.639958
7752	-1483.45	-1577.149	93.69903	0.5176183	0.7691906	5.639958
7758	-1484.79	-1579.019	94.22955	0.6427943	0.8923261	5.200829
7764	-1487.517	-1582.511	94.99372	0.5217637	0.6791722	4.986112
7770	-1482.758	-1577.287	94.52958	0.7332594	0.6876084	5.120109
7776	-1483.396	-1580.232	96.83537	0.6942742	0.5997204	3.913089
7782	-1484.391	-1581.334	96.94251	0.8924384	0.5359958	3.793061
7788	-1480.94	-1575.631	94.69112	0.6055376	0.558703	5.202574
7794	-1483.591	-1577.498	93.90667	0.4837924	0.739833	5.564391
7800	-1485.252	-1580.233	94.98097	0.5131295	0.6610049	5.011548
7806	-1486.051	-1579.528	93.47678	0.4615171	0.6039228	5.912047
7812	-1479.826	-1574.6	94.77412	0.5780818	0.5767668	5.156719
7818	-1480.894	-1574.392	93.49799	0.5750336	0.6433996	5.807873
7824	-1485.734	-1579.718	93.98457	0.5014684	0.6433996	5.581487
7830	-1492.42	-1586.648	94.22787	0.5848356	0.5314753	5.49289
7836	-1488.187	-1582.99	94.80295	0.6526808	0.5775365	5.098779
7842	-1498.958	-1593.651	94.69283	0.6863409	0.6362666	5.094199
7848	-1489.1	-1582.849	93.74933	0.6208544	0.7451369	5.571898
7854	-1485.599	-1579.536	93.93726	0.628968	0.6843248	5.507002
7860	-1486.156	-1582.797	96.64064	0.8475365	0.8689385	3.741039
7866	-1482.519	-1579.478	96.95875	0.8374339	0.6224365	3.741039
7872	-1484.571	-1578.389	93.81787	0.7135649	0.5617222	5.621615
7878	-1484.321	-1578.985	94.66422	0.57547	0.5009018	5.284812
7884	-1485.1	-1578.486	93.38602	0.633992	0.6108496	5.861943
7890	-1490.347	-1585.174	94.82738	0.5497893	0.5145436	5.19649
7896	-1496.431	-1590.547	94.116	0.4501075	0.6628945	5.522837
7902	-1486.003	-1580.55	94.54676	0.6110444	0.5587404	5.279291
7908	-1485.06	-1579.712	94.65173	0.7910797	0.4537038	5.217125
7914	-1489.007	-1583.524	94.51663	0.5477771	0.5210432	5.363436
7920	-1485.241	-1580.47	95.22964	0.7661314	0.600367	4.779565
7926	-1489.592	-1584.819	95.22683	0.6144317	0.6447503	4.830714
7932	-1484.685	-1581.999	97.31375	1.000458	0.5244762	3.526072
7938	-1487.382	-1583.107	95.72511	0.8719353	0.4073396	4.62197
7944	-1500.219	-1595.922	95.70306	0.8831184	0.5838058	4.462154
7950	-1487.731	-1583.687	95.95611	0.6762515	0.7001837	4.345042
7956	-1488.688	-1585.255	96.56695	0.7465086	0.4980696	4.126576
7962	-1495.119	-1590.279	95.16077	0.5294175	0.4423108	5.091405
7968	-1503.173	-1598.839	95.66641	0.5683302	0.4936957	4.738733
7974	-1492.406	-1587.686	95.27993	0.4971976	0.5254624	4.964935
7980	-1496.387	-1592.017	95.63051	0.6351244	0.5254624	4.69246
7986	-1494.993	-1589.179	94.18552	0.5844409	0.6515893	5.419129
7992	-1491.016	-1586.403	95.3873	0.4742137	0.6484543	4.816567
7998	-1492.53	-1585.351	92.82093	0.2408509	0.7700144	6.269826
8004	-1480.484	-1575.69	95.20566	0.2696466	0.5685961	5.095318
8010	-1481.355	-1576.385	95.03055	0.4521741	0.563698	5.095318
8016	-1491.027	-1586.208	95.18019	0.482479	0.4859747	5.064489
8022	-1488.831	-1582.991	94.16063	0.2790679	0.6970218	5.567381
8028	-1486.91	-1581.86	94.94985	0.6079512	0.7098635	4.940249
8034	-1486.859	-1580.138	93.27901	0.6309171	0.6245844	5.911405
8040	-1490.497	-1585.302	94.80441	0.5936488	0.4617717	5.234027
8046	-1482.162	-1576.363	94.20161	0.8409529	0.5682647	5.334916
8052	-1478.064	-1573.73	95.66615	0.6811019	0.4338303	4.734184
8058	-1482.434	-1577.162	94.72853	0.6717097	0.5682747	5.137183
8064	-1477.646	-1571.453	93.80681	0.4052482	0.4851543	5.86375
8070	-1476.93	-1571.828	94.89813	0.5171635	0.5927551	5.108656
8076	-1482.61	-1577.309	94.69895	0.5438894	0.5177263	5.267905
8082	-1487.015	-1582.067	95.05234	0.8016805	0.6319236	4.833547
8088	-1491.705	-1588.042	96.3369	0.8957737	0.4963679	4.174109
8094	-1486.307	-1582.02	95.71287	0.7972545	0.7408448	4.384809
8100	-1484.091	-1579.729	95.63794	0.5463866	0.5351145	4.729375
8106	-1491.103	-1587.161	96.05764	0.7565425	0.4602185	4.445703
8112	-1486.826	-1580.666	93.84019	0.6564263	0.6828451	5.546349
8118	-1495.208	-1589.423	94.21555	0.4175576	0.5852885	5.546349
8124	-1491.829	-1585.92	94.09087	0.5981953	0.5829039	5.517533
8130	-1485.187	-1579.228	94.04116	0.6368456	0.590387	5.517533
8136	-1486.38	-1581.638	95.25725	0.6697456	0.590387	4.826091
8142	-1485.178	-1581.071	95.89248	0.9443028	0.5539925	4.346201
8148	-1488.146	-1585.303	97.15751	1.375567	0.7545213	3.208712
8154	-1484.658	-1581.533	96.87485	1.145122	0.7000709	3.55031
8160	-1485.562	-1582.251	96.68937	0.7895966	0.366224	4.170119
8166	-1485.835	-1581.118	95.28343	0.6958468	0.459545	4.913801
8172	-1497.864	-1593.104	95.24052	0.5849168	0.5779585	4.89296
8178	-1494.023	-1589.297	95.27399	0.7368674	0.4841733	4.872599
8184	-1485.986	-1580.649	94.66237	0.580649	0.5652071	5.226761
8190	-1498.21	-1592.937	94.72673	0.4702341	0.5253835	5.286453
8196	-1497.97	-1592.153	94.18291	0.574725	0.392525	5.65699
8202	-1491.984	-1588.475	96.49159	0.8912036	0.618888	3.981381
8208	-1481.12	-1577.813	96.69294	0.8981608	0.4526815	4.012638
8214	-1475.86	-1570.693	94.83321	0.6961941	0.4856661	5.138648
8220	-1479.011	-1573.932	94.92066	0.7777525	0.3924222	5.138648
8226	-1477.481	-1573.719	96.23796	0.6184785	0.6675842	4.242656
8232	-1476.858	-1572.725	95.86729	0.7921339	0.8259349	4.242656
8238	-1480.362	-1575.665	95.30255	0.5415723	0.479964	4.969372
8244	-1482.305	-1576.372	94.0674	0.685084	0.6713958	5.413964
8250	-1477.816	-1572.833	95.01691	0.6394159	0.4716956	5.081499
8256	-1500.787	-1594.577	93.79024	0.7866236	0.6269929	5.54417
8262	-1500.992	-1596.447	95.45556	0.9859608	0.5609361	4.562835
8268	-1482.519	-1577.921	95.4024	0.7807221	0.6499814	4.635564
8274	-1485.736	-1581.596	95.85999	0.8490431	0.546744	4.424617
8280	-1483.24	-1578.044	94.8043	0.5846247	0.5698412	5.14214
8286	-1497.299	-1591.761	94.46289	0.7061971	0.7514166	5.126944
8292	-1483.323	-1578.51	95.18679	0.717002	0.5848126	4.843618
8298	-1491.604	-1586.677	95.07294	0.5173569	0.5948552	5.00985
8304	-1494.064	-1587.721	93.65739	0.4140946	0.6063892	5.837311
8310	-1494.485	-1588.675	94.18925	0.446954	0.7054389	5.453307
8316	-1485.811	-1581.413	95.60142	0.6081301	0.6674252	4.607445
8322	-1476.727	-1571.79	95.06374	0.6137542	0.6632776	4.907854
8328	-1479.38	-1575.068	95.68839	0.8230788	0.5499089	4.533055
8334	-1495.494	-1589.994	94.50029	0.5264025	0.4503794	5.449964
8340	-1491.946	-1586.187	94.24142	0.8514998	0.4141661	5.449964
8346	-1490.677	-1586.362	95.68413	0.8033972	0.4067991	4.683897
8352	-1489.884	-1582.893	93.00889	0.7421417	0.4627872	6.136162
8358	-1489.435	-1582.577	93.14234	0.5737694	0.4831052	6.136162
8364	-1490.142	-1583.345	93.20379	0.550136	0.4831052	6.115576
8370	-1475.595	-1571.733	96.13789	0.8406687	0.5087952	4.306548
8376	-1481.678	-1578.548	96.86977	0.7281692	0.657655	3.827079
8382	-1481.194	-1575.813	94.61836	0.5065736	0.6250591	5.243635
8388	-1480.694	-1574.617	93.92343	0.576	0.6250591	5.588209
8394	-1486.008	-1579.776	93.76754	0.386847	0.5509487	5.837222
8400	-1485.755	-1579.419	93.66338	0.4109415	0.6045366	5.837222
8406	-1492.538	-1587.9	95.36225	0.4660901	0.5748025	4.893974
8412	-1498.77	-1593.618	94.84848	0.4736997	0.5424472	5.202355
8418	-1493.008	-1589.014	96.00593	0.7336892	0.6516432	4.321045
8424	-1488.507	-1584.105	95.59826	0.8574474	0.8264297	4.357593
8430	-1484.677	-1580.185	95.50721	0.9064761	0.72713	4.448904
8436	-1486.466	-1580.725	94.25874	0.710809	0.4618502	5.470288
8442	-1482.315	-1576.305	93.99009	0.6343011	0.690835	5.470288
8448	-1486.561	-1579.973	93.41149	0.5051772	0.690835	5.858425
8454	-1479.106	-1573.189	94.08293	0.6061132	0.6475565	5.466728
8460	-1492.05	-1586.691	94.64114	0.8170011	0.5547643	5.11651
8466	-1483.151	-1576.751	93.59918	0.6954996	0.8139916	5.567858
8472	-1492.177	-1586.678	94.50104	0.5952752	0.6912985	5.209606
8478	-1489.828	-1583.549	93.72166	0.4777848	0.6912985	5.703316
8484	-1491.783	-1585.438	93.65561	0.5438357	0.6912985	5.703316
8490	-1495.058	-1589.662	94.60479	0.6238867	0.6267219	5.184963
8496	-1485.465	-1579.382	93.91698	0.4359526	0.567021	5.715086
8502	-1481.511	-1576.889	95.3774	0.6793659	0.5521967	4.785765
8508	-1480.646	-1574.465	93.81888	0.5516139	0.5521967	5.717874
8514	-1487.061	-1583.166	96.10417	0.6473255	0.4675476	4.473817
8520	-1479.783	-1576.186	96.40268	0.9312524	1.059699	3.716688
8526	-1482.152	-1577.258	95.1064	0.6499869	0.7603418	4.794256
8532	-1477.392	-1572.922	95.53011	0.7747745	0.6383175	4.576308
8538	-1472.02	-1567.286	95.26595	0.776438	0.6759945	4.69466
8544	-1478.651	-1574.971	96.32039	0.7503827	0.6759945	4.114513
8550	-1479.197	-1573.428	94.23108	0.5323186	0.5486493	5.505213
8556	-1476.336	-1571.681	95.34487	0.7385688	0.6796739	4.66894
8562	-1485.511	-1579.933	94.42169	0.5988752	0.4997766	5.406708
8568	-1488.854	-1582.472	93.61756	0.6293407	0.6553861	5.703648
8574	-1477.711	-1571.397	93.68522	0.4557612	0.5824816	5.818438
8580	-1479.962	-1573.538	93.57603	0.6239805	0.4959117	5.860483
8586	-1480.919	-1576.278	95.3587	0.8069232	0.6117655	4.675394
8592	-1490.34	-1585.941	95.60068	0.6729401	0.5396872	4.675394
8598	-1489.602	-1584.298	94.69579	0.6753322	0.5097204	5.204169
8604	-1486.653	-1583.083	96.42939	0.8216371	0.5102545	4.150688
8610	-1484.418	-1578.773	94.35452	0.5199479	0.6843549	5.337203
8616	-1474.738	-1570.19	95.45205	0.700142	0.4839268	4.794011
8622	-1474.767	-1567.373	92.60596	0.5798469	0.7037733	6.247567
8628	-1475.527	-1570.358	94.83047	0.5475702	0.6043413	5.119946
8634	-1477.98	-1571.693	93.7127	0.5872285	0.5733191	5.738924
8640	-1488.319	-1581.899	93.58022	0.6983284	0.5733191	5.750634
8646	-1480.285	-1575.368	95.08294	0.6258323	0.5733191	4.961745
8652	-1491.268	-1585.548	94.27906	0.4704246	0.7345577	5.370446
8658	-1485.661	-1581.065	95.40376	0.6755463	0.4779337	4.840357
8664	-1493.129	-1586.055	92.92545	0.5148498	0.4357809	6.331225
8670	-1482.457	-1574.832	92.37516	0.6292489	0.6080552	6.416985
8676	-1479.729	-1575.469	95.73977	0.547241	0.5117304	4.692883
8682	-1476.066	-1571.283	95.21709	0.6487124	0.6037847	4.849316
8688	-1483.731	-1578.403	94.672	0.5393736	0.7407755	5.110835
8694	-1483.092	-1577.187	94.09464	0.3019031	0.4663922	5.780407
8700	-1483.396	-1577.787	94.39166	0.64009	0.4694218	5.428803
8706	-1486.41	-1579.07	92.65986	0.3732738	0.5195776	6.474373
8712	-1490.296	-1583.553	93.25686	0.520499	0.8685458	5.817412
8718	-1479.366	-1575.52	96.15394	0.8299593	0.6066093	4.218552
8724	-1486.379	-1582.298	95.91935	0.6309295	0.5733059	4.49118
8730	-1484	-1580.284	96.28354	0.8100031	0.5733059	4.18414
8736	-1480.296	-1575.142	94.84512	0.7328835	0.4769536	5.119919
8742	-1490.958	-1585.701	94.74326	0.5814696	0.5454736	5.198333
8748	-1487.036	-1582.229	95.1933	0.605093	0.5398513	4.94045
8754	-1492.17	-1588.173	96.00296	0.5908781	0.6264554	4.42311
8760	-1489.862	-1585.09	95.22836	0.6777368	0.5474856	4.873861
8766	-1482.4	-1579.421	97.02089	0.7338051	0.5111376	3.862108
8772	-1485.156	-1581.437	96.28064	0.8592913	0.5082911	4.215602
8778	-1488.049	-1583.129	95.07963	0.5626385	0.4750441	5.086107
8784	-1492.683	-1588.437	95.75364	0.5698294	0.4397564	4.741459
8790	-1487.315	-1582.091	94.77587	0.7080831	0.5264078	5.12681
8796	-1495.72	-1591.267	95.54696	0.7836752	0.5697034	4.617594
8802	-1497.872	-1590.742	92.87037	0.5874623	0.6810747	6.115783
8808	-1492.431	-1586.183	93.75236	0.6559007	0.4279605	5.811574
8814	-1494.479	-1587.898	93.41852	0.5078657	0.6232309	5.903459
8820	-1499.886	-1596.657	96.77063	0.7696188	0.6078986	3.900222
8826	-1496.266	-1591.91	95.6435	0.7343417	0.6283057	4.543202
8832	-1495.54	-1590.922	95.38176	0.7440048	0.4877035	4.805208
8838	-1491.555	-1585.973	94.4177	0.4965282	0.4505811	5.511641
8844	-1481.583	-1575.808	94.22557	0.5026898	0.5639333	5.511641
8850	-1484.131	-1579.37	95.23937	0.6697039	0.610835	4.819518
8856	-1483.884	-1578.041	94.15694	0.6267134	0.6732899	5.395396
8862	-1477.891	-1571.359	93.46817	0.6511255	0.7006454	5.740533
8868	-1492.272	-1586.618	94.34565	0.4944927	0.4152321	5.58784
8874	-1480.54	-1574.857	94.31648	0.561374	0.5745376	5.420505
8880	-1479.968	-1573.595	93.62661	0.4530021	0.5745376	5.85848
8886	-1477.529	-1572.402	94.87325	0.5112783	0.4596695	5.243539
8892	-1481.81	-1576.227	94.41641	0.4383752	0.6235051	5.393938
8898	-1489.978	-1584.27	94.29166	0.9797196	0.7208653	5.091492
8904	-1479.583	-1574.786	95.20292	0.8170152	0.4769086	4.87442
8910	-1479.14	-1574.314	95.1744	0.7200873	0.5543498	4.87442
8916	-1489.941	-1585.82	95.87954	0.6420104	0.8372336	4.31338
8922	-1492.198	-1588.646	96.44805	0.7833059	0.644629	4.047271
8928	-1484.071	-1575.714	91.6427	0.6887873	0.644629	6.753195
8934	-1486.861	-1580.345	93.48408	0.6201188	0.8180805	5.669791
8940	-1472.926	-1568.023	95.09688	0.5984931	0.7023881	4.869036
8946	-1479.733	-1576.392	96.65832	0.757169	0.5567928	4.015074
8952	-1478.827	-1575.605	96.7779	0.757169	0.482558	4.015074
8958	-1491.771	-1587.972	96.20138	0.7432911	0.5868586	4.257132
8964	-1486.685	-1582.224	95.53857	0.8143327	0.5400726	4.630641
8970	-1484.43	-1579.62	95.19016	0.5840554	0.5901499	4.911416
8976	-1485.649	-1580.903	95.25411	0.668524	0.5502183	4.862291
8982	-1492.889	-1588.867	95.97769	0.3537849	0.715501	4.503513
8988	-1490.681	-1585.723	95.04176	0.589692	0.5296919	5.042116
8994	-1488.608	-1583.892	95.28359	0.4848034	0.5960002	4.909888
9000	-1468.857	-1563.669	94.81268	0.5821617	0.5231535	5.179034
9006	-1466.8	-1562.226	95.42592	0.630233	0.5693028	4.771535
9012	-1481.449	-1575.732	94.2831	0.630233	0.7046087	5.301127
9018	-1488.669	-1582.835	94.16523	0.5176115	0.6140101	5.496036
9024	-1487.61	-1580.941	93.33032	0.4833404	0.6606282	5.936728
9030	-1480.272	-1573.889	93.61721	0.5895512	0.6682287	5.716107
9036	-1482.185	-1577.068	94.88354	0.571103	0.5852369	5.09298
9042	-1477.313	-1572.053	94.74004	0.7730601	0.5466695	5.09298
9048	-1477.894	-1573.921	96.02673	0.7163831	0.7774655	4.227595
9054	-1473.427	-1568.702	95.27476	0.6856318	0.6750896	4.741193
9060	-1476.703	-1570.38	93.67663	0.7535994	0.8994285	5.440561
9066	-1473.833	-1568.117	94.28381	0.6767826	0.5671639	5.381038
9072	-1480.992	-1575.166	94.17413	0.7092361	0.6273602	5.375185
9078	-1479.623	-1574.695	95.07233	0.6150736	0.5081127	5.030357
9084	-1480.442	-1574.33	93.88816	0.6144589	0.4773149	5.712018
9090	-1481.663	-1575.498	93.83511	0.4538797	0.5030526	5.805364
9096	-1476.035	-1570.769	94.73453	0.7071572	0.5714564	5.111562
9102	-1478.313	-1574.581	96.26811	0.6767778	0.5714564	4.27002
9108	-1486.212	-1582.286	96.07441	0.7395421	0.3830515	4.526702
9114	-1479.965	-1575.943	95.97798	0.8319951	0.6652806	4.270736
9120	-1487.02	-1581.44	94.4199	0.515779	0.5900493	5.375946
9126	-1482.134	-1576.654	94.51961	0.5421344	0.5405284	5.347866
9132	-1482.518	-1577.367	94.84934	0.7260566	0.4111306	5.186846
9138	-1480.916	-1576.525	95.60927	0.6996159	0.3890503	4.802933
9144	-1473.589	-1568.828	95.23919	0.7137639	0.4108064	4.977807
9150	-1472.639	-1567.764	95.12493	0.5118539	0.558821	5.01396
9156	-1478.961	-1574.138	95.1778	0.6169702	0.4620422	5.01396
9162	-1473.959	-1569.083	95.12367	0.6496001	0.4744612	5.01396
9168	-1473.654	-1569.751	96.09693	0.6727768	0.5953604	4.34905
9174	-1482.852	-1578.731	95.87941	0.8386452	0.6021053	4.372672
9180	-1479.656	-1574.986	95.33031	0.590779	0.5614847	4.853511
9186	-1469.784	-1567.223	97.43916	0.7936532	0.452202	3.644023
9192	-1475.757	-1571.222	95.4654	0.591309	0.5180933	4.815808
9198	-1480.69	-1576.517	95.82634	0.5686989	0.4979213	4.645093
9204	-1481.301	-1577.017	95.71554	0.7323921	0.733114	4.425352
9210	-1476.345	-1572.53	96.18424	0.5811877	0.5746263	4.3688
9216	-1488.553	-1585.337	96.78357	0.4687646	0.6188009	4.055951
9222	-1480.92	-1575.418	94.49759	0.5449595	0.6270308	5.287612
9228	-1479.797	-1574.483	94.68573	0.5143164	0.5814125	5.237061
9234	-1485.171	-1579.331	94.15976	0.6072053	0.3677902	5.678927
9240	-1478.365	-1574.258	95.89277	0.9053558	0.4901643	4.425841
9246	-1480.386	-1575.611	95.22495	0.7054195	0.4764068	4.924771
9252	-1487.054	-1581.755	94.70147	0.600121	0.4985907	5.252731
9258	-1482.367	-1577.679	95.31173	0.6485562	0.4420586	4.941654
9264	-1478.465	-1572.793	94.3282	0.6368619	0.6076681	5.3456
9270	-1487.248	-1581.2	93.95174	0.6256143	0.4437568	5.703261
9276	-1494.265	-1590.077	95.81189	0.9603606	0.4784601	4.451568
9282	-1478.603	-1573.599	94.99592	0.7186685	0.6052974	4.932312
9288	-1481.532	-1577.521	95.98925	0.6975695	0.489596	4.489063
9294	-1478.876	-1574.464	95.58824	0.6779131	0.5184398	4.698474
9300	-1481.148	-1576.52	95.37263	0.7876424	0.5870985	4.698474
9306	-1487.161	-1582.725	95.56339	0.9439431	0.4578159	4.62052
9312	-1495.401	-1591.534	96.13284	0.7955754	0.7431978	4.14622
9318	-1490.96	-1586.226	95.26606	0.8147412	0.4875465	4.830441
9324	-1495.9	-1591.394	95.49431	0.8998315	0.6530244	4.514766
9330	-1497.501	-1593.451	95.94977	0.7913899	0.5156121	4.434324
9336	-1491.232	-1587.325	96.09278	0.9262563	0.9285845	3.97344
9342	-1491.945	-1588.522	96.57678	0.9379978	0.3678279	4.147902
9348	-1486.072	-1581.73	95.65808	0.9285097	0.5571309	4.484558
9354	-1481.185	-1576.623	95.43821	0.739799	0.7624897	4.556726
9360	-1487.076	-1582.719	95.64321	0.6806887	0.4023767	4.780107
9366	-1490.334	-1585.42	95.08598	0.8856716	0.4498609	4.927562
9372	-1484.411	-1580.71	96.29971	0.7144958	0.4498609	4.343163
9378	-1486.354	-1581.611	95.2574	0.6999322	0.650123	4.761796
9384	-1481.239	-1577.507	96.26776	0.7253402	0.5416286	4.268623
9390	-1493.457	-1588.012	94.55439	0.7124395	0.7690856	5.06075
9396	-1494.306	-1588.708	94.40245	0.6377782	0.6758082	5.25195
9402	-1479.947	-1575.629	95.68247	0.6527309	0.5151668	4.662782
9408	-1481.62	-1576.391	94.77074	0.6684758	0.7934715	4.948721
9414	-1485.055	-1579.606	94.55038	0.6397682	0.7934715	5.087038
9420	-1487.285	-1582.007	94.72208	0.4902673	0.6047177	5.211369
9426	-1485.649	-1581.144	95.49451	0.8037868	0.4392888	4.756003
9432	-1489.709	-1584.222	94.51315	0.6698868	0.6038614	5.228263
9438	-1495.058	-1590.305	95.24777	0.5319718	0.6038614	4.897201
9444	-1490.814	-1586.364	95.55005	0.5802016	0.3939246	4.897201
9450	-1501.4	-1596.937	95.53688	0.4876823	0.7176727	4.674178
9456	-1497.475	-1592.439	94.96349	0.3922776	0.5153844	5.207573
9462	-1488.943	-1584.756	95.81268	0.700779	0.4966153	4.579899
9468	-1484.431	-1580.962	96.53092	0.6265199	0.6110261	4.116341
9474	-1484.261	-1579.148	94.88678	0.5398429	0.7187753	5.006814
9480	-1514.665	-1609.838	95.17215	0.5860132	0.4469497	5.049083
9486	-1512.459	-1606.705	94.24556	0.5066311	0.6853801	5.403873
9492	-1499.264	-1595.065	95.80152	0.7369198	0.7613081	4.354541
9498	-1494.121	-1589.646	95.52562	0.6497142	0.5855535	4.691328
9504	-1485.271	-1581.529	96.2579	0.7467154	0.5665333	4.240391
9510	-1483.726	-1579.935	96.20862	1.025326	0.4690466	4.199673
9516	-1485.499	-1581.788	96.28908	0.9880922	0.5113264	4.134829
9522	-1489.349	-1583.034	93.68481	0.6003414	0.6079849	5.719096
9528	-1490.069	-1585.172	95.10283	0.6704536	0.5050623	4.985431
9534	-1488.073	-1581.495	93.42186	0.599069	0.6773911	5.811135
9540	-1486.756	-1581.778	95.0218	0.6054424	0.4929216	5.07767
9546	-1495.638	-1590.708	95.06972	0.606342	0.6189191	4.942885
9552	-1487.028	-1581.882	94.85428	0.8264794	1.000076	4.688586
9558	-1470.632	-1565.972	95.33944	0.8810708	0.5960078	4.657428
9564	-1476.723	-1573.634	96.91099	0.9447406	0.8432801	3.544714
9570	-1479.961	-1577.22	97.25885	0.9780492	0.4569757	3.636771
9576	-1474.156	-1568.546	94.39056	0.6354938	0.562537	5.348811
9582	-1468.901	-1563.144	94.24293	0.5593305	0.6497832	5.402701
9588	-1473.436	-1568.678	95.24228	0.5499864	0.5609408	4.925719
9594	-1478.132	-1573.335	95.20271	0.6054919	0.550563	4.925719
9600	-1474.909	-1569.513	94.6036	0.5626708	0.5958581	5.243965
9606	-1484.072	-1579.843	95.7719	0.7293181	0.572969	4.519058
9612	-1487.373	-1582.634	95.26133	0.5491497	0.5388394	4.93461
9618	-1481.381	-1576.742	95.36126	0.8645533	0.4992967	4.738524
9624	-1483.301	-1578.636	95.33461	0.6850063	0.4353502	4.915396
9630	-1487.89	-1579.838	91.94847	0.5391029	0.6752964	6.646355
9636	-1486.461	-1578.657	92.19596	0.4589972	0.5580833	6.646355
9642	-1489.171	-1581.87	92.69887	0.6979471	0.6256233	6.190278
9648	-1489.708	-1586.444	96.73546	0.8486114	0.4547824	4.014527
9654	-1486.617	-1580.827	94.21088	0.6342417	0.6310778	5.393386
9660	-1485.939	-1580.898	94.95928	0.6740887	0.5070776	5.06129
9666	-1487.635	-1581.599	93.96431	0.6127126	0.4643297	5.68351
9672	-1482.427	-1575.282	92.85441	0.80008	0.6279509	6.048188
9678	-1483.522	-1578.114	94.59147	0.609682	0.8015222	5.07565
9684	-1480.255	-1574.564	94.30923	0.6578897	0.7635767	5.230449
9690	-1480.041	-1573.96	93.91806	0.9078515	0.7635767	5.308458
9696	-1477.79	-1572.229	94.43843	0.4612426	0.7049066	5.308458
9702	-1485.394	-1580.828	95.43379	0.477919	0.5136228	4.900657
9708	-1479.364	-1573.269	93.90476	0.4829337	0.7626837	5.550398
9714	-1478.153	-1573.313	95.15986	0.6773668	0.5353653	4.922763
9720	-1472.958	-1567.706	94.74751	0.6857683	0.6528471	5.051483
9726	-1477.678	-1573.24	95.56202	1.011087	0.6444516	4.420643
9732	-1482.207	-1578.482	96.27557	1.227829	1.289522	3.499934
9738	-1480.717	-1578.84	98.12338	1.109357	0.4115407	3.10051
9744	-1480.104	-1572.24	92.13571	0.6710356	0.5501895	6.570817
9750	-1484.355	-1578.693	94.33873	0.4350759	0.5947136	5.461343
9756	-1479.222	-1574.187	94.96529	0.5931256	0.7306994	4.925129
9762	-1480.421	-1575.22	94.79888	0.6149222	0.6678901	5.050958
9768	-1477.729	-1572.664	94.93547	0.6759508	0.5348501	5.048702
9774	-1483.409	-1577.966	94.55676	0.6146598	0.4742592	5.347236
9780	-1487.56	-1580.88	93.31997	0.7715908	0.6037452	5.828419
9786	-1490.468	-1586.088	95.62003	0.6019604	0.7132315	4.566672
9792	-1478.312	-1574.356	96.04364	0.7236078	0.5158873	4.419365
9798	-1477.046	-1571.99	94.94414	0.5123263	0.6218993	5.062528
9804	-1480.832	-1575.188	94.35624	0.3320262	0.5709187	5.527823
9810	-1481.893	-1575.535	93.64278	0.5235253	0.651797	5.750489
9816	-1483.807	-1577.658	93.85071	0.475984	0.5420567	5.750489
9822	-1491.771	-1586.902	95.13102	0.7906922	0.700823	4.743857
9828	-1498.028	-1594.104	96.07644	0.9713049	0.5505128	4.229833
9834	-1497.621	-1593.892	96.27164	0.8002211	0.5350634	4.229833
9840	-1488.967	-1584.882	95.91433	0.8777808	0.3866461	4.53498
9846	-1480.536	-1576.357	95.82128	0.7466432	0.4312377	4.613281
9852	-1480.901	-1574.677	93.77615	0.7136388	0.6785942	5.553199
9858	-1478.08	-1572.174	94.09359	0.5021982	0.4924244	5.646944
9864	-1474.48	-1570.245	95.76508	0.6249033	0.55512	4.596756
9870	-1479.059	-1575.226	96.16719	0.7352255	0.4726066	4.383831
9876	-1477.164	-1573.001	95.8377	0.705937	0.7157077	4.383831
9882	-1477.895	-1572.532	94.63623	0.6741871	0.808673	5.010344
9888	-1489.987	-1586.498	96.51075	0.7931909	0.575934	4.06218
9894	-1507.714	-1603.766	96.0515	0.7347036	0.575934	4.355962
9900	-1511.91	-1605.789	93.87905	0.3008612	0.5124138	5.856642
9906	-1511.85	-1606.402	94.55133	0.4167403	0.6709413	5.295408
9912	-1500.883	-1595.515	94.63228	0.3685171	0.611567	5.322795
9918	-1502.047	-1596.551	94.50436	0.4964322	0.611567	5.322795
9924	-1497.911	-1593.227	95.31612	0.5764462	0.622628	4.819346
9930	-1495.849	-1591.436	95.58747	0.7712977	0.558663	4.61122
9936	-1489.42	-1584.83	95.41035	0.6644333	0.6504128	4.695904
9942	-1493.453	-1587.533	94.08047	0.6164206	0.6544507	5.457208
9948	-1490.081	-1585.114	95.03321	0.6272382	0.6511369	4.926548
9954	-1497.941	-1590.607	92.66561	0.46106	0.4510028	6.486476
9960	-1503.121	-1597.969	94.84799	0.7366766	0.5960717	5.011987
9966	-1492.646	-1587.626	94.9799	0.570979	0.5462565	5.072387
9972	-1479.434	-1572.836	93.4025	0.5666391	0.5626175	5.928674
9978	-1477.664	-1572.233	94.56829	0.4638832	0.5528931	5.353581
9984	-1483.996	-1578.026	94.03054	0.4884848	0.5401646	5.646697
9990	-1482.416	-1576.489	94.07312	0.5279605	0.4895329	5.646697
9996	-1486.245	-1580.415	94.1699	0.4903193	0.5848537	5.531802
10002	-1476.399	-1571.134	94.73487	0.688489	0.704848	5.018573
10008	-1489.321	-1582.97	93.64921	1.059597	0.3622409	5.717035
10014	-1494.519	-1589.678	95.15921	0.9213711	0.7532588	4.617761
10020	-1483.444	-1579.402	95.95816	0.9052018	0.5551761	4.330153
10026	-1485.825	-1581.501	95.67594	0.8772426	0.6503166	4.42732
10032	-1483.866	-1581.051	97.18416	0.7726811	0.5331975	3.725306
10038	-1490.916	-1586.975	96.05938	1.014702	0.5331975	4.230244
10044	-1486.491	-1582.067	95.57548	0.6804065	0.7018088	4.555922
10050	-1485.84	-1580.228	94.38735	0.4393897	0.5009545	5.512318
10056	-1486.501	-1580.396	93.89496	0.556783	0.7001661	5.558512
10062	-1481.24	-1575.865	94.6248	0.6834172	0.4580995	5.287222
10068	-1481.433	-1575.214	93.78083	0.5279006	0.767349	5.590645
10074	-1481.786	-1577.278	95.49155	0.6872756	0.767349	4.552937
10080	-1491.845	-1588.225	96.37968	1.15259	1.154977	3.550514
10086	-1469.428	-1564.147	94.71974	0.6273911	0.6408868	5.108398
10092	-1472.917	-1567.157	94.23935	0.5895841	0.6607834	5.379727
10098	-1475.208	-1569.618	94.41032	0.525527	0.5852908	5.379727
10104	-1476.682	-1570.46	93.77874	0.4173591	0.5852908	5.786003
10110	-1481.029	-1574.507	93.47844	0.5555218	0.7024079	5.786003
10116	-1482.468	-1577.648	95.1797	0.6308765	0.6080921	4.876629
10122	-1480.118	-1576.1	95.98246	0.6733906	0.5700601	4.434485
10128	-1481.33	-1576.79	95.45991	0.6990267	0.6224384	4.670621
10134	-1483.7	-1579.577	95.87744	0.7344621	0.6894544	4.364526
10140	-1484.725	-1579.004	94.27917	0.6281982	0.7212185	5.292647
10146	-1492.111	-1586.252	94.14086	0.9239825	0.6050165	5.292647
10152	-1486.621	-1580.71	94.08887	0.6422227	0.6290207	5.457775
10158	-1485.891	-1580.473	94.58229	0.5629386	0.5106926	5.328091
10164	-1490.28	-1584.736	94.45554	0.5877391	0.5760142	5.328091
10170	-1491.205	-1585.048	93.8421	0.8184472	0.4905166	5.613162
10176	-1488.061	-1583.612	95.55114	0.7308293	0.5694278	4.645101
10182	-1487.559	-1581.455	93.89574	0.4971581	0.6977098	5.592589
10188	-1485.585	-1579.853	94.2681	0.4947232	0.4528894	5.592589
10194	-1480.97	-1576.091	95.12007	0.5817904	0.6443724	4.90868
10200	-1485.258	-1580.376	95.11787	0.5969617	0.6350285	4.90868
10206	-1490.122	-1584.84	94.71788	0.7074586	0.3563107	5.329852
10212	-1489.731	-1585.562	95.83104	0.6976299	0.330558	4.747849
10218	-1486.623	-1580.7	94.07727	0.5008427	0.5579136	5.599186
10224	-1492.548	-1587.271	94.72277	0.7246763	0.5538185	5.123247
10230	-1489.089	-1584.848	95.7598	0.6206538	0.8474947	4.386503
10236	-1482.796	-1578.574	95.77773	0.8615533	0.8474947	4.240116
10242	-1481.225	-1576.271	95.04597	0.5600127	0.701659	4.919342
10248	-1483.7	-1577.785	94.08468	0.6216478	0.632577	5.468664
10254	-1481.618	-1576.626	95.00716	0.7622556	0.4416626	5.048103
10260	-1486.314	-1581.259	94.94545	0.7192484	0.6140492	4.953069
10266	-1487.184	-1582.861	95.6769	0.7050432	0.7078735	4.480637
10272	-1483.696	-1577.447	93.75072	0.8882631	0.5928576	5.536993
10278	-1481.296	-1576.45	95.15438	0.6693292	0.4448437	5.014784
10284	-1481.953	-1578.61	96.65702	0.8255417	0.4748617	4.052529
10290	-1481.481	-1575.005	93.52387	0.7971378	0.5227106	5.770364
10296	-1491.423	-1585.503	94.07998	0.5536306	0.6230281	5.516054
10302	-1484.617	-1579.364	94.74722	0.6248405	0.6275575	5.104903
10308	-1483.409	-1578.26	94.85122	0.5978221	0.5785366	5.101605
10314	-1478.868	-1575.424	96.55571	0.8079369	0.4905733	4.105122
10320	-1481.754	-1578.055	96.3006	0.702756	0.6077204	4.206608
10326	-1478.966	-1575.294	96.32737	0.8419409	0.4040971	4.303197
10332	-1477.514	-1571.189	93.67521	0.6662997	0.4864841	5.791728
10338	-1486.405	-1580.204	93.79969	0.6445348	0.5135154	5.711
10344	-1488.632	-1585.525	96.89248	0.7586336	0.5135154	3.919314
10350	-1486.98	-1582.577	95.59628	0.7635398	0.3761002	4.788856
10356	-1485.18	-1580.299	95.11897	0.726128	0.6977989	4.788856
10362	-1480.617	-1575.285	94.66757	0.7214405	0.5349819	5.171857
10368	-1475.386	-1570.525	95.13898	0.6846704	0.8869241	4.674807
10374	-1474.685	-1569.814	95.12877	0.6773569	0.5591419	4.919535
10380	-1492.752	-1587.002	94.24963	0.5320077	0.4446501	5.590319
10386	-1504.932	-1598.68	93.74757	0.349104	0.8614447	5.646829
10392	-1494.372	-1588.451	94.07867	0.3679699	0.6158654	5.624352
10398	-1494.353	-1589.517	95.16422	0.2980508	0.5577373	5.111694
10404	-1489.799	-1585.499	95.69934	0.5082913	0.4768928	4.769734
10410	-1485.011	-1580.326	95.31439	0.7556223	0.5622831	4.769734
10416	-1492.155	-1587.894	95.73877	0.5005032	0.6318959	4.618147
10422	-1479.714	-1575.728	96.01428	0.6506491	0.4809349	4.509598
10428	-1480.638	-1575.551	94.91293	0.6967302	0.6175575	4.980888
10434	-1487.376	-1583.436	96.05975	0.5954285	0.5894577	4.418574
10440	-1489.844	-1585.096	95.25213	0.7765153	0.6272209	4.739737
10446	-1497.64	-1594.809	97.16888	0.9138395	0.6084716	3.58667
10452	-1497.67	-1592.631	94.96131	0.8005157	0.4509029	5.043143
10458	-1488.476	-1583.024	94.54738	0.6379519	0.3896965	5.424965
10464	-1486.478	-1580.569	94.09111	0.6221315	0.6858768	5.424965
10470	-1488.441	-1583.688	95.24725	0.6482967	0.7492344	4.724153
10476	-1476.349	-1571.383	95.03313	0.6021377	0.5993129	4.981247
10482	-1480.566	-1576.332	95.76599	0.5067534	0.6148789	4.612877
10488	-1485.918	-1581.456	95.5381	0.6537206	0.673422	4.612877
10494	-1484.795	-1580.199	95.40425	0.7783686	0.7619908	4.554477
10500	-1493.727	-1590.071	96.34466	0.6697825	0.5867229	4.217693
10506	-1490.542	-1587.329	96.78699	0.6287827	0.5689874	4.004312
10512	-1491.99	-1588.868	96.87855	0.7275671	0.6231584	3.849902
10518	-1491.528	-1587.73	96.20146	0.7603354	0.3629166	4.466414
10524	-1485.346	-1579.549	94.20376	0.4268768	0.4471262	5.670746
10530	-1471.7	-1567.074	95.37377	0.6047293	0.5513958	4.83013
10536	-1478.711	-1574.127	95.41626	0.5959671	0.5298482	4.83013
10542	-1480.77	-1576.553	95.78298	0.7840618	0.9230282	4.234157
10548	-1479.836	-1574.164	94.32862	0.7749052	0.9230282	5.054456
10554	-1478.977	-1574.342	95.3648	0.8099823	0.6628777	4.630382
10560	-1484.671	-1579.912	95.2405	0.6538369	0.4935898	4.928676
10566	-1483.554	-1577.882	94.32837	0.6935211	0.660831	5.273215
10572	-1487.725	-1584.567	96.84179	0.7094381	0.445847	4.042345
10578	-1476.786	-1571.366	94.58041	0.7331596	0.719966	5.068726
10584	-1468.057	-1562.416	94.35898	0.8889326	0.6700757	5.1413
10590	-1473.042	-1567.551	94.50855	0.4237123	0.6606661	5.322823
10596	-1481.809	-1575.372	93.56356	0.5313963	0.6606661	5.782929
10602	-1476.904	-1571.584	94.6797	0.4649277	0.3923825	5.444485
10608	-1472.571	-1569.359	96.78754	0.7489227	0.4019511	4.097149
10614	-1479.698	-1576.127	96.4287	0.7648934	0.4508487	4.24065
10620	-1483.325	-1580.064	96.73895	0.8469317	0.4508487	4.017471
10626	-1482.802	-1579.075	96.2732	0.9220186	0.6300111	4.079483
10632	-1480.866	-1577.889	97.02355	0.8904761	0.4155858	3.866441
10638	-1494.682	-1591.199	96.51689	0.9242782	0.7248553	3.866441
10644	-1486.893	-1584.183	97.29014	1.042053	0.7286189	3.346309
10650	-1486.244	-1581.612	95.36829	0.614737	0.5740857	4.808337
10656	-1490.44	-1586.248	95.80801	0.7917134	0.7512752	4.326878
10662	-1482.555	-1577.268	94.71273	0.7477919	0.7354055	4.976282
10668	-1486.948	-1579.519	92.57037	0.5773848	0.6868635	6.280259
10674	-1478.051	-1570.753	92.70193	0.5894834	0.7430294	6.163011
10680	-1480.74	-1576.251	95.51118	0.6481816	0.6860683	4.621648
10686	-1484.825	-1577.994	93.16915	0.6420866	0.5660556	6.01199
10692	-1485.9	-1580.619	94.71879	0.5809193	0.7122443	5.081899
10698	-1482.432	-1576.344	93.91168	0.4447882	0.5859093	5.697667
10704	-1486.544	-1580.34	93.79535	0.4099962	0.5433214	5.815826
10710	-1486.616	-1579.623	93.00748	0.4892824	0.6132151	6.145487
10716	-1490.653	-1584.058	93.40567	0.7483609	0.6545367	5.75516
10722	-1490.494	-1584.378	93.88404	0.5600993	0.5305003	5.69611
10728	-1494.492	-1588.901	94.40884	0.4942281	0.6125739	5.375901
10734	-1495.543	-1591.436	95.89267	0.6971993	0.6125739	4.436465
10740	-1482.914	-1580.05	97.13556	0.8981482	0.6125739	3.611708
10746	-1480.995	-1577.785	96.79027	0.8759275	0.6130786	3.823608
10752	-1486.65	-1583.164	96.51415	0.6050927	0.4863099	4.248014
10758	-1494.754	-1590.495	95.74088	0.5090079	0.5455813	4.683529
10764	-1476.867	-1573.415	96.54856	0.9129645	0.7687831	3.823396
10770	-1480.73	-1577.251	96.52057	1.027158	0.6222896	3.884136
10776	-1489.381	-1585.436	96.05443	1.035338	0.9442231	3.923546
10782	-1480.574	-1575.869	95.29481	0.8582315	0.4947292	4.783415
10788	-1482.963	-1576.604	93.64028	0.5201328	0.539732	5.843469
10794	-1489.904	-1583.617	93.71306	0.4473536	0.539732	5.843469
10800	-1496.02	-1589.56	93.54049	0.4240793	0.534608	5.95486
10806	-1485.006	-1578.154	93.14806	0.4942589	0.5110874	6.151042
10812	-1491.622	-1585.825	94.20276	0.548622	0.4699137	5.582527
10818	-1486.166	-1580.233	94.06709	0.5211218	0.7291986	5.463003
10824	-1486.447	-1580.772	94.32569	0.3390403	0.6514187	5.47719
10830	-1484.144	-1577.357	93.21318	0.5665794	0.6514187	5.962091
10836	-1480.57	-1575.017	94.44633	0.546621	0.6859309	5.270645
10842	-1497.777	-1594.548	96.77103	0.8878799	0.7417649	3.728811
10848	-1497.124	-1592.385	95.26105	0.7624297	0.7323507	4.664359
10854	-1490.638	-1584.627	93.98898	0.4063321	0.6973786	5.591502
10860	-1480.49	-1575.145	94.65536	0.4624833	0.5195636	5.335277
10866	-1481.057	-1576.141	95.08471	0.6820974	0.4846236	5.007946
10872	-1480.926	-1576.936	96.0094	0.737582	0.4787406	4.465528
10878	-1480.347	-1575.451	95.10392	0.5871165	0.5769113	4.968614
10884	-1473.546	-1568.719	95.17293	0.4980345	0.6082189	4.954234
10890	-1476.229	-1571.463	95.2347	0.675318	0.7639776	4.705917
10896	-1472.959	-1568.551	95.59232	0.6914403	0.4995114	4.705917
10902	-1481.421	-1576.718	95.29721	0.7138113	0.5829575	4.785328
10908	-1484.839	-1580.588	95.74822	0.7733676	0.5849425	4.497559
10914	-1483.704	-1577.399	93.69534	0.6605528	0.4904935	5.780167
10920	-1493.239	-1588.47	95.23102	0.8484171	0.4862308	4.832434
10926	-1481.594	-1578.726	97.132	0.7231424	0.5135348	3.802107
10932	-1487.917	-1584.784	96.86699	0.6819439	0.5135348	3.977799
10938	-1486.791	-1581.896	95.10509	0.92707	0.5995114	4.759934
10944	-1481.917	-1577.015	95.09811	0.7669612	0.7372477	4.749536
10950	-1485.314	-1580.962	95.64805	0.6551151	0.5727881	4.630391
10956	-1490.323	-1585.618	95.29553	0.6436658	0.4356845	4.959799
10962	-1487.486	-1582.743	95.25665	0.4722323	0.5572826	4.964089
10968	-1492.08	-1588.889	96.80887	0.9090639	0.4756	3.917233
10974	-1475.632	-1571.314	95.68147	0.6529561	0.6926372	4.518515
10980	-1487.972	-1583.216	95.24459	0.6923858	0.579287	4.82969
10986	-1490.021	-1585.699	95.67755	0.7573026	0.5998039	4.53407
10992	-1488.535	-1583.387	94.85126	0.5896025	0.4947184	5.179266
10998	-1488.994	-1584.77	95.77558	0.7297643	0.8014466	4.346001
11004	-1482.958	-1578.423	95.46527	0.5665634	0.553174	4.798839
11010	-1497.552	-1590.507	92.95452	0.5546951	0.9408567	5.921367
11016	-1491.73	-1587.811	96.08099	0.6937277	0.4880886	4.440992
11022	-1486.299	-1581.502	95.20357	0.612363	0.5112021	4.956142
11028	-1487.382	-1584.591	97.20862	0.6198848	0.4368174	3.893026
11034	-1488.646	-1583.28	94.63468	0.3628967	0.6229626	5.315608
11040	-1485.312	-1580.964	95.65162	0.6372608	0.55236	4.655818
11046	-1484.924	-1580.367	95.4438	0.7310853	0.4893444	4.776242
11052	-1488.578	-1585.251	96.67256	0.5617352	0.6612026	4.032655
11058	-1484.156	-1579.265	95.10938	0.4292764	0.5490534	5.076762
11064	-1484.384	-1577.811	93.42776	0.4948164	0.8637297	5.740862
11070	-1490.639	-1587.518	96.87963	0.9617715	0.6271213	3.711102
11076	-1485.044	-1582.635	97.59065	1.015988	0.672946	3.227161
11082	-1488.837	-1584.811	95.97387	0.9399723	0.718983	4.171853
11088	-1482.198	-1578.864	96.66585	0.8126899	0.6002965	3.941889
11094	-1483.009	-1579.845	96.83608	1.009639	0.4656104	3.853792
11100	-1491.773	-1588.211	96.4375	0.7673132	0.7509156	3.983175
11106	-1482.864	-1578.698	95.83356	0.8051741	0.5885919	4.428564
11112	-1485.494	-1580.328	94.83423	0.6370394	0.7114377	4.987235
11118	-1486.003	-1580.905	94.90126	0.7268622	0.7114377	4.899982
11124	-1491.513	-1586.593	95.07939	0.3203753	0.5751082	5.131753
11130	-1488.422	-1583.905	95.48267	0.6281065	0.6776345	4.655145
11136	-1486.32	-1581.026	94.70554	0.4728351	0.7094568	5.151124
11142	-1483.208	-1579.425	96.21718	0.4680098	0.5039735	4.476541
11148	-1484.113	-1580.653	96.53932	0.9376748	0.6106977	3.934165
11154	-1488.35	-1582.028	93.67757	0.5563328	0.8479347	5.579841
11160	-1494.477	-1591.564	97.08636	0.8756664	0.7465532	3.549653
11166	-1493.647	-1590.739	97.09201	0.938149	0.4802086	3.733122
11172	-1490.384	-1585.78	95.3956	0.6939057	0.6366051	4.698345
11178	-1483.057	-1578.427	95.36995	0.87223	0.5336069	4.698345
11184	-1474.467	-1568.958	94.49097	0.5234086	0.5771468	5.343099
11190	-1479.686	-1573.963	94.27686	0.7375217	0.5771468	5.343099
11196	-1482.998	-1577.288	94.28989	0.5485248	0.7037279	5.343099
11202	-1490.049	-1587.262	97.21362	0.6228457	0.5715902	3.760608
11208	-1479.214	-1574.533	95.31967	0.6156235	0.7848658	4.677645
11214	-1482.113	-1578.039	95.92601	0.7356909	0.4208056	4.571472
11220	-1487.75	-1584.666	96.91565	0.9336557	0.7733717	3.596077
11226	-1479.847	-1575.483	95.63592	0.9444651	0.7236697	4.35735
11232	-1478.971	-1575.284	96.3137	0.677901	0.475505	4.330647
11238	-1487.446	-1583.55	96.10455	0.6387738	0.5682758	4.386674
11244	-1495.934	-1591.407	95.47328	0.85525	0.8302688	4.42686
11250	-1488.728	-1583.801	95.07234	0.6325192	0.8575208	4.759455
11256	-1490.976	-1585.072	94.09642	0.659586	0.8267133	5.305714
11262	-1493.196	-1588.602	95.40604	0.7633366	0.7137133	4.595858
11268	-1492.808	-1588.862	96.05369	0.7633366	0.7137133	4.230631
11274	-1484.955	-1581.208	96.25292	0.7633366	0.5702226	4.230631
11280	-1491.894	-1587.273	95.37964	0.7151764	0.4963202	4.814437
11286	-1482.301	-1577.242	94.94004	0.6128284	0.8489795	4.849644
11292	-1494.061	-1586.42	92.35827	0.4450845	0.8489795	6.359955
11298	-1483.853	-1578.309	94.45596	0.3334515	0.4973835	5.536087
11304	-1486.575	-1580.099	93.52399	0.4851638	0.7497084	5.766769
11310	-1481.781	-1576.947	95.16542	0.4243385	0.4970827	5.094614
11316	-1488.05	-1582.01	93.96019	0.5611252	0.6880341	5.529007
11322	-1494.109	-1588.289	94.18013	0.5094793	0.6031066	5.500944
11328	-1491.734	-1586.518	94.78354	0.6646493	0.513954	5.157709
11334	-1487.893	-1582.937	95.04432	0.5334454	0.6051219	5.008516
11340	-1482.158	-1575.747	93.5893	0.5367004	0.6117601	5.803263
11346	-1493.504	-1589.242	95.73708	0.8766489	0.9236426	4.207309
11352	-1489.879	-1587.333	97.45344	0.9316789	0.657104	3.370317
11358	-1487.214	-1584.664	97.45	0.9197931	0.698069	3.347256
11364	-1486.69	-1582.772	96.08213	0.7446972	0.6458815	4.276184
11370	-1483.721	-1580.276	96.55507	0.6633417	0.3975128	4.282582
11376	-1488.71	-1582.925	94.21517	0.6181566	0.6543986	5.382098
11382	-1494.751	-1588.153	93.40215	0.6389893	0.6799304	5.798226
11388	-1489.242	-1584.914	95.67189	0.4618761	0.462082	4.825243
11394	-1478.731	-1574.799	96.06708	0.7275078	0.501506	4.417199
11400	-1469.836	-1566.259	96.42321	0.7656571	0.4257854	4.269049
11406	-1478.352	-1573.174	94.82221	0.7152507	0.7308984	4.936648
11412	-1479.128	-1574.369	95.24132	0.5546896	0.5457571	4.936648
11418	-1487.004	-1580.931	93.92716	0.4747335	0.4614566	5.782185
11424	-1493.563	-1587.774	94.21135	0.5904922	0.601692	5.440312
11430	-1497.153	-1591.575	94.42199	0.3604818	0.6151491	5.440312
11436	-1488.825	-1583.662	94.83749	0.3691657	0.4607045	5.340755
11442	-1500.127	-1596.145	96.01837	0.7032391	0.5510758	4.413746
11448	-1492.631	-1586.67	94.03895	0.5364509	0.4480659	5.700106
11454	-1483.874	-1579.387	95.51233	0.695235	0.817261	4.503427
11460	-1490.227	-1584.535	94.30816	0.4820178	0.676517	5.389424
11466	-1491.685	-1586.211	94.52616	0.5338605	0.7331059	5.199964
11472	-1485.791	-1580.177	94.3866	0.6955386	0.7132817	5.201663
11478	-1484.473	-1577.448	92.9747	0.5230393	0.541592	6.203223
11484	-1486.653	-1581.203	94.5493	0.6602856	0.8773003	5.023044
11490	-1483.457	-1578.791	95.33334	0.5863206	0.5976437	4.824255
11496	-1490.159	-1585.683	95.52421	0.6920094	0.8776312	4.460116
11502	-1495.242	-1589.58	94.33819	0.7593636	0.4102207	5.451512
11508	-1493.416	-1589.097	95.68137	0.6615541	0.5179719	4.655919
11514	-1491.159	-1587.955	96.79594	0.6090552	0.4947931	4.077554
11520	-1484.81	-1581.026	96.2159	0.7320392	0.4924745	4.339101
11526	-1479.058	-1575.544	96.48606	0.7320392	0.4764529	4.201446
11532	-1474.266	-1571.355	97.08867	0.7576556	0.5614836	3.76375
11538	-1477.346	-1573.938	96.59232	0.8456994	0.5244	4.031163
11544	-1483.622	-1578.181	94.55933	0.5157001	0.5059999	5.371039
11550	-1473.502	-1568.187	94.68535	0.5912805	0.6064693	5.174406
11556	-1479.357	-1574.093	94.73638	0.4782324	0.6242426	5.194681
11562	-1476.686	-1571.492	94.8057	0.5700356	0.530624	5.183017
11568	-1480.418	-1573.626	93.20869	0.7470839	0.9614749	5.665279
11574	-1469.199	-1564.646	95.44714	0.7266453	0.6211069	4.663365
11580	-1484.575	-1582.47	97.89551	1.257473	0.8917839	2.740453
11586	-1486.227	-1583.718	97.49064	1.051048	0.6042673	3.321867
11592	-1489.2	-1587.087	97.88653	1.023994	0.6941151	3.029621
11598	-1495.793	-1592.296	96.50321	0.9834941	1.079401	3.617394
11604	-1494.197	-1588.598	94.4009	0.568407	0.7067391	5.268696
11610	-1480.636	-1577.025	96.38833	0.5413932	0.480424	4.360868
11616	-1476.288	-1572.676	96.3887	0.8258154	0.7192096	4.00039
11622	-1480.165	-1576.501	96.33571	0.6563328	0.475825	4.33009
11628	-1483.548	-1578.384	94.83642	0.6534611	0.5788224	5.078726
11634	-1486.02	-1580.96	94.93935	0.5215333	0.4959113	5.167087
11640	-1478.304	-1572.538	94.23406	0.5905509	0.6643324	5.379461
11646	-1476.22	-1570.977	94.75734	0.6234057	0.5193325	5.190231
11652	-1481.992	-1576.391	94.39946	0.7570934	0.4480931	5.380668
11658	-1482.99	-1579.007	96.01739	0.8868471	0.6896872	4.19886
11664	-1487.827	-1583.111	95.28354	0.6915884	0.8224161	4.630579
11670	-1489.36	-1584.852	95.49208	0.7013603	0.7108496	4.584419
11676	-1481.19	-1576.624	95.43476	0.7567426	0.7123569	4.584419
11682	-1485.294	-1581.988	96.69406	0.7567426	0.6496271	3.917857
11688	-1479.696	-1574.088	94.39238	0.437533	0.4656032	5.543481
11694	-1481.433	-1575.846	94.41304	0.4111684	0.4688978	5.543481
11700	-1479.344	-1574.236	94.89204	0.5927993	0.5271397	5.12567
11706	-1479.047	-1575.805	96.75717	0.6467556	0.4851833	4.087345
11712	-1487.68	-1581.661	93.98114	0.6292272	0.5025002	5.62977
11718	-1485.701	-1579.57	93.86915	0.3974706	0.6529246	5.694684
11724	-1498.939	-1592.575	93.63629	0.5281947	0.5861138	5.802633
11730	-1490.584	-1584.187	93.60317	0.4650986	0.6577607	5.799698
11736	-1493.588	-1588.799	95.21061	0.4178497	0.5702882	5.008912
11742	-1485.386	-1581.305	95.91824	0.8171727	0.5961767	4.367744
11748	-1482.75	-1576.684	93.93478	0.5098877	0.4802662	5.741014
11754	-1488.407	-1582.301	93.89425	0.6273551	0.6146768	5.584128
11760	-1489.659	-1585.101	95.44235	0.8004834	0.8428378	4.467047
11766	-1489.718	-1585.846	96.12808	0.6731314	0.5627125	4.358755
11772	-1497.668	-1593.742	96.07434	0.7208477	0.5595245	4.364905
11778	-1485.127	-1582.56	97.43323	0.9515526	0.5595245	3.452918
11784	-1484.924	-1583.185	98.26135	0.9698163	0.5496394	2.960374
11790	-1487.679	-1585.294	97.61538	1.060913	0.9796966	2.973371
11796	-1490.495	-1586.52	96.02451	0.8784036	0.6140865	4.258374
11802	-1495.02	-1592.118	97.09769	0.9012021	0.7338729	3.537415
11808	-1498.029	-1595.063	97.03317	1.058533	0.5988934	3.589501
11814	-1496.149	-1592.956	96.807	1.156962	0.7548976	3.542523
11820	-1495.099	-1591.103	96.00418	0.665058	0.7785416	4.26873
11826	-1491.419	-1587.1	95.68124	0.8964716	0.815953	4.295479
11832	-1488.579	-1583.007	94.42818	0.3859433	0.5890713	5.443709
11838	-1482.235	-1576.073	93.83793	0.7357879	0.5890713	5.57591
11844	-1471.851	-1566.568	94.71679	0.7137726	0.6812552	5.031744
11850	-1482.297	-1577.359	95.06259	0.6357449	0.4999466	5.031744
11856	-1488.406	-1582.94	94.5331	0.5122393	0.4899536	5.402071
11862	-1496.215	-1592.599	96.38408	0.7859583	0.5884961	4.127817
11868	-1491.444	-1587.351	95.90693	0.5951021	0.5968671	4.498703
11874	-1490.724	-1585.406	94.6822	0.4615518	0.5027806	5.336056
11880	-1496.727	-1592.139	95.41119	0.5462362	0.5099323	4.878539
11886	-1497.358	-1592.191	94.83295	0.7591548	0.7437388	4.897282
11892	-1500.597	-1596.926	96.32897	0.8436416	0.6492849	4.077112
11898	-1495.223	-1589.829	94.60654	0.7251524	0.4747608	5.258284
11904	-1495.584	-1590.484	94.90025	0.8836525	0.736966	4.795069
11910	-1485.703	-1582.542	96.83963	0.9299036	0.4805378	3.882808
11916	-1486.204	-1581.743	95.53885	0.7124432	0.6776934	4.576307
11922	-1486.009	-1580.344	94.3343	0.718761	0.6408743	5.271117
11928	-1486.414	-1579.037	92.62272	0.6187106	0.4845464	6.392767
11934	-1483.335	-1576.35	93.01589	0.4771214	0.515935	6.227972
11940	-1490.77	-1584.53	93.76057	0.7590616	0.4222949	5.756353
11946	-1485.146	-1580.385	95.23942	0.5314108	0.5256822	4.968241
11952	-1497.841	-1590.875	93.03322	0.5280615	0.5943452	6.125236
11958	-1488.604	-1581.85	93.24631	0.3388497	0.5781905	6.125236
11964	-1486.373	-1580.213	93.84005	0.4079118	0.5270879	5.80651
11970	-1481.352	-1574.945	93.59313	0.5002812	0.7303746	5.733858
11976	-1473.645	-1568.269	94.62356	0.3462608	0.4971062	5.437095
11982	-1480.496	-1573.21	92.71489	0.3822186	0.7335304	6.27512
11988	-1478.846	-1572.807	93.96078	0.6120642	0.5877135	5.577485
11994	-1482.142	-1576.311	94.16884	0.6594006	0.6564188	5.383379
12000	-1490.479	-1585.317	94.83729	0.5346378	0.5764274	5.146076
12006	-1499.128	-1595.31	96.18172	0.8876295	0.6580031	4.129121
12012	-1485.742	-1579.468	93.72651	0.4352906	0.590743	5.800368
12018	-1484.459	-1578.515	94.05629	0.6515268	0.5847833	5.50569
12024	-1481.627	-1576	94.37298	0.6236487	0.6360059	5.306019
12030	-1482.96	-1577.472	94.51265	0.6255776	0.4663138	5.373099
12036	-1492.204	-1587.959	95.75564	0.7254324	0.6364811	4.478715
12042	-1480.838	-1577.796	96.95777	0.8398673	0.6856427	3.690267
12048	-1480.464	-1576.753	96.2892	0.8621612	0.4880965	4.228106
12054	-1486.164	-1581.642	95.47792	0.7283913	0.7664998	4.538078
12060	-1490.934	-1586.75	95.81613	0.6055575	0.4106716	4.71662
12066	-1489.108	-1587.116	98.0081	0.9137531	0.7642123	2.969676
12072	-1494.383	-1591.867	97.48384	1.124678	0.7257321	3.18532
12078	-1494.169	-1590.93	96.76092	0.9500403	0.6308119	3.783373
12084	-1485.903	-1580.631	94.72759	0.7834919	0.662999	5.000613
12090	-1491.135	-1583.114	91.9788	0.7406057	0.4571459	6.700943
12096	-1490.19	-1583.902	93.71234	0.7276072	0.6170319	5.627108
12102	-1496.639	-1590.98	94.34096	0.8530102	0.7424102	5.119351
12108	-1489.065	-1584.721	95.65652	0.7220965	0.618479	4.550576
12114	-1487.032	-1583.155	96.1222	0.836862	0.8010592	4.08888
12120	-1483.993	-1579.544	95.55043	0.7182441	0.5654124	4.655957
12126	-1482.348	-1575.822	93.47388	0.7802005	0.5706575	5.766225
12132	-1484.73	-1579.36	94.62984	0.7462751	0.5706575	5.148553
12138	-1484.305	-1578.818	94.51396	0.677525	0.7029102	5.148553
12144	-1483.056	-1577.141	94.085	0.621155	0.4667312	5.610383
12150	-1489.218	-1582.744	93.52621	0.4898684	0.469595	5.985282
12156	-1485.681	-1579.425	93.74426	0.5217383	0.7348445	5.636157
12162	-1487.291	-1581.101	93.80953	0.6744743	0.7348365	5.516423
12168	-1487.648	-1583.691	96.04214	0.5037514	0.5803362	4.487738
12174	-1488.737	-1584.439	95.70176	0.6246777	0.7416711	4.487738
12180	-1499.611	-1593.84	94.22932	0.4916427	0.6138354	5.475201
12186	-1488.972	-1585.451	96.47899	0.7535393	0.6487586	4.043356
12192	-1487.691	-1584.202	96.51073	0.8289429	0.5991013	4.022283
12198	-1489.278	-1585.286	96.00761	0.5602643	0.5991013	4.459814
12204	-1495.402	-1590.587	95.1854	0.8041854	0.5146755	4.856323
12210	-1493.335	-1588.101	94.76593	0.7514238	0.4514982	5.178046
12216	-1492.276	-1585.886	93.61014	0.4414431	0.5106133	5.928356
12222	-1489.467	-1583.172	93.70518	0.3632385	0.6286171	5.821671
12228	-1485.251	-1579.179	93.92812	0.6972354	0.7073727	5.457902
12234	-1480.186	-1575.323	95.13662	0.6990944	0.6541889	4.826572
12240	-1487.4	-1583.125	95.72475	0.7458791	0.634466	4.48617
12246	-1488.165	-1582.098	93.93274	0.6903158	0.8257815	5.379644
12252	-1489.441	-1584.099	94.65767	0.6564209	0.4928631	5.251086
12258	-1486.188	-1580.729	94.5406	0.6092152	0.5983041	5.251086
12264	-1485.943	-1579.806	93.86244	0.6580279	0.5983041	5.597721
12270	-1487.379	-1580.78	93.4012	0.7278767	0.4490092	5.943317
12276	-1486.54	-1584.348	97.80842	1.070593	0.4720997	3.245664
12282	-1480.244	-1577.016	96.77235	0.9699163	0.520636	3.86042
12288	-1479.939	-1575.954	96.01554	0.8818784	0.5427593	4.321769
12294	-1483.136	-1576.973	93.83726	0.7868671	0.7035409	5.461307
12300	-1492.849	-1590.496	97.64699	1.091706	0.6636073	3.156319
12306	-1478.801	-1574.226	95.42549	0.7107997	0.4237558	4.862274
12312	-1473.749	-1568.099	94.35085	0.658367	0.5928293	5.333136
12318	-1475.627	-1571.138	95.51057	0.6296012	0.5928293	4.705006
12324	-1468.553	-1564.072	95.51909	0.730186	0.7459328	4.528147
12330	-1481.814	-1577.165	95.35032	0.478243	0.7459328	4.763878
12336	-1475.827	-1571.2	95.37373	0.5961031	0.5998743	4.794449
12342	-1476.542	-1572.289	95.74683	0.6757708	0.5629613	4.571726
12348	-1478.205	-1575.926	97.7205	1.189198	0.3953225	3.31031
12354	-1474.31	-1569.276	94.966	0.5384098	0.3904947	5.248071
12360	-1473.968	-1569.976	96.00852	0.571599	0.5042792	4.535349
12366	-1469.043	-1564.226	95.18317	0.4808362	0.5692655	4.99002
12372	-1474.798	-1570.793	95.9945	0.6939994	0.6824746	4.326459
12378	-1480.475	-1575.707	95.23243	0.6320027	0.5488167	4.895919
12384	-1486.571	-1581.45	94.87886	0.4767098	0.6729365	5.079509
12390	-1486.979	-1581.395	94.41566	0.5773801	0.5219353	5.401985
12396	-1487.138	-1582.007	94.86872	0.5984024	0.4921727	5.167084
12402	-1484.071	-1578.144	94.07291	0.6808611	0.6232042	5.44981
12408	-1483.007	-1578.325	95.31825	0.6438227	0.5432168	4.846365
12414	-1473.993	-1567.905	93.9119	0.4879562	0.7087902	5.580876
12420	-1486.506	-1579.506	93.00051	0.4558461	0.5735377	6.199116
12426	-1488.017	-1583.509	95.49159	0.579339	0.6220334	4.720191
12432	-1491.622	-1587.192	95.57043	0.7371573	0.5760815	4.625144
12438	-1489.155	-1584.364	95.20882	0.7602643	0.5961541	4.797888
12444	-1482.76	-1578.134	95.37373	0.7490575	0.7470912	4.598367
12450	-1485.206	-1580.491	95.2859	0.7459292	0.7470912	4.649362
12456	-1488.192	-1583.66	95.4681	0.8687816	0.4654616	4.708496
12462	-1488.573	-1583.173	94.60022	0.746231	0.6446209	5.105909
12468	-1482.547	-1577.372	94.82467	0.5460539	0.6272137	5.105909
12474	-1487.369	-1580.649	93.28043	0.8858084	0.8329132	5.626377
12480	-1481.922	-1575.898	93.97583	0.6778995	0.3608622	5.748767
12486	-1484.39	-1577.954	93.5637	0.4642982	0.6445932	5.8316
12492	-1480.738	-1576.573	95.83505	0.7995388	0.4835238	4.524192
12498	-1487.619	-1582.932	95.31272	0.7246433	0.7514151	4.643261
12504	-1483.338	-1578.526	95.18741	0.6127816	0.5957209	4.892409
12510	-1485.258	-1580.386	95.1273	0.6924052	0.7405688	4.77256
12516	-1481.079	-1575.665	94.58633	0.4375333	0.6639422	5.269798
12522	-1485.467	-1580.718	95.25075	0.6660341	0.4451291	4.96278
12528	-1480.185	-1575.079	94.89356	0.7682983	0.6038837	4.96278
12534	-1493.104	-1589.532	96.42805	1.077669	0.5167394	3.999531
12540	-1480.173	-1576.053	95.88042	0.7509557	0.5740959	4.444855
12546	-1478.468	-1573.399	94.93067	0.4255494	0.5686072	5.161286
12552	-1486.552	-1582.773	96.22145	0.7995915	0.3740063	4.420314
12558	-1481.495	-1576.985	95.49016	0.7284828	0.3463763	4.901776
12564	-1486.204	-1581.528	95.32342	0.7593422	1.112046	4.402318
12570	-1485.637	-1580.231	94.5939	0.6606474	0.7004576	5.115378
12576	-1478.059	-1574.325	96.26609	0.805041	0.6453592	4.137963
12582	-1475.553	-1573.05	97.49705	0.8173246	0.6194549	3.442467
12588	-1474.34	-1569.618	95.27788	1.004137	0.7067036	4.537678
12594	-1469.552	-1567.031	97.47818	1.075152	0.805972	3.160002
12600	-1472.706	-1569.634	96.92726	1.059894	0.7368929	3.542044
12606	-1473.034	-1569.885	96.85081	1.046811	0.8356767	3.525363
12612	-1473.248	-1569.735	96.48683	0.9283349	0.4803928	4.08557
12618	-1486.165	-1583.145	96.97985	0.9269738	0.4803928	3.804041
12624	-1481.564	-1578.189	96.62516	0.7291016	0.4803928	4.120245
12630	-1482.137	-1577.13	94.99328	0.5283627	0.6676627	4.99125
12636	-1481.616	-1576.866	95.25009	0.6757102	0.4291285	4.97391
12642	-1476.666	-1571.335	94.66901	0.5877915	0.514781	5.26282
12648	-1481.786	-1577.082	95.29545	0.5993369	0.5551748	4.873549
12654	-1484.563	-1578.748	94.18487	0.7440032	0.6152721	5.359543
12660	-1478.362	-1573.545	95.1832	0.5907515	0.4135932	5.074277
12666	-1484.778	-1580.49	95.71227	0.6193475	0.4922583	4.685887
12672	-1482.871	-1579.879	97.00747	0.8569897	0.5178688	3.792701
12678	-1486.942	-1584.542	97.60071	1.011933	0.6234937	3.26383
12684	-1473.467	-1568.12	94.6528	0.5090633	0.6791854	5.1822
12690	-1479.641	-1575.484	95.84301	0.6296846	0.4650903	4.632806
12696	-1478.425	-1573.535	95.10947	0.5581483	0.4408493	5.105374
12702	-1484.914	-1579.726	94.81166	0.530162	0.6666818	5.091792
12708	-1488.693	-1583.157	94.4643	0.792747	0.7317501	5.091792
12714	-1483.846	-1579.346	95.4998	0.6538366	0.6933875	4.619462
12720	-1489.839	-1585.61	95.77177	0.8377667	0.5792219	4.452842
12726	-1477.045	-1574.549	97.5041	0.9893553	0.5639733	3.385303
12732	-1486.022	-1582.523	96.50069	0.9461857	0.4187328	4.130044
12738	-1497.798	-1593.62	95.82224	0.8246881	0.7449727	4.304605
12744	-1484.061	-1579.163	95.10138	0.3769824	0.5142185	5.140766
12750	-1489.745	-1585.389	95.64408	0.6158614	0.6035689	4.629173
12756	-1486.999	-1583.003	96.0042	0.5893678	0.402437	4.629173
12762	-1488.614	-1584.281	95.66721	0.8680936	0.5850456	4.489762
12768	-1490.694	-1584.346	93.65195	0.5579831	0.8423893	5.596459
12774	-1497.791	-1591.809	94.01768	0.6611304	0.6280843	5.48727
12780	-1490.506	-1584.977	94.47006	0.744553	0.7852093	5.078932
12786	-1497.294	-1592.989	95.69484	0.7953472	0.552586	4.54269
12792	-1483.482	-1580.313	96.83128	0.9321979	0.4921677	3.875036
12798	-1479.178	-1574.894	95.7161	0.6676173	0.4921677	4.6568
12804	-1483.663	-1580.464	96.80142	0.9485099	0.739951	3.677507
12810	-1479.764	-1575.816	96.05209	0.7030763	0.5492211	4.396433
12816	-1489.912	-1586.081	96.16928	0.5411406	0.5592996	4.412929
12822	-1495.688	-1593.464	97.77601	1.070145	0.645099	3.107427
12828	-1492.147	-1587.391	95.24409	0.7850652	0.7465984	4.651201
12834	-1486.382	-1582.834	96.45235	0.8849201	0.5646867	4.052842
12840	-1481.451	-1577.097	95.64538	0.8700174	0.3893914	4.687141
12846	-1480.33	-1575.463	95.13269	0.8198223	0.5845166	4.816688
12852	-1489.697	-1586.091	96.39462	0.7150027	0.581267	4.168252
12858	-1480.353	-1576.291	95.93823	0.8875263	0.5916935	4.320406
12864	-1485.274	-1581.624	96.35003	0.7567625	0.4211012	4.320406
12870	-1489.145	-1585.154	96.00955	0.8490862	0.4211012	4.460432
12876	-1488.441	-1584.114	95.67332	0.5680053	0.6031089	4.639979
12882	-1481.149	-1575.908	94.75897	0.6253573	0.6031089	5.11745
12888	-1487.563	-1581.543	93.9799	0.6310429	0.6952926	5.47447
12894	-1491.483	-1587.571	96.08771	0.7427269	0.4923857	4.405525
12900	-1481.918	-1574.081	92.16298	0.6307834	0.546454	6.580975
12906	-1478.525	-1575.651	97.12575	0.9398736	0.6685461	3.548011
12912	-1481.841	-1578.141	96.29975	1.025739	0.9683098	3.773766
12918	-1499.304	-1596.672	97.36754	0.7994945	0.4888169	3.645535
12924	-1489.891	-1587.434	97.54262	0.7625293	0.6050703	3.459916
12930	-1490.64	-1586.988	96.34807	0.7824003	0.6556742	4.096138
12936	-1484.506	-1581.482	96.97609	0.8544316	0.5676496	3.767464
12942	-1489.529	-1587.345	97.81552	1.062762	0.3760904	3.351142
12948	-1476.782	-1573.985	97.20316	1.062762	0.5141712	3.563841
12954	-1485.119	-1583.002	97.88215	1.11228	0.5756107	3.07855
12960	-1480.616	-1576.794	96.17789	0.9660761	0.7964755	3.986448
12966	-1479.824	-1576.108	96.28395	0.9147165	0.7512525	3.986448
12972	-1482.221	-1578.08	95.85872	0.7542192	0.6449619	4.397777
12978	-1472.252	-1568.625	96.37283	0.8427483	0.7490592	3.978334
12984	-1483.205	-1578.234	95.02837	0.6530853	0.5417902	5.003766
12990	-1483.833	-1577.92	94.08722	0.6266643	0.463928	5.608811
12996	-1484.375	-1577.639	93.26322	0.6112006	0.764848	5.830309
13002	-1478.29	-1572.929	94.63926	0.8820044	0.7707574	4.918236
13008	-1484.54	-1581.665	97.12547	0.9491924	0.4679613	3.719552
13014	-1482.425	-1579.531	97.1055	0.9739241	0.6788589	3.531946
13020	-1484.961	-1579.826	94.86526	0.6739316	0.7787232	4.902897
13026	-1488.155	-1584.122	95.96705	0.8016066	0.6103567	4.337365
13032	-1484.6	-1580.151	95.55028	0.9133436	1.073046	4.207498
13038	-1479.213	-1574.727	95.51453	0.8660515	0.6858039	4.497611
13044	-1495.607	-1592.136	96.52854	0.6654212	0.8640311	3.913399
13050	-1477.769	-1574.542	96.77282	0.7841671	0.5807598	3.913399
13056	-1470.709	-1566.847	96.13743	0.6690216	0.636688	4.294928
13062	-1475.271	-1569.983	94.71168	0.5676349	0.5215768	5.244323
13068	-1483.754	-1578.9	95.14683	0.7496214	0.6531119	4.793507
13074	-1487.18	-1582.311	95.13065	0.9468954	0.5934978	4.739476
13080	-1503.308	-1598.852	95.54439	0.6322468	0.7029629	4.599561
13086	-1505.245	-1600.442	95.19628	0.7345938	0.8489907	4.63836
13092	-1490.088	-1586.636	96.54785	0.7571061	0.4448773	4.183515
13098	-1479.996	-1576.74	96.74391	0.8809106	0.5043829	3.94292
13104	-1490.355	-1586.226	95.87043	0.5305758	0.3768538	4.765012
13110	-1479.041	-1575.025	95.98369	0.9018036	0.4906364	4.376109
13116	-1482.818	-1577.856	95.03758	0.7455816	0.5584357	4.932916
13122	-1478.141	-1574.089	95.94783	0.7454278	0.5238876	4.453805
13128	-1479.23	-1574.655	95.42471	0.6599633	0.7208862	4.63821
13134	-1481.11	-1576.093	94.9833	0.9472474	0.7519882	4.702671
13140	-1483.576	-1580.196	96.62057	0.6850133	0.6355795	4.012073
13146	-1485.707	-1580.682	94.97448	0.8949391	0.4803491	4.954938
13152	-1482.346	-1577.929	95.58372	0.852704	0.5025933	4.617569
13158	-1494.022	-1587.25	93.2287	0.5057828	0.761909	5.90876
13164	-1475.863	-1573.147	97.28339	0.987468	0.7398252	3.374064
13170	-1484.448	-1581.16	96.71176	0.7990899	0.5180978	3.995351
13176	-1494.62	-1589.968	95.3482	0.8943179	0.4685739	4.758235
13182	-1487.48	-1583.335	95.85552	0.6660838	0.755675	4.367952
13188	-1484.44	-1578.221	93.78149	0.5465997	0.5655554	5.729914
13194	-1497.124	-1593.106	95.98188	0.5803555	0.3850216	4.665737
13200	-1494.914	-1588.675	93.76086	0.5230605	0.4625552	5.84567
13206	-1500.634	-1596.069	95.43461	0.7940876	0.5716755	4.673047
13212	-1497.164	-1590.855	93.69059	0.6434687	0.6122173	5.688961
13218	-1499.762	-1595.153	95.3909	0.6527443	0.4903151	4.848567
13224	-1490.7	-1585.681	94.98081	0.6766857	0.4497021	5.102194
13230	-1496.456	-1590.766	94.31009	0.5467936	0.6281565	5.389163
13236	-1483.571	-1577.851	94.27966	0.5687902	0.6281565	5.393812
13242	-1491.054	-1585.081	94.02714	0.4074838	0.5215993	5.709113
13248	-1489.578	-1583.997	94.41924	0.4970689	0.4414203	5.519513
13254	-1477.04	-1572.605	95.5654	0.5734206	0.4414203	4.842864
13260	-1470.496	-1566.434	95.93784	0.7538654	0.4331033	4.541882
13266	-1482.878	-1579.946	97.06802	0.7369798	0.4041112	3.941433
13272	-1484.271	-1580.021	95.75022	0.9480215	0.4913231	4.481002
13278	-1480.895	-1576.662	95.76643	0.804501	0.4408976	4.601748
13284	-1481.464	-1577.832	96.36827	0.7876271	0.6729239	4.068367
13290	-1480.042	-1576.688	96.64567	0.7963788	0.6005701	3.962546
13296	-1485.883	-1583.248	97.36509	0.9013914	0.795403	3.336898
13302	-1483.114	-1579.581	96.46657	0.7577064	0.412671	4.262862
13308	-1477.291	-1573.503	96.21185	0.7790992	0.7154276	4.130607
13314	-1479.55	-1574.451	94.90089	0.7009589	0.5611479	5.031386
13320	-1482.46	-1578.785	96.32413	0.6626942	0.4999609	4.310083
13326	-1482.088	-1576.174	94.08605	0.5914697	0.8040857	5.363547
13332	-1476.612	-1571.639	95.02675	0.5263853	0.6369178	4.997144
13338	-1468.78	-1564.315	95.53508	0.5895166	0.6369178	4.678465
13344	-1478.723	-1573.77	95.04687	0.7288365	0.8063385	4.752669
13350	-1477.712	-1573.936	96.22397	0.7576086	0.5663463	4.253602
13356	-1483.048	-1577.431	94.38289	0.6688928	0.6180293	5.289551
13362	-1489.069	-1583.209	94.13995	0.7148818	0.4140076	5.581042
13368	-1492.018	-1585.649	93.63109	0.4107501	0.8098618	5.709225
13374	-1501.84	-1596.787	94.94713	0.5542818	0.7711759	4.929001
13380	-1483.078	-1577.751	94.67299	0.5891946	0.6102354	5.179402
13386	-1485.738	-1580.355	94.61683	0.812471	0.5177758	5.164747
13392	-1479.652	-1574.366	94.71362	0.6435141	0.6427293	5.101435
13398	-1479.65	-1574.91	95.26033	0.5291191	0.6531302	4.853182
13404	-1483.822	-1577.284	93.46258	0.5393252	0.6531302	5.839454
13410	-1488.284	-1580.573	92.28913	0.5787357	0.5798659	6.513353
13416	-1487.996	-1581.589	93.59347	0.4072194	0.6029328	5.878743
13422	-1475.793	-1572.377	96.58407	0.8884521	0.5635451	3.976589
13428	-1477.482	-1572.911	95.42894	0.7758089	0.5969553	4.665479
13434	-1476.73	-1573.397	96.66691	0.8207562	0.5587281	3.972125
13440	-1475.612	-1569.945	94.33254	0.6349102	0.7066258	5.269798
13446	-1479.007	-1572.786	93.7784	0.5216079	0.673828	5.660873
13452	-1477.554	-1571.753	94.19899	0.6531299	0.5077771	5.492193
13458	-1477.111	-1572.236	95.12452	0.6859236	0.6300003	4.859343
13464	-1477.598	-1572.862	95.26342	0.9117868	0.7095123	4.595618
13470	-1482.265	-1577.889	95.62402	0.7006609	0.7095123	4.511658
13476	-1481.538	-1578.104	96.56587	0.8412729	0.7095123	3.897229
13482	-1477.538	-1572.647	95.10892	0.7196805	0.5625513	4.90413
13488	-1481.862	-1577.256	95.39418	0.5426223	0.5547874	4.850466
13494	-1484.608	-1579.228	94.61999	0.7153417	0.6023573	5.145198
13500	-1485.701	-1582.84	97.13934	0.7281706	0.4435958	3.863609
13506	-1479.117	-1576.156	97.03931	0.9427324	0.3829013	3.863609
13512	-1484.48	-1580.265	95.78469	0.9606063	0.7747743	4.228199
13518	-1490.549	-1587.312	96.76225	0.8886881	0.5016314	3.930558
13524	-1481.622	-1574.552	92.93082	0.4977963	0.6264695	6.172327
13530	-1479.509	-1574.284	94.77478	0.5057102	0.5847762	5.189815
13536	-1479.05	-1574.002	94.95205	0.6581063	0.4876765	5.092022
13542	-1471.641	-1566.596	94.95502	0.6551329	0.4876765	5.092022
13548	-1480.669	-1575.509	94.84006	0.7684582	0.4509677	5.128089
13554	-1483.773	-1578.422	94.64916	0.620428	0.4509677	5.315502
13560	-1480.338	-1575.149	94.81114	0.4527231	0.6978979	5.112067
13566	-1481.973	-1577.734	95.76161	0.6036015	0.4635859	4.694471
13572	-1493.716	-1588.405	94.68886	0.4723143	0.5060352	5.323491
13578	-1496.481	-1591.649	95.16887	0.6176839	0.5741914	4.917748
13584	-1494.664	-1589.319	94.655	0.6059381	0.660767	5.141045
13590	-1494.288	-1589.169	94.88109	0.9016297	0.3487599	5.141045
13596	-1493.275	-1587.645	94.36912	0.7879949	0.7653193	5.124121
13602	-1491.252	-1585.97	94.71788	0.5973243	0.5678627	5.18461
13608	-1488.483	-1584.811	96.32851	0.8774401	0.6229444	4.079043
13614	-1487.562	-1584.886	97.32408	0.675731	0.6229444	3.622808
13620	-1502.974	-1598.481	95.50691	0.6928123	0.6450825	4.630038
13626	-1518.337	-1612.122	93.78469	0.5562776	0.6450825	5.659828
13632	-1490.763	-1583.887	93.12357	0.6894764	0.5853147	5.995275
13638	-1491.518	-1588.401	96.88326	0.7599647	0.5481398	3.892355
13644	-1493.37	-1588.332	94.96195	0.7599647	0.5174186	5.0028
13650	-1496.829	-1593.206	96.37759	0.5873843	0.4238771	4.397593
13656	-1495.958	-1591.814	95.85578	0.877444	0.7973754	4.219724
13662	-1487.557	-1581.443	93.88521	0.601522	0.6591357	5.569259
13668	-1485.664	-1580.556	94.89249	0.5605265	0.4725737	5.193281
13674	-1486.288	-1580.792	94.50406	0.5447684	0.6224101	5.287745
13680	-1488.853	-1585.325	96.47251	0.7997856	0.4574655	4.189367
13686	-1485.989	-1582.183	96.19398	0.7348665	0.6837073	4.189367
13692	-1495.926	-1590.53	94.60418	0.5124965	0.4491996	5.401562
13698	-1484.621	-1579.774	95.15285	0.5558966	0.6773406	4.879934
13704	-1479.613	-1573.409	93.79582	0.4882373	0.5872577	5.73625
13710	-1489.56	-1583.26	93.6997	0.6331752	0.7378389	5.597391
13716	-1494.084	-1588.8	94.71612	0.4563994	0.5459643	5.282043
13722	-1493.935	-1589.151	95.21563	0.5629842	0.5349741	4.955713
13728	-1499.018	-1594.304	95.28625	0.6300009	0.466821	4.941812
13734	-1507.342	-1598.593	91.251	0.5767978	0.5681128	7.08421
13740	-1494.349	-1588.321	93.972	0.764232	0.5648091	5.506526
13746	-1493.315	-1587.554	94.23899	0.8492351	0.5095326	5.360576
13752	-1497.358	-1593.177	95.81847	0.7507395	0.5095326	4.536642
13758	-1495.427	-1590.402	94.97544	0.6279148	0.8091971	4.846997
13764	-1495.591	-1591.917	96.32583	0.8530649	0.9664437	3.859219
13770	-1494.422	-1590.709	96.287	0.8546814	1.003413	3.859112
13776	-1494.973	-1591.56	96.5864	0.9462381	1.030369	3.618077
13782	-1490.831	-1587.267	96.43567	1.250444	0.4292548	3.982486
13788	-1486.331	-1582.148	95.81769	0.9179632	0.8092249	4.210435
13794	-1499.844	-1594.524	94.6798	0.6645273	0.6261539	5.121367
13800	-1491.889	-1586.709	94.81954	0.6337994	0.4828996	5.18335
13806	-1486.089	-1580.715	94.62592	0.5287094	0.6830716	5.18335
13812	-1483.949	-1577.725	93.77576	0.6223393	0.6696526	5.610122
13818	-1491.846	-1585.592	93.74608	0.7090064	0.6281993	5.610122
13824	-1491.957	-1583.735	91.77802	0.7856999	0.5712767	6.684851
13830	-1494.496	-1589.45	94.95473	0.7535318	0.704297	4.860475
13836	-1492.128	-1588.132	96.00355	0.7467738	0.5438205	4.403897
13842	-1485.135	-1580.477	95.34202	0.9081692	0.6259088	4.616742
13848	-1487.644	-1583.543	95.89861	0.8407486	0.506407	4.443787
13854	-1493.274	-1590.284	97.01037	0.6992424	0.3865013	4.015547
13860	-1490.11	-1586.002	95.89198	0.5925858	0.6463694	4.469034
13866	-1489.192	-1584.988	95.79598	0.8010092	0.5684179	4.469034
13872	-1485.532	-1579.277	93.74538	0.8079332	0.5684179	5.604028
13878	-1487.95	-1583.327	95.37703	0.7515663	0.5055432	4.787082
13884	-1474.12	-1569.582	95.46175	0.678648	0.4983885	4.787082
13890	-1481.442	-1576.896	95.4537	0.678648	0.6127717	4.693212
13896	-1487.664	-1580.712	93.04825	0.576545	0.6331049	6.060434
13902	-1475.842	-1570.349	94.50658	0.4742237	0.6817762	5.280394
13908	-1481.126	-1576.326	95.20051	0.6226266	0.4767944	4.98404
13914	-1477.432	-1573.78	96.34811	0.8303805	0.6223856	4.095137
13920	-1481.958	-1578.718	96.76016	0.7703901	0.5622289	3.944524
13926	-1491.559	-1587.871	96.3121	0.7924621	0.6494606	4.115728
13932	-1492.852	-1588.746	95.89397	0.8050982	0.504553	4.468192
13938	-1486.572	-1583.514	96.94232	0.9002631	0.6038754	3.729589
13944	-1480.603	-1574.997	94.39482	0.5417104	0.5361419	5.420678
13950	-1476.241	-1570.791	94.55066	0.4538582	0.4941678	5.420678
13956	-1478.515	-1572.688	94.17266	0.6256957	0.6607906	5.396575
13962	-1483.107	-1578.517	95.41055	0.7558873	0.6757477	4.625362
13968	-1484.107	-1580.76	96.65266	0.7427739	0.7636062	3.865009
13974	-1480.297	-1576.136	95.83935	0.6684159	0.5965628	4.495729
13980	-1479.641	-1572.842	93.20142	0.447545	0.5965628	6.075713
13986	-1481.694	-1576.904	95.20979	0.5964712	0.5965453	4.888357
13992	-1492.424	-1587.79	95.36651	0.6494704	0.5258931	4.831548
13998	-1498.948	-1591.979	93.03041	0.6874634	0.5131907	6.108045
14004	-1501	-1596.407	95.40761	0.734634	0.5589063	4.73225
14010	-1490.259	-1585.41	95.15141	0.86555	0.7305135	4.669306
14016	-1492.574	-1587.276	94.70215	0.6900458	0.7862295	4.979661
14022	-1482.391	-1576.966	94.57489	0.375036	0.6196483	5.344494
14028	-1482.542	-1577.581	95.03938	0.6533778	0.6153975	4.936391
14034	-1493.436	-1588.844	95.40822	0.5797412	0.6821682	4.720515
14040	-1489.481	-1585.029	95.5487	0.6086924	0.6821682	4.625649
14046	-1485.956	-1581.777	95.82093	0.595353	0.5766562	4.563673
14052	-1488.3	-1582.759	94.45922	0.3924955	0.4363488	5.560059
14058	-1497.384	-1590.96	93.57514	0.271619	0.7762373	5.83788
14064	-1489.497	-1583.293	93.79554	0.4847558	0.6732695	5.672091
14070	-1493.481	-1587.764	94.28229	0.4451213	0.5443062	5.528711
14076	-1492.988	-1587.394	94.40594	0.477664	0.6133466	5.38602
14082	-1492.514	-1586.796	94.28228	0.6943487	0.6954533	5.27275
14088	-1484.763	-1579.66	94.89631	0.4424939	0.6297549	5.121622
14094	-1491.197	-1585.325	94.12808	0.5040511	0.5204453	5.601796
14100	-1488.279	-1582.603	94.32408	0.436358	0.5204453	5.531312
14106	-1488.29	-1581.561	93.27017	0.3962677	0.6689834	6.010905
14112	-1486.612	-1580.88	94.26775	0.2678316	0.5218196	5.653565
14118	-1485.381	-1579.407	94.02554	0.291787	0.6361709	5.679573
14124	-1492.628	-1586.62	93.99247	0.3060783	0.6497394	5.679573
14130	-1486.496	-1582.624	96.12797	0.6294752	0.7412768	4.244635
14136	-1486.69	-1583.545	96.85434	0.6301934	0.7412768	3.829647
14142	-1476.712	-1573.3	96.58864	0.7171969	0.5804984	4.057214
14148	-1477.2	-1573.132	95.93215	0.6213063	0.4431111	4.609311
14154	-1486.665	-1582.368	95.70326	0.8876157	0.4849411	4.547409
14160	-1484.195	-1581.417	97.22203	0.7593229	0.4883273	3.753365
14166	-1479.238	-1573.719	94.48066	0.7593229	0.6889532	5.131791
14172	-1486.465	-1580.787	94.32179	0.7626923	0.8146607	5.131791
14178	-1488.85	-1584.806	95.95663	0.8187327	0.5211116	4.410043
14184	-1493.111	-1588.747	95.63608	0.9068466	0.4067869	4.652888
14190	-1481.983	-1576.239	94.25606	0.6498317	0.6216951	5.367176
14196	-1487.374	-1582.567	95.19292	0.8266734	0.6649248	4.715726
14202	-1480.312	-1576.494	96.18133	0.6664992	0.6649248	4.249564
14208	-1483.251	-1577.97	94.71904	0.6943029	0.6280311	5.081644
14214	-1481.275	-1574.593	93.31763	0.5254677	0.683624	5.903821
14220	-1477.746	-1570.759	93.013	0.680211	0.683624	5.985648
14226	-1479.317	-1573.878	94.56128	0.6420617	0.5241852	5.283989
14232	-1487.214	-1583.714	96.49949	0.7700533	0.4685765	4.179929
14238	-1501.184	-1595.185	94.00016	0.8279493	0.7718972	5.301654
14244	-1495.486	-1589.719	94.23271	0.8033817	0.6727086	5.256527
14250	-1489.418	-1585.349	95.93019	0.7953685	0.6089535	4.362852
14256	-1489.731	-1585.841	96.10977	0.6870846	0.5608145	4.362852
14262	-1484.216	-1579.944	95.72801	0.7147563	0.5648356	4.558801
14268	-1486.107	-1581.78	95.6727	0.6852192	0.6175053	4.562978
14274	-1480.315	-1574.952	94.6369	0.6254478	0.4554165	5.31515
14280	-1483.81	-1580.227	96.41681	0.7453499	0.779138	3.987882
14286	-1480.991	-1575.143	94.15214	0.613666	0.6267378	5.440435
14292	-1484.54	-1581.741	97.20137	0.8900056	0.5699117	3.614624
14298	-1478.479	-1573.687	95.20781	0.8819427	0.5125912	4.802341
14304	-1478.39	-1573.946	95.55631	0.7067798	0.5879512	4.640198
14310	-1490.044	-1585.584	95.54023	0.9915486	0.8567354	4.295108
14316	-1485.981	-1580.258	94.27644	0.6579659	0.5662201	5.396254
14322	-1491.097	-1585.151	94.05379	0.6811233	0.7092128	5.396254
14328	-1486.751	-1580.127	93.37661	0.5832745	0.5820878	5.917741
14334	-1477.658	-1571.003	93.34511	0.7270842	0.5098957	5.917741
14340	-1477.531	-1570.831	93.29961	0.6520053	0.5876691	5.917741
14346	-1482.07	-1576.059	93.98895	0.6607987	0.6399689	5.49412
14352	-1479.116	-1572.025	92.9088	0.5824097	0.7010702	6.083298
14358	-1483.261	-1579.612	96.35096	0.8229029	0.6041815	4.112608
14364	-1475.201	-1569.472	94.2714	0.4712924	0.6041815	5.470886
14370	-1477.399	-1571.543	94.14419	0.6376842	0.6041815	5.44932
14376	-1477.284	-1571.295	94.01063	0.6376842	0.5599794	5.558895
14382	-1481.114	-1575.371	94.2563	0.5912844	0.6168532	5.403109
14388	-1479.344	-1574.634	95.29027	0.5169672	0.5280186	4.945922
14394	-1479.419	-1577.559	98.13997	1.032418	0.4962055	3.047019
14400	-1482.026	-1578.441	96.41483	0.8213032	0.7921893	3.936619
14406	-1486.192	-1581.881	95.6889	0.7389006	0.4658371	4.657237
14412	-1489.355	-1585.876	96.52149	0.9731743	0.6989377	3.85485
14418	-1486.123	-1584.005	97.88153	0.9687341	0.7160019	3.048732
14424	-1484.093	-1581.291	97.19825	0.8927767	0.6652651	3.535799
14430	-1479.366	-1577.094	97.72763	0.8856728	0.4889344	3.385266
14436	-1483.122	-1578.806	95.68449	0.9107463	0.5430635	4.491933
14442	-1482.646	-1576.304	93.65796	0.4382183	0.5524773	5.867754
14448	-1486.849	-1578.832	91.98249	0.3503692	0.5575958	6.82073
14454	-1482.481	-1575.674	93.19208	0.320503	0.6416725	6.115059
14460	-1485.37	-1580.984	95.61461	0.5725426	0.5328851	4.729764
14466	-1489.787	-1584.493	94.70631	0.4555402	0.4303562	5.395431
14472	-1480.942	-1576.555	95.61269	0.3878053	0.604086	4.773914
14478	-1480.96	-1575.98	95.01959	0.5273419	0.5396731	5.080277
14484	-1484.274	-1579.268	94.99333	0.5809942	0.5223888	5.080277
14490	-1491.394	-1586.64	95.24637	0.6351998	0.7866665	4.706503
14496	-1488.164	-1583.962	95.79807	0.7960834	0.3333835	4.707791
14502	-1481.719	-1577.774	96.05595	0.8486503	0.966834	4.016086
14508	-1485.348	-1581.394	96.04693	0.7272849	0.6148217	4.330607
14514	-1485.64	-1581.717	96.07727	0.641735	0.6148217	4.361801
14520	-1480.312	-1576.814	96.50139	0.7508111	0.5091243	4.151069
14526	-1481.382	-1577.235	95.8532	0.7678862	0.699635	4.351818
14532	-1483.511	-1578.791	95.28084	0.5188939	0.6146334	4.877441
14538	-1489.689	-1583.867	94.17804	0.4363811	0.5471945	5.588323
14544	-1489.238	-1583.626	94.38807	0.2263471	0.5471945	5.588323
14550	-1492.337	-1586.13	93.7935	0.199816	0.6123295	5.875374
14556	-1496.408	-1592.124	95.71565	0.5652953	0.4261273	4.779127
14562	-1490.802	-1585.42	94.61816	0.6336434	0.5614473	5.225066
14568	-1494.136	-1590.155	96.01958	0.6541845	0.5930427	4.405124
14574	-1481.908	-1577.631	95.72317	0.7888044	0.6167858	4.476946
14580	-1482.643	-1577.415	94.77154	0.690904	0.5833688	5.090187
14586	-1486.374	-1578.491	92.11701	0.6686898	0.7029549	6.465277
14592	-1483.281	-1576.587	93.30604	0.5342616	0.5830094	5.982268
14598	-1484.178	-1578.842	94.66404	0.6016593	0.5830094	5.199447
14604	-1486.788	-1581.003	94.21471	0.6443225	0.4570706	5.535676
14610	-1485.43	-1578.928	93.4979	0.6919755	0.8866675	5.580366
14616	-1492.876	-1586.403	93.52688	0.6499645	0.8986367	5.580366
14622	-1484.087	-1578.03	93.9429	0.5932219	0.6093253	5.580366
14628	-1482.67	-1577.405	94.73511	0.6162322	0.5346181	5.193018
14634	-1489.18	-1581.304	92.12323	0.5628779	0.5346181	6.649229
14640	-1486.482	-1580.323	93.84157	0.4498103	0.7306509	5.625125
14646	-1487.954	-1581.268	93.31423	0.4974434	0.4967448	6.071661
14652	-1484.598	-1579.775	95.17767	0.6680262	0.6042965	4.860108
14658	-1485.915	-1579.607	93.69167	0.5396551	0.8045637	5.608708
14664	-1491.615	-1585.773	94.1575	0.7292978	0.4185434	5.558808
14670	-1487.935	-1581.07	93.13492	0.531085	0.7603142	5.947219
14676	-1487.858	-1581.151	93.29288	0.4618559	0.6715085	5.960881
14682	-1490.009	-1583.477	93.46805	0.7353745	0.8381009	5.602711
14688	-1494.466	-1589.825	95.35883	0.7230946	0.8220222	4.57093
14694	-1494.868	-1590.731	95.8627	0.6426985	0.629407	4.470593
14700	-1484.247	-1580.141	95.89409	0.9290621	0.5644116	4.344905
14706	-1483.522	-1578.758	95.23645	0.6126772	0.5921461	4.868064
14712	-1482.605	-1578.4	95.79477	0.4691753	0.476306	4.738824
14718	-1489.439	-1583.326	93.8866	0.4794481	0.4597989	5.803389
14724	-1479.38	-1575.348	95.96833	0.7027971	0.4597989	4.526618
14730	-1480.506	-1576.426	95.91985	0.6512066	0.5193968	4.526618
14736	-1479.199	-1576.157	96.95807	0.7112166	0.4217604	4.000024
14742	-1490.78	-1588.815	98.03516	0.9208704	0.8537303	2.885836
14748	-1498.571	-1596.083	97.5115	1.023631	0.8211273	3.160319
14754	-1497.274	-1594.917	97.64232	1.15522	0.6305051	3.148445
14760	-1491.403	-1588.315	96.91209	0.9673253	0.7544743	3.591993
14766	-1493.779	-1588.574	94.79478	0.7713042	0.4020327	5.201596
14772	-1497.81	-1592.5	94.68922	0.6596631	0.7124528	5.05447
14778	-1499.236	-1593.54	94.30311	0.5374936	0.3883578	5.615947
14784	-1500.241	-1594.12	93.87835	0.418335	0.526024	5.780777
14790	-1508.597	-1602.442	93.84464	0.2503243	0.5583642	5.863478
14796	-1499.152	-1592.377	93.22512	0.5136176	0.5029454	6.105805
14802	-1491.898	-1586.337	94.43968	0.3950004	0.5984432	5.424829
14808	-1489.999	-1583.113	93.11387	0.4561808	0.6905372	6.047837
14814	-1495.483	-1590.016	94.53241	0.4970572	0.5842349	5.328953
14820	-1499.306	-1593.672	94.36606	0.3641541	0.5481876	5.523854
14826	-1480.641	-1574.985	94.34399	0.2977514	0.6073974	5.523854
14832	-1480.885	-1574.442	93.55731	0.3490551	0.4723487	6.042527
14838	-1480.883	-1573.934	93.05171	0.6105172	0.6298341	6.042527
14844	-1495.412	-1587.822	92.40931	0.5976269	0.5010381	6.504937
14850	-1489.181	-1583.124	93.94293	0.1480198	0.5010381	5.915437
14856	-1492.706	-1586.206	93.49978	0.2785456	0.4693292	6.115122
14862	-1496.666	-1589.971	93.30467	0.2889098	0.5408056	6.151751
14868	-1485.625	-1579.272	93.64686	0.3754305	0.5026069	5.95151
14874	-1488.185	-1584.347	96.16198	0.6663249	0.6780317	4.250668
14880	-1485.104	-1578.771	93.66707	0.4951357	0.5120935	5.866606
14886	-1473.555	-1569.335	95.77961	0.7098562	0.5120935	4.579086
14892	-1475.756	-1570.366	94.61021	0.6127697	0.613575	5.198445
14898	-1482.402	-1577.894	95.49247	0.5671421	0.5374046	4.797029
14904	-1480.597	-1575.885	95.28741	0.7035828	0.501878	4.867195
14910	-1482.856	-1577.369	94.51283	0.6749761	0.4062614	5.405957
14916	-1478.573	-1573.214	94.64109	0.5315352	0.4142714	5.405957
14922	-1476.877	-1569.893	93.01617	0.6459173	0.5556127	6.101957
14928	-1481.447	-1574.941	93.49373	0.6300138	0.5776796	5.831776
14934	-1483.041	-1577.902	94.86137	0.8189393	0.4765276	5.0636
14940	-1479.156	-1575.002	95.84654	0.8620819	0.5031389	4.46412
14946	-1486.012	-1580.569	94.55704	0.6375505	0.5031389	5.307675
14952	-1499.62	-1594.261	94.64091	0.4852581	0.6380717	5.232868
14958	-1488.654	-1583.724	95.0698	0.5433356	0.7945102	4.851193
14964	-1484.113	-1579.77	95.65771	0.5937895	0.5742411	4.658115
14970	-1479.293	-1573.977	94.68481	0.4031517	0.5742411	5.304893
14976	-1483.099	-1578.256	95.15688	0.5909614	0.4338905	5.067891
14982	-1476	-1570.836	94.83624	0.7662601	0.5408251	5.048447
14988	-1473.488	-1568.429	94.94197	0.7059375	0.5123516	5.048447
14994	-1481.536	-1575.8	94.26455	0.4456352	0.6750277	5.434585
15000	-1479.9	-1574.797	94.89713	0.5573316	0.6750277	5.023078
15006	-1490.025	-1584.922	94.89713	0.5573316	0.6750277	5.023078
15012	-1488.505	-1582.592	94.08751	0.4996043	0.6952991	5.48758
15018	-1483.997	-1578.267	94.2695	0.6185503	0.4911326	5.48758
15024	-1488.382	-1582.677	94.29502	0.4417289	0.5492331	5.519369
15030	-1490.374	-1584.465	94.09137	0.5851376	0.5741738	5.531594
15036	-1490.336	-1585.047	94.7112	0.648421	0.6784592	5.073173
15042	-1482.811	-1575.422	92.61135	0.5628104	0.5132541	6.403467
15048	-1487.787	-1582.936	95.14899	0.7624958	0.5132541	4.901114
15054	-1485.711	-1579.599	93.88818	0.8153655	0.4936879	5.586644
15060	-1486.974	-1581.705	94.73135	0.8362478	0.850378	4.840551
15066	-1475.256	-1570.05	94.79404	0.7056143	0.5206627	5.123205
15072	-1473.291	-1567.85	94.55899	0.5872704	0.4436203	5.390757
15078	-1476.357	-1570.297	93.93963	0.4985787	0.5836917	5.65465
15084	-1477.682	-1573.048	95.366	0.6864578	0.409499	4.923844
15090	-1482.633	-1579.583	96.9497	0.7503245	0.4889532	3.914522
15096	-1482.983	-1576.46	93.47689	0.5524117	0.4682015	5.979384
15102	-1480.512	-1576.402	95.89004	0.9538029	0.729907	4.203726
15108	-1486.483	-1583.651	97.16752	0.9656492	0.7266822	3.464384
15114	-1485.076	-1581.67	96.59425	0.9864684	0.5368238	3.93831
15120	-1486.076	-1581.024	94.94887	0.6346508	0.4947173	5.100252
15126	-1490.182	-1584.926	94.74354	0.4540305	0.5457186	5.268421
15132	-1491.616	-1585.31	93.69389	0.6847917	0.5728165	5.696187
15138	-1485.488	-1579.735	94.24663	0.654349	0.6187037	5.372227
15144	-1489.928	-1584.362	94.43473	0.4431351	0.6187037	5.38497
15150	-1490.434	-1585.787	95.35317	0.5113508	0.5116094	4.928747
15156	-1494.196	-1589.609	95.41321	0.6297472	0.4635939	4.874394
15162	-1487.44	-1583.6	96.16064	0.6995666	0.7096493	4.209102
15168	-1497.047	-1591.661	94.61403	0.6473908	0.5112086	5.263475
15174	-1505.62	-1601.676	96.05577	0.6309594	0.5287141	4.453148
15180	-1503.485	-1597.616	94.13004	0.6412809	0.3738316	5.669824
15186	-1487.782	-1583.13	95.34741	0.6594229	0.4069307	4.951945
15192	-1494.335	-1588.113	93.77841	0.6980411	0.6137589	5.60964
15198	-1488.946	-1584.118	95.17161	0.617742	0.4674617	5.011733
15204	-1491.069	-1586.419	95.35046	0.6927827	0.5098841	4.830746
15210	-1488.253	-1583.7	95.44673	0.625345	0.4924228	4.830746
15216	-1488.999	-1583.715	94.71559	0.55563	0.4680413	5.298075
15222	-1487.437	-1583.229	95.79198	0.4785431	0.5522209	4.666216
15228	-1494.213	-1588.852	94.63948	0.3763571	0.5522209	5.36316
15234	-1490.247	-1584.335	94.08806	0.4868513	0.6168748	5.553122
15240	-1487.746	-1582.344	94.59861	0.5118586	0.480034	5.375411
15246	-1493.367	-1588.602	95.23537	0.6095047	0.4795671	4.969327
15252	-1488.486	-1583.756	95.27024	0.7137851	0.4967772	4.875784
15258	-1493.215	-1587.584	94.36856	0.9313213	0.5552241	5.203742
15264	-1497.818	-1592.008	94.19013	0.6654313	0.6049411	5.408131
15270	-1493.642	-1588.346	94.70417	0.7293805	0.6960631	5.019257
15276	-1495.631	-1592.604	96.97229	0.9040342	0.5033833	3.799459
15282	-1502.3	-1599.044	96.74466	0.731321	0.6906854	3.871782
15288	-1502.05	-1598.431	96.38125	0.7817705	0.667685	4.068316
15294	-1500.278	-1595.202	94.92391	0.5668441	0.5995253	5.061325
15300	-1506.889	-1600.762	93.87356	0.5576033	0.5616227	5.676702
15306	-1508.248	-1601.976	93.72885	0.7528421	0.4571479	5.742633
15312	-1496.44	-1590.338	93.89816	0.6232045	0.4349796	5.742633
15318	-1494.282	-1588.063	93.7801	0.4536973	0.6138301	5.742633
15324	-1487.715	-1582.797	95.08235	0.7081849	0.6138301	4.883202
15330	-1493.508	-1587.826	94.31842	0.6105453	0.4756386	5.479498
15336	-1486.981	-1582.007	95.02559	0.579505	0.5237348	5.062015
15342	-1490.849	-1583.743	92.89399	0.5941462	0.5956461	6.164014
15348	-1477.063	-1574.859	97.79632	0.8703302	0.5316323	3.312994
15354	-1482.409	-1578.077	95.66863	0.9978162	0.7431808	4.294823
15360	-1475.409	-1570.352	94.94268	0.5694945	0.6180328	5.03466
15366	-1483.672	-1578.561	94.8887	0.7336416	0.5282139	5.048476
15372	-1479.858	-1574.882	95.02433	0.5649228	0.4242418	5.165596
15378	-1479.134	-1575.26	96.12509	0.6709296	0.4242418	4.492397
15384	-1478.992	-1575.713	96.72143	0.9608582	0.5599815	3.859471
15390	-1480.511	-1576.87	96.35873	0.9142157	0.6271476	4.037456
15396	-1482.747	-1579.596	96.84993	0.7574654	0.4737007	3.982381
15402	-1484.642	-1580.074	95.43255	0.6720085	0.5124152	4.794236
15408	-1489.212	-1585.18	95.96835	0.785627	0.483143	4.457381
15414	-1486.082	-1582.956	96.87335	0.8722771	0.5501113	3.831784
15420	-1486.482	-1581.689	95.20753	0.6415888	0.5501113	4.90333
15426	-1490.575	-1587.798	97.22315	0.7768559	0.6664417	3.587818
15432	-1485.206	-1582.816	97.61065	0.9318016	0.6174187	3.310305
15438	-1484.399	-1580.708	96.30907	0.9890608	0.6541993	4.001642
15444	-1489.701	-1584.82	95.11843	0.6353532	0.6546996	4.871862
15450	-1479.946	-1575.217	95.27121	0.6314792	0.5520057	4.871862
15456	-1484.208	-1578.973	94.76466	0.6597246	0.6792752	5.036633
15462	-1484.079	-1580.072	95.99324	0.6808891	0.6471922	4.361509
15468	-1481.999	-1576.498	94.49921	0.691028	0.5695902	5.252271
15474	-1482.343	-1577.21	94.86687	0.6024928	0.7021292	4.994978
15480	-1486.681	-1581.785	95.10418	0.6464156	0.5084235	4.994978
15486	-1476.841	-1571.092	94.25016	0.4031184	0.5184953	5.591911
15492	-1479.823	-1574.703	94.88026	0.4948286	0.5123475	5.199609
15498	-1489.592	-1585.91	96.3183	0.8077866	0.4697035	4.260193
15504	-1486.857	-1580.238	93.38044	0.6097933	0.5975531	5.888727
15510	-1482.396	-1576.324	93.92793	0.5670678	0.752198	5.498486
15516	-1488.51	-1582.233	93.72267	0.6514981	0.7518066	5.565169
15522	-1488.99	-1585.644	96.65316	0.9323587	0.7811784	3.743334
15528	-1487.961	-1581.633	93.67222	0.7609181	0.6095769	5.636701
15534	-1489.191	-1583.13	93.93854	0.673101	0.494109	5.636701
15540	-1482.882	-1578.026	95.14378	0.662584	0.699229	4.809434
15546	-1477.284	-1573.83	96.54649	0.7906195	0.4438712	4.166274
15552	-1476.37	-1572.443	96.07347	0.7869102	0.7033737	4.213603
15558	-1488.26	-1583.649	95.38902	0.7102556	0.6864831	4.655018
15564	-1499.429	-1596.112	96.6822	0.8272902	0.7095881	3.838399
15570	-1503.887	-1599.617	95.72931	0.9887907	0.841372	4.199351
15576	-1489.912	-1586.588	96.67633	0.932972	0.6576498	3.820548
15582	-1484.906	-1578.81	93.90374	0.6326678	0.5664945	5.614909
15588	-1490.876	-1585.416	94.54034	0.6216041	0.4636209	5.362606
15594	-1492.613	-1587.228	94.61467	0.4270945	0.5831589	5.323053
15600	-1487.126	-1581.827	94.70035	0.3904871	0.5869957	5.292829
15606	-1487.841	-1583.444	95.60362	0.8059591	0.7034111	4.468329
15612	-1497.345	-1594.246	96.90053	1.278087	0.5085927	3.619825
15618	-1491.688	-1590.204	98.51638	1.129756	0.6858363	2.588602
15624	-1497.923	-1595.863	97.93981	1.110211	0.8442025	2.83541
15630	-1495.17	-1591.142	95.97106	0.9999321	0.7069151	4.148184
15636	-1497.252	-1592.161	94.90895	0.8133787	0.6682994	4.879112
15642	-1493.892	-1591.111	97.21923	1.011842	0.4644909	3.632525
15648	-1492.116	-1589.193	97.07628	0.9810365	0.6708095	3.551076
15654	-1504.157	-1598.714	94.5569	0.5582576	0.5503112	5.309995
15660	-1487.77	-1581.32	93.54962	0.3358342	0.5503112	5.984648
15666	-1484.716	-1578.154	93.43804	0.4145102	0.5718944	5.984648
15672	-1477.053	-1572.025	94.97192	0.651596	0.6352587	4.959312
15678	-1491.218	-1586.459	95.24032	0.8525334	0.9454267	4.488654
15684	-1482.587	-1578.015	95.42834	0.6156723	0.5156292	4.82511
15690	-1481.514	-1577.189	95.67439	0.7300051	0.5885963	4.560398
15696	-1488.245	-1584.321	96.07639	0.8798347	0.7150807	4.150604
15702	-1493.18	-1591.061	97.88097	1.064796	0.4795532	3.198611
15708	-1479.763	-1575.978	96.21572	0.8140537	0.5166987	4.270289
15714	-1481.752	-1578.319	96.56687	0.7190484	0.7706327	3.922926
15720	-1494.537	-1589.671	95.13323	0.6249302	0.5152339	4.98462
15726	-1496.002	-1592.109	96.10708	0.571735	0.4169314	4.565923
15732	-1500.907	-1594.64	93.73294	0.570395	0.6976473	5.64179
15738	-1483.539	-1577.736	94.19686	0.6925214	0.6458414	5.357669
15744	-1476.477	-1571.898	95.42054	0.6886187	0.6910819	4.646086
15750	-1473.105	-1569.222	96.11687	0.5877812	0.4182602	4.550021
15756	-1477.28	-1570.439	93.15863	0.7926111	0.555914	5.944038
15762	-1481.999	-1575.524	93.52552	0.647314	0.429976	5.938216
15768	-1478.986	-1572.571	93.58467	0.5855715	0.5688419	5.813602
15774	-1480.218	-1575.692	95.47435	0.7739984	0.580674	4.654501
15780	-1480.051	-1574.641	94.59067	0.7373595	0.9557727	4.910615
15786	-1477.617	-1572.451	94.8337	0.6015003	0.5825684	5.10595
15792	-1482.522	-1577.39	94.86794	0.5620599	0.5962895	5.097635
15798	-1489.706	-1584.604	94.8982	0.7143945	0.411083	5.166308
15804	-1489.382	-1584.834	95.45156	0.6029542	0.6654315	4.695809
15810	-1488.339	-1584.272	95.93364	0.8593066	0.6371087	4.302239
15816	-1485.017	-1581.025	96.00845	0.7956245	0.3752804	4.540977
15822	-1482.697	-1579.733	97.03559	0.9180851	0.3405212	3.930031
15828	-1477.401	-1572.706	95.30556	0.8287792	0.6291959	4.679056
15834	-1473.45	-1570.675	97.22486	0.8515511	0.6810612	3.531997
15840	-1484.64	-1579.16	94.51935	0.6381794	0.598536	5.246638
15846	-1480.964	-1574.794	93.83025	0.7395886	0.6865778	5.50338
15852	-1481.78	-1576.419	94.63914	0.6291455	0.5479922	5.227385
15858	-1486.158	-1581.342	95.18432	0.7470214	0.5111602	4.891952
15864	-1485.717	-1583.02	97.30271	1.049672	0.5111602	3.516348
15870	-1486.933	-1583.111	96.17876	0.9121254	0.6655834	4.11102
15876	-1485.393	-1579.776	94.38374	0.6906528	0.8445462	5.118354
15882	-1494.308	-1590.794	96.4866	0.7832399	0.6957932	3.986048
15888	-1500.233	-1596.02	95.78662	0.599942	0.6548416	4.51763
15894	-1489.976	-1585.59	95.61461	0.6047367	0.6338735	4.627767
15900	-1490.748	-1586.495	95.74694	0.6278788	0.5294316	4.627767
15906	-1484.071	-1579.852	95.78093	0.6410467	0.5009728	4.627163
15912	-1483.032	-1579.153	96.12133	0.7969152	0.4723326	4.375163
15918	-1479.888	-1574.334	94.44661	0.6298172	0.5857986	5.30176
15924	-1483.27	-1578.377	95.10703	0.6310479	0.6166114	4.910205
15930	-1491.504	-1587.322	95.81769	0.5970274	0.4048036	4.72676
15936	-1483.106	-1579.47	96.36441	0.70216	0.5367525	4.231321
15942	-1484.233	-1579.265	95.03283	0.7585274	0.6617082	4.845602
15948	-1489.984	-1584.322	94.3381	0.5132531	0.4268717	5.569788
15954	-1482.957	-1577.439	94.4825	0.5716035	0.6464942	5.266252
15960	-1481.724	-1578.67	96.9463	0.5716035	0.5343955	3.976453
15966	-1480.824	-1577.229	96.40538	0.8582119	0.3782528	4.278465
15972	-1503.942	-1601.794	97.85261	0.8345914	0.6542072	3.194461
15978	-1500.822	-1596.801	95.97939	0.7750492	0.7243068	4.258438
15984	-1493.249	-1588.203	94.95419	0.6476277	0.6255347	4.978959
15990	-1490.369	-1584.186	93.81763	0.4904328	0.7239885	5.620595
15996	-1493.836	-1590.108	96.27231	0.7759573	0.6340874	4.15986
16002	-1495.761	-1593.258	97.49708	1.03633	1.10508	2.986142
16008	-1495.112	-1593.526	98.41327	1.263601	0.6219916	2.623601
16014	-1487.531	-1583.355	95.82389	0.8389632	0.8453489	4.228133
16020	-1492.485	-1584.657	92.17221	0.6763755	0.8779445	6.317865
16026	-1500.349	-1595.13	94.78157	0.7010904	0.6824272	5.001948
16032	-1494.808	-1590.051	95.24365	0.7775621	0.5975253	4.767669
16038	-1507.305	-1602.97	95.66556	0.7490202	0.5415774	4.594733
16044	-1500.179	-1594.814	94.63474	0.7751753	0.4936562	5.19737
16050	-1503.606	-1600.807	97.20155	1.081445	0.6140087	3.465354
16056	-1495.907	-1591.603	95.69595	0.6211048	0.7346042	4.497994
16062	-1488.914	-1583.239	94.32556	0.6424813	0.7480776	5.240483
16068	-1498.697	-1592.719	94.02175	0.5195343	0.7480776	5.475829
16074	-1496.796	-1591.405	94.60903	0.5914862	0.8095755	5.07076
16080	-1485.423	-1580.287	94.8642	0.5452016	0.6449398	5.07076
16086	-1489.964	-1586.071	96.10694	0.6763603	0.4702337	4.453294
16092	-1486.214	-1582.694	96.47936	0.7451865	0.6180763	4.072384
16098	-1488.694	-1585.078	96.38373	0.8633316	0.5085788	4.154498
16104	-1488.893	-1583.831	94.93865	0.6890348	0.3843586	5.186583
16110	-1479.137	-1574.387	95.25018	0.622059	0.6398855	4.817189
16116	-1488.35	-1582.393	94.04284	0.6477874	0.7613139	5.384606
16122	-1482.269	-1576.632	94.36319	0.448139	0.5213373	5.502543
16128	-1480.971	-1577.484	96.51381	0.7789035	0.4916477	4.144458
16134	-1482.707	-1578.31	95.60313	0.7644446	0.6761326	4.512148
16140	-1481.494	-1576.386	94.89189	0.6398309	0.5957682	5.041633
16146	-1472.384	-1567.244	94.86024	0.4727114	0.5957682	5.151826
16152	-1481.602	-1575.394	93.7926	0.5835609	0.5658547	5.703328
16158	-1482.598	-1576.332	93.73443	0.5385313	0.6369088	5.703328
16164	-1486.344	-1583.046	96.70222	0.6776658	0.6294917	3.974472
16170	-1500.183	-1595.735	95.55156	0.7346518	0.492147	4.711398
16176	-1492.673	-1588.218	95.54591	0.5842803	0.5918466	4.711398
16182	-1485.735	-1583.194	97.45893	0.7770775	0.4807257	3.613468
16188	-1489.148	-1585.619	96.47132	0.7770775	0.8196308	3.91113
16194	-1494.909	-1591.641	96.73242	0.8466042	0.5473574	3.929856
16200	-1494.747	-1589.834	95.08686	0.5985179	0.7421888	4.846385
16206	-1497.899	-1593.768	95.86894	0.9459173	0.8368551	4.14731
16212	-1488.095	-1583.138	95.0427	0.6668516	0.849874	4.76164
16218	-1485.945	-1581.441	95.49604	0.5892065	0.6821101	4.666116
16224	-1488.169	-1584.399	96.22973	0.8005253	0.5879101	4.207728
16230	-1481.46	-1576.558	95.09738	0.7568104	0.6548262	4.815784
16236	-1483.934	-1578.448	94.51364	0.6354414	0.5929569	5.25581
16242	-1488.491	-1583.174	94.68317	0.4676232	0.5917871	5.25581
16248	-1492.623	-1586.482	93.85937	0.6297927	0.4607479	5.735083
16254	-1489.43	-1583.586	94.1552	0.4922586	0.6238137	5.507829
16260	-1496.631	-1589.985	93.3535	0.4799804	0.6448914	5.937664
16266	-1482.526	-1576.541	94.01518	0.4711872	0.603721	5.612127
16272	-1485.933	-1579.738	93.80489	0.3423691	0.5594784	5.833952
16278	-1479.411	-1573.097	93.68583	0.4257522	0.5558415	5.856502
16284	-1483.463	-1577.393	93.93085	0.5208527	0.4811896	5.736297
16290	-1480.688	-1574.659	93.97115	0.5865746	0.729523	5.479556
16296	-1486.093	-1581.515	95.42262	0.654201	0.4990079	4.821988
16302	-1483.76	-1579.445	95.68508	0.749557	0.4905144	4.629818
16308	-1477.305	-1573.769	96.46447	0.7418676	0.6493372	4.057843
16314	-1480.569	-1575.913	95.34465	0.6144114	0.7217464	4.707929
16320	-1482.048	-1576.678	94.6306	0.5930459	0.7836176	5.07498
16326	-1484.225	-1579.239	95.01399	0.7028787	0.566138	4.963265
16332	-1485.063	-1579.705	94.64275	0.530451	0.5806528	5.252525
16338	-1483.511	-1578.045	94.53377	0.552994	0.5806528	5.300268
16344	-1498.726	-1592.941	94.21419	0.5444917	0.6667529	5.413993
16350	-1488.49	-1583.356	94.86623	0.5692964	0.5943231	5.096165
16356	-1485.888	-1579.07	93.18214	0.4808891	0.6745641	6.008682
16362	-1484	-1579.415	95.41458	0.8498161	0.5530206	4.668958
16368	-1484.1	-1580.426	96.32598	0.6309884	0.5156794	4.312425
16374	-1481.063	-1577.497	96.43302	0.8103209	0.4950611	4.169283
16380	-1490.493	-1584.548	94.05529	0.5960409	0.7099309	5.441785
16386	-1477.109	-1572.77	95.66102	0.6352734	0.6673968	4.558788
16392	-1483.421	-1578.153	94.73195	0.7974633	0.744995	4.931307
16398	-1483.279	-1579.365	96.08653	0.9519525	0.5682401	4.219722
16404	-1486.083	-1582.998	96.91529	1.016463	0.5682401	3.708518
16410	-1489.954	-1584.465	94.51117	0.8555607	0.7850336	4.994605
16416	-1491.582	-1587.599	96.01722	0.8415786	0.7000276	4.216966
16422	-1485.417	-1579.052	93.63574	0.535727	0.6175965	5.773819
16428	-1484.496	-1578.515	94.0187	0.470505	0.5549897	5.650438
16434	-1493.786	-1588.792	95.00639	0.5657238	0.5902776	5.023673
16440	-1496.975	-1593.646	96.67034	0.7087317	0.5458739	4.045483
16446	-1487.782	-1584.6	96.81804	0.7589958	0.5743812	3.90737
16452	-1492.319	-1589.212	96.8927	0.885167	0.4510936	3.90737
16458	-1501.238	-1598.443	97.2049	0.885167	0.3965841	3.786041
16464	-1489.783	-1583.521	93.73735	0.7178131	0.678835	5.572051
16470	-1481.256	-1576.6	95.34333	0.7259635	0.6368763	4.709444
16476	-1487.947	-1583.86	95.91257	0.5444032	0.7425156	4.413618
16482	-1494.195	-1587.62	93.42513	0.6183778	0.7403816	5.754307
16488	-1490.894	-1587.381	96.48671	0.8214457	0.7403816	3.931519
16494	-1481.914	-1577.761	95.84719	0.8214457	0.7403816	4.295559
16500	-1486.319	-1583.416	97.09675	0.952359	0.6135017	3.601993
16506	-1493.957	-1590.24	96.28249	1.100567	0.5479628	4.041361
16512	-1490.9	-1587.608	96.70748	1.098128	0.6910121	3.681565
16518	-1484.441	-1581.633	97.19154	1.173787	0.5654959	3.458978
16524	-1486.326	-1582.943	96.61658	0.8717079	0.5355884	3.992309
16530	-1479.694	-1576.144	96.45036	0.8168529	0.6894413	3.992309
16536	-1478.616	-1573.608	94.99119	0.7683789	0.8855037	4.711537
16542	-1472.641	-1568.444	95.80371	0.8491545	0.5489401	4.454347
16548	-1479.522	-1575.237	95.71453	0.6529494	0.7564221	4.454347
16554	-1490.383	-1586.57	96.18655	0.5670125	0.7564221	4.236201
16560	-1488.388	-1583.087	94.69928	0.4829874	0.4889229	5.327525
16566	-1486.61	-1580.183	93.57258	0.4278464	0.6030061	5.878826
16572	-1488.579	-1583.06	94.48034	0.6336513	0.4961048	5.358564
16578	-1485.078	-1579.24	94.16132	0.5345111	0.6222974	5.482402
16584	-1482.592	-1577.219	94.62709	0.5479771	0.6913245	5.166011
16590	-1491.183	-1586.848	95.66493	0.7520767	0.7864428	4.405924
16596	-1488.878	-1584.553	95.67526	0.8324233	0.7291547	4.394469
16602	-1487.021	-1582.898	95.87693	0.8324233	0.6551393	4.335451
16608	-1491.263	-1587.202	95.93908	0.7425133	0.7551372	4.277869
16614	-1483.019	-1578.49	95.4712	0.5588109	0.4665634	4.878733
16620	-1487.57	-1582.687	95.11763	0.6135673	0.8720489	4.735687
16626	-1485.529	-1581.069	95.54043	0.7126278	0.4860262	4.735687
16632	-1477.484	-1573.283	95.79917	0.7103233	0.6432045	4.457457
16638	-1480.093	-1575.287	95.19369	0.8082186	0.6432045	4.742209
16644	-1485.941	-1580.392	94.45105	0.4667145	0.5356374	5.431447
16650	-1492.316	-1586.745	94.42849	0.6853658	0.8922516	5.067087
16656	-1487.618	-1582.516	94.89832	0.5796583	0.5867437	5.078804
16662	-1488.675	-1583.626	94.95079	0.8843708	0.4336722	5.019644
16668	-1483.446	-1578.301	94.85485	0.7744561	0.5570209	5.019644
16674	-1496.455	-1590.661	94.20627	0.7908131	0.4212217	5.495434
16680	-1491.53	-1585.634	94.10343	0.5125341	0.4657376	5.660813
16686	-1488.611	-1582.397	93.78624	0.5066568	0.6792417	5.660813
16692	-1487.135	-1581.425	94.28996	0.5214104	0.5182737	5.50523
16698	-1491.284	-1585.673	94.38913	0.5346837	0.6797713	5.31333
16704	-1475.604	-1572.751	97.14753	1.112854	0.6771639	3.427597
16710	-1469.933	-1566.74	96.8065	0.8735758	0.6675524	3.772074
16716	-1470.88	-1568.472	97.59222	1.011379	0.571028	3.314297
16722	-1472.866	-1570.379	97.51275	0.818857	0.5591697	3.484298
16728	-1472.3	-1566.652	94.35108	0.558508	0.4841787	5.482166
16734	-1473.43	-1567.922	94.49195	0.6424379	0.4852373	5.357356
16740	-1471.329	-1567.139	95.81036	0.7235673	0.5039712	4.561582
16746	-1484.259	-1579.968	95.70888	0.6986689	0.481812	4.653222
16752	-1486.661	-1581.361	94.70014	0.4532589	0.5858241	5.25923
16758	-1478.738	-1572.461	93.72311	0.4266202	0.5520714	5.838817
16764	-1486.842	-1579.632	92.79023	0.4880147	0.5773596	6.29281
16770	-1486.623	-1580.786	94.16244	0.4536805	0.4722476	5.654555
16776	-1493.81	-1588.384	94.57328	0.266099	0.5991068	5.421709
16782	-1484.451	-1579.222	94.77113	0.6723587	0.494593	5.177927
16788	-1482.243	-1576.804	94.56155	0.5627039	0.494593	5.354293
16794	-1495.232	-1589.047	93.8149	0.6418013	0.7141469	5.545866
16800	-1489.572	-1584.64	95.06802	0.7178427	0.7028302	4.818261
16806	-1490.662	-1586.575	95.9132	0.8281779	0.7087916	4.277078
16812	-1483.79	-1580.212	96.42223	0.6333863	0.4936567	4.277078
16818	-1489.44	-1584.532	95.09241	0.4698613	0.5308051	5.079523
16824	-1501.642	-1596.87	95.22802	0.5328094	0.6154133	4.898489
16830	-1505.354	-1601.882	96.52774	0.7980376	0.5354257	4.085193
16836	-1496.863	-1593.976	97.11316	0.7851764	0.5480067	3.745701
16842	-1499.052	-1596.284	97.23129	0.7725396	0.4387774	3.790205
16848	-1507.088	-1602.725	95.63694	0.9223454	0.7290567	4.365411
16854	-1501.688	-1596.573	94.88573	0.6429656	0.749633	4.928507
16860	-1489.794	-1586.445	96.65128	0.8504629	0.589987	3.937235
16866	-1488.905	-1586.014	97.1082	0.8924389	0.6230676	3.622227
16872	-1496.161	-1592.217	96.05622	0.9438572	0.6466684	4.177318
16878	-1489.289	-1584.24	94.95131	0.6373291	0.6534625	4.964717
16884	-1493.092	-1588.269	95.17711	0.6871011	0.6540854	4.810755
16890	-1496.176	-1591.405	95.22926	0.522716	0.4964563	5.00517
16896	-1486.816	-1581.608	94.79142	0.4876736	0.4790297	5.283307
16902	-1487.156	-1581.925	94.7698	0.504586	0.4817988	5.283307
16908	-1480.607	-1575.685	95.07839	0.638551	0.4883311	5.032163
16914	-1483.875	-1579.126	95.25097	0.5401019	0.4455922	5.032163
16920	-1484.465	-1580.231	95.76549	0.836706	0.7502455	4.326202
16926	-1484.858	-1578.761	93.90246	0.7334865	0.6545072	5.490699
16932	-1484.624	-1580.926	96.30183	0.7334865	0.7329541	4.092683
16938	-1488.103	-1584.912	96.80922	0.8633262	0.6549966	3.786222
16944	-1490.005	-1584.056	94.05066	0.9342472	0.687609	5.273867
16950	-1499.171	-1595.12	95.94828	0.6248442	0.6832852	4.391014
16956	-1494.478	-1589.905	95.42667	0.815071	0.5620819	4.673871
16962	-1489.8	-1584.468	94.66811	0.7054586	0.538871	5.177015
16968	-1485.462	-1580.897	95.43487	0.8846428	0.538871	4.650407
16974	-1489.686	-1583.865	94.17889	0.8137921	0.4819508	5.438509
16980	-1480.987	-1577.351	96.36444	0.7166739	0.7350078	4.065114
16986	-1479.678	-1575.661	95.98323	0.7970667	0.4235876	4.501926
16992	-1484.056	-1578.448	94.39281	0.6916742	0.6289285	5.262973
16998	-1489.453	-1585.184	95.73119	0.5281804	0.4938417	4.72483
17004	-1496.965	-1592.511	95.54679	0.4894941	0.4921949	4.850911
17010	-1486.446	-1579.285	92.83849	0.5032209	0.6374728	6.211211
17016	-1494.467	-1588.688	94.22054	0.6500388	0.7629515	5.284215
17022	-1492.217	-1587.974	95.75695	0.6882206	0.5610236	4.560707
17028	-1497.472	-1592.341	94.86898	0.7800167	0.664199	4.923026
17034	-1495.602	-1589.419	93.81734	0.4582977	0.6209439	5.714161
17040	-1490.983	-1586.382	95.39843	0.6843374	0.5750606	4.75183
17046	-1497.054	-1590.98	93.92591	0.4842639	0.56992	5.681316
17052	-1496.895	-1591.747	94.85226	0.6695183	0.5815321	5.058792
17058	-1492.569	-1587.439	94.87001	0.471975	0.6831366	5.079511
17064	-1493.827	-1590.585	96.75788	0.9170531	0.518867	3.9007
17070	-1488.054	-1582.324	94.27	0.5454794	0.6648124	5.384136
17076	-1482.258	-1577.34	95.0815	0.6204677	0.517946	5.013406
17082	-1496.586	-1592.231	95.64552	0.6478082	0.705116	4.532477
17088	-1488.875	-1584.9	96.02549	0.7502733	0.3972937	4.532477
17094	-1480.871	-1575.991	95.11975	0.7009133	0.6880946	4.809596
17100	-1486.253	-1582.891	96.63812	0.7982215	0.7662641	3.83964
17106	-1481.677	-1575.338	93.66104	0.6523809	0.5489719	5.751865
17112	-1473.918	-1568.451	94.53247	0.5499653	0.5737326	5.308366
17118	-1475.503	-1569.748	94.24477	0.6995543	0.6711427	5.308366
17124	-1478.964	-1574.193	95.22865	0.6519931	0.6711427	4.788694
17130	-1475.297	-1570.536	95.23929	0.6919666	0.412994	4.987569
17136	-1478.248	-1572.275	94.02719	0.5779441	0.5349099	5.603973
17142	-1488.63	-1583.349	94.71939	0.5257534	0.5257227	5.259542
17148	-1491.521	-1586.765	95.24438	0.5020809	0.3876544	5.117205
17154	-1490.462	-1584.804	94.34163	0.658031	0.7337251	5.232913
17160	-1484.019	-1579.978	95.95883	0.727797	0.7023834	4.312753
17166	-1478.785	-1575.807	97.02199	0.7376127	0.6802697	3.716368
17172	-1473.373	-1569.154	95.78038	0.6468319	0.4973459	4.627593
17178	-1482.474	-1576.275	93.80148	0.6422017	0.6060881	5.633672
17184	-1486.08	-1580.572	94.49173	0.4677059	0.4775778	5.460909
17190	-1484.389	-1579.274	94.8848	0.3042573	0.5905676	5.235657
17196	-1475.368	-1570.558	95.18961	0.6548251	0.6018884	4.862757
17202	-1483.327	-1578.792	95.46513	0.5846874	0.7463603	4.63979
17208	-1483.854	-1578.586	94.73208	0.5797946	0.4132073	5.330287
17214	-1483.476	-1578.062	94.58635	0.699624	0.4679419	5.290026
17220	-1494.785	-1589.879	95.09481	0.499492	0.5240061	5.06776
17226	-1496.14	-1589.923	93.7825	0.9087664	0.7385389	5.399786
17232	-1495.414	-1589.332	93.91748	0.5641586	0.5016351	5.701146
17238	-1481.904	-1577.228	95.32393	0.5767242	0.5409177	4.882593
17244	-1495.481	-1592.049	96.5683	0.9217208	0.4307871	4.092787
17250	-1488.777	-1581.684	92.90608	0.1389047	0.3905048	6.591753
17256	-1490.693	-1584.482	93.78822	0.1284832	0.5627894	5.957155
17262	-1487.287	-1580.196	92.90863	0.1381454	0.5451014	6.445092
17268	-1491.064	-1584.931	93.86702	0.1642577	0.6272283	5.84305
17274	-1485.986	-1579.713	93.7276	0.1277288	0.6272283	5.939187
17280	-1482.465	-1576.151	93.68581	0.2699786	0.5587467	5.939187
17286	-1484.174	-1578.618	94.44359	0.7038046	0.4114826	5.422754
17292	-1487.097	-1581.399	94.30152	0.613647	0.7690315	5.255492
17298	-1489.761	-1584.626	94.86466	0.5749123	0.4173412	5.255492
17304	-1486.154	-1580.935	94.78093	0.6997581	0.3957716	5.255492
17310	-1490.096	-1583.045	92.94892	0.5443288	0.5657932	6.185401
17316	-1490.556	-1585.044	94.4879	0.4638381	0.5657932	5.387061
17322	-1486.442	-1582.708	96.26627	0.6612515	0.4911118	4.351929
17328	-1492.918	-1589.23	96.31223	0.6634982	0.4911118	4.324683
17334	-1497.553	-1593.676	96.12341	0.4644642	0.4911118	4.543266
17340	-1494.62	-1590.262	95.64124	0.6182335	0.5385759	4.684286
17346	-1491.473	-1588.288	96.81579	0.577912	0.5385759	4.043639
17352	-1494.03	-1589.289	95.25895	0.5177659	0.5385759	4.953618
17358	-1500.571	-1597.589	97.0174	0.9534477	0.3697929	3.88515
17364	-1489.346	-1584.09	94.74368	0.6193967	0.6405782	5.099793
17370	-1486.467	-1580.586	94.11966	0.6383824	0.6308169	5.441554
17376	-1489.614	-1585.246	95.63135	0.7336267	0.4250812	4.733255
17382	-1478.475	-1573.17	94.69441	0.577846	0.5693978	5.207085
17388	-1493.756	-1588.191	94.43571	0.259528	0.6964799	5.427213
17394	-1476.289	-1570.1	93.81082	0.5181531	0.5208253	5.767662
17400	-1490.702	-1585.79	95.08784	0.3924415	0.6464533	5.030268
17406	-1490.008	-1584.277	94.26967	0.4052482	0.7516036	5.399841
17412	-1482.598	-1577.354	94.75575	0.4889585	0.5584319	5.231532
17418	-1480.974	-1576.32	95.34622	0.7148371	0.4858386	4.843056
17424	-1481.091	-1576.576	95.4844	0.6373192	0.4858386	4.809219
17430	-1482.614	-1577.287	94.67271	0.4576545	0.6357886	5.232305
17436	-1479.215	-1573.982	94.76662	0.5507833	0.5114629	5.232305
17442	-1494.285	-1588.657	94.37188	0.6214604	0.4950165	5.426052
17448	-1495.712	-1589.837	94.12472	0.5090652	0.527149	5.594998
17454	-1497.148	-1591.457	94.30913	0.4339794	0.6525921	5.433159
17460	-1483.607	-1579.1	95.49264	0.4476289	0.5517823	4.851113
17466	-1473.047	-1567.145	94.09779	0.536356	0.5113562	5.608759
17472	-1485.081	-1579.377	94.29609	0.7755457	0.5113562	5.36809
17478	-1485.017	-1580.432	95.41535	0.7327168	0.5629326	4.725563
17484	-1484.096	-1578.987	94.89088	0.4450882	0.6456115	5.110962
17490	-1481.806	-1576.481	94.67455	0.5461384	0.5209131	5.277306
17496	-1482.824	-1577.304	94.48014	0.5106877	0.6224932	5.319699
17502	-1483.64	-1577.985	94.34473	0.5901701	0.5046056	5.449499
17508	-1486.082	-1580.787	94.70465	0.6304395	0.7624976	5.027323
17514	-1482.747	-1578.424	95.67616	0.5077178	0.576153	4.694374
17520	-1489.573	-1585.393	95.82013	0.7901232	0.5174021	4.506391
17526	-1488.02	-1583.26	95.23973	0.6653664	0.4950697	4.921316
17532	-1483.721	-1578.945	95.22383	0.5737418	0.5647346	4.919557
17538	-1486.924	-1581.335	94.41073	0.4650089	0.5220275	5.466495
17544	-1478.36	-1573.667	95.30783	0.7498065	0.6409302	4.712813
17550	-1476.407	-1571.116	94.70823	0.7324074	0.6726001	5.032555
17556	-1477.38	-1572.209	94.82881	0.7525647	0.5270914	5.072197
17562	-1483.329	-1578.248	94.91838	0.6629929	0.5270914	5.072197
17568	-1496.938	-1592.926	95.98785	0.8619207	0.761228	4.178262
17574	-1481.977	-1575.011	93.03389	0.3975665	0.6564971	6.148136
17580	-1484.273	-1581.155	96.88231	0.870636	0.4920984	3.881145
17586	-1480.269	-1576.65	96.38148	0.7927315	0.4739743	4.22875
17592	-1482.273	-1578.516	96.24292	0.5121383	0.6232046	4.334699
17598	-1480.084	-1575.015	94.93145	0.5387113	0.4549588	5.200773
17604	-1477.216	-1572.409	95.19292	0.5678382	0.7216125	4.818803
17610	-1478.806	-1573.816	95.01039	0.4853373	0.4755347	5.166829
17616	-1487.53	-1581.795	94.26492	0.4124446	0.7189601	5.421076
17622	-1492.865	-1587.414	94.5485	0.3206864	0.6880259	5.337444
17628	-1494.096	-1588.998	94.90134	0.3143871	0.4943525	5.304041
17634	-1485.25	-1579.853	94.60318	0.2508105	0.5334147	5.46849
17640	-1480.688	-1576.405	95.71782	0.446565	0.56599	4.713839
17646	-1477.989	-1572.97	94.98118	0.5045219	0.5475248	5.107436
17652	-1488.578	-1582.498	93.92035	0.4427614	0.5492717	5.724397
17658	-1483.698	-1577.732	94.03401	0.3291016	0.5492717	5.724397
17664	-1477.818	-1571.504	93.68632	0.4599848	0.7025294	5.724397
17670	-1488.48	-1582.13	93.64986	0.5065747	0.6947564	5.724397
17676	-1489.679	-1585.832	96.15326	0.6962047	0.7180812	4.209057
17682	-1491.964	-1587.221	95.25749	0.6935471	0.7485609	4.693579
17688	-1498.377	-1592.604	94.22645	0.4071607	0.5365329	5.586933
17694	-1484.077	-1579.695	95.6184	0.5669197	0.4475585	4.810789
17700	-1483.91	-1577.466	93.55652	0.4425479	0.4887389	5.976776
17706	-1490.274	-1583.896	93.62173	0.5050031	0.7595835	5.695693
17712	-1493.611	-1587.719	94.10787	0.4643365	0.4544004	5.695693
17718	-1490.5	-1583.133	92.63371	0.6013114	0.5100321	6.373295
17724	-1491.124	-1588.314	97.19001	0.796037	0.3992396	3.842939
17730	-1483.471	-1579.049	95.5777	0.8297456	0.4801989	4.654811
17736	-1485.26	-1579.555	94.29522	0.7998932	0.5533363	5.318481
17742	-1488.658	-1584.374	95.7159	0.6327965	0.4672472	4.700151
17748	-1486.094	-1581.324	95.22964	0.651108	0.3500033	5.085263
17754	-1485.782	-1580.706	94.92382	0.8546152	0.541285	4.950306
17760	-1490.481	-1584.523	94.04203	0.6073756	0.5406394	5.574718
17766	-1482.853	-1575.936	93.08275	0.5694333	0.6490981	6.033417
17772	-1481.374	-1576.619	95.24469	0.6425572	0.8955428	4.63392
17778	-1483.189	-1579.263	96.07449	0.7003691	0.6482966	4.30371
17784	-1494.152	-1588.547	94.39419	0.7180493	0.5943973	5.275001
17790	-1491.159	-1586.651	95.49166	0.5557605	0.4382367	4.897
17796	-1495.788	-1591.053	95.26517	0.599545	0.7483947	4.741972
17802	-1495.721	-1589.985	94.26386	0.5406328	0.558359	5.474385
17808	-1488.498	-1584.456	95.9578	0.6997549	0.5180105	4.479225
17814	-1485.037	-1581.095	96.05747	0.6656483	0.4784688	4.479225
17820	-1494.531	-1590.737	96.20598	0.7558124	0.4784688	4.344631
17826	-1490.209	-1585.711	95.50204	0.6013442	0.4470906	4.856945
17832	-1484.679	-1580.648	95.96826	0.652495	0.491342	4.524569
17838	-1479.044	-1573.735	94.69149	0.4851992	0.5595817	5.268149
17844	-1475.847	-1570.905	95.05826	0.7171523	0.6694222	4.848693
17850	-1475.877	-1571.608	95.73028	0.5296995	0.5398787	4.682863
17856	-1483.209	-1579.622	96.41293	0.6068188	0.5740655	4.225373
17862	-1492.462	-1587.855	95.39349	0.5432501	0.5740655	4.834176
17868	-1484.075	-1579.302	95.22747	0.5209519	0.6326359	4.891839
17874	-1480.796	-1575.909	95.11245	0.6909666	0.6326359	4.861202
17880	-1482.133	-1577.689	95.55569	0.5897762	0.6745675	4.638005
17886	-1483.284	-1577.832	94.54832	0.4620081	0.638385	5.29663
17892	-1479.706	-1573.648	93.94225	0.4253179	0.55961	5.713246
17898	-1483.869	-1578.866	94.99777	0.3667919	0.4590963	5.255128
17904	-1488.434	-1583.185	94.75082	0.4801817	0.539715	5.255128
17910	-1487.199	-1581.925	94.72578	0.5052189	0.539715	5.255128
17916	-1487.076	-1583.336	96.25937	0.3792016	0.4894704	4.516319
17922	-1489.227	-1584.364	95.13762	0.5106288	0.5682638	4.999619
17928	-1486.86	-1582.033	95.17284	0.4879718	0.5682638	4.992636
17934	-1500.192	-1594.65	94.45826	0.2474058	0.4358109	5.640775
17940	-1495.275	-1588.689	93.41393	0.506215	0.4737114	6.033739
17946	-1484.72	-1580.265	95.54508	0.7134807	0.4149065	4.803292
17952	-1488.02	-1582.516	94.49619	0.6989053	0.5499102	5.266198
17958	-1477.826	-1571.066	93.2394	0.5061237	0.5755679	6.040009
17964	-1490.533	-1585.372	94.83909	0.510989	0.4262403	5.295784
17970	-1477.49	-1571.638	94.14825	0.5491442	0.5624899	5.529816
17976	-1479.523	-1574.163	94.64049	0.4494172	0.6010225	5.282001
17982	-1482.401	-1576.912	94.51052	0.2632692	0.6240066	5.43816
17988	-1491.923	-1586.756	94.83308	0.5597567	0.4725496	5.226588
17994	-1490.521	-1585.206	94.68467	0.549861	0.5710272	5.226588
18000	-1479.101	-1573.55	94.44882	0.5102557	0.4760961	5.462497
18006	-1478.278	-1573.559	95.28147	0.486111	0.4314959	5.059363
18012	-1486.76	-1581.697	94.93737	0.7307198	0.7569234	4.845857
18018	-1486.651	-1580.683	94.03177	0.6780402	0.4346793	5.639635
18024	-1480.005	-1574.822	94.817	0.6760417	0.621373	5.042647
18030	-1477.699	-1572.522	94.82264	0.840486	0.6382104	4.934989
18036	-1480.579	-1575.962	95.38295	0.5365518	0.4820619	4.92546
18042	-1484.145	-1579.385	95.24028	0.6733005	0.5254177	4.889042
18048	-1483.638	-1578.861	95.22287	0.5729409	0.6028841	4.889042
18054	-1498.226	-1593.206	94.97963	0.6861098	0.4651058	5.0826
18060	-1507.973	-1603.801	95.82741	0.7467234	0.906721	4.240018
18066	-1502.477	-1598.206	95.72893	0.6911012	0.7375898	4.437908
18072	-1489.605	-1583.613	94.0081	0.5928848	0.578962	5.569163
18078	-1485.613	-1581.053	95.44036	0.8013742	0.7228997	4.548651
18084	-1505.124	-1601.421	96.29722	0.5566482	0.5376656	4.350888
18090	-1497.881	-1594.101	96.22082	0.7002704	0.5369411	4.313539
18096	-1498.447	-1593.443	94.99523	0.5444199	0.4879241	5.130864
18102	-1492.935	-1587.836	94.90105	0.6130457	0.66542	4.997119
18108	-1487.576	-1583.062	95.48602	0.800851	0.5719901	4.640194
18114	-1476.04	-1573.147	97.10739	0.9305157	0.5271764	3.683977
18120	-1483.956	-1580.212	96.256	0.6527573	0.7811175	4.131022
18126	-1479.571	-1574.724	95.15261	0.4612455	0.5618621	5.024112
18132	-1475.134	-1570.678	95.54372	0.6580834	0.5209512	4.732205
18138	-1483.099	-1577.097	93.99833	0.6884611	0.6173345	5.491252
18144	-1482.815	-1578.28	95.46487	0.7064839	0.6170692	4.66794
18150	-1488.227	-1583.668	95.44048	0.5292669	0.5707169	4.818574
18156	-1495.33	-1589.792	94.46192	0.4828366	0.4886362	5.458678
18162	-1490.814	-1586.141	95.32684	0.6885876	0.5372957	4.821784
18168	-1477.145	-1572.656	95.51078	0.6320453	0.5372957	4.750652
18174	-1479.138	-1576.04	96.90182	0.6191837	0.5628781	3.949428
18180	-1490.149	-1586.915	96.76618	0.8815337	0.7836702	3.705685
18186	-1491.589	-1586.684	95.09533	0.6203806	0.9904883	4.674408
18192	-1480.454	-1576.738	96.28402	0.5988555	0.5044736	4.364625
18198	-1480.997	-1576.403	95.40647	0.6471715	0.5717872	4.770846
18204	-1484.393	-1579.958	95.5652	0.5098631	0.4580133	4.861947
18210	-1478.187	-1573.995	95.80747	0.8106248	0.6093844	4.423138
18216	-1470.799	-1566.385	95.58594	0.9545637	0.5590534	4.508828
18222	-1485.887	-1581.614	95.72699	0.9939914	0.4947268	4.465002
18228	-1481.807	-1577.204	95.3972	0.7145757	0.4992645	4.802249
18234	-1486.077	-1581.153	95.07566	0.8066053	0.66955	4.788982
18240	-1480.408	-1575.052	94.64385	0.7653175	0.5624808	5.137108
18246	-1488.783	-1584.462	95.6789	0.6216132	0.4936547	4.701987
18252	-1486.299	-1581.069	94.77031	0.5361193	0.4131701	5.333333
18258	-1488.711	-1583.194	94.48246	0.6708678	0.4999685	5.333333
18264	-1486.07	-1580.029	93.95826	0.5921117	0.7910775	5.442081
18270	-1487.243	-1581.065	93.82251	0.7102525	0.555528	5.626085
18276	-1488.11	-1578.979	90.86876	0.444382	0.555528	7.370964
18282	-1481.903	-1575.137	93.2335	0.5718515	0.7676096	5.866233
18288	-1484.386	-1578.246	93.86021	0.545485	0.5178657	5.728255
18294	-1478.646	-1572.871	94.22477	0.4151874	0.552831	5.569508
18300	-1484.288	-1578.464	94.17623	0.5800571	0.6072342	5.460978
18306	-1481.575	-1577.557	95.98217	0.6619407	0.5724861	4.439042
18312	-1482.921	-1579.153	96.23244	0.6746946	0.7094921	4.182574
18318	-1490.611	-1584.298	93.6877	0.6312532	0.5915465	5.713673
18324	-1489.188	-1582.95	93.76275	0.7122305	0.6413297	5.589134
18330	-1492.257	-1586.245	93.98841	0.5363365	0.4068201	5.769493
18336	-1492.844	-1586.568	93.72411	0.6331289	0.5014102	5.769493
18342	-1482.739	-1577.911	95.1719	0.8032717	0.4840238	4.89262
18348	-1487.363	-1581.811	94.44865	0.6106453	0.6373542	5.270379
18354	-1494.412	-1589.205	94.79287	0.8208596	0.6160206	4.979842
18360	-1484.008	-1579.719	95.71064	0.8100528	0.6295326	4.461882
18366	-1483.159	-1579.797	96.63797	0.5335778	0.5534356	4.156988
18372	-1492.713	-1586.16	93.44692	0.5271915	0.7178255	5.807888
18378	-1487.778	-1583.463	95.68492	0.6145476	0.7477546	4.498656
18384	-1480.59	-1574.996	94.40557	0.5793383	0.4253319	5.497938
18390	-1475.484	-1571.365	95.88107	0.6963185	0.4898787	4.550314
18396	-1483.652	-1578.359	94.70681	0.6338359	0.5574208	5.179325
18402	-1484.676	-1577.883	93.2071	0.6745208	0.5574208	5.980776
18408	-1479.728	-1574.805	95.07714	0.7026985	0.6918242	4.829635
18414	-1487.881	-1582.296	94.41559	0.5728972	0.6015802	5.337535
18420	-1494.569	-1589.524	94.95497	0.4628825	0.5831876	5.115057
18426	-1491.701	-1588.32	96.61824	0.8471033	0.4944141	4.043505
18432	-1492.811	-1588.05	95.23879	0.8347982	0.4503825	4.870286
18438	-1485.492	-1579.294	93.80137	0.5124036	0.5538042	5.747588
18444	-1496.585	-1588.465	91.8791	0.4370603	0.6411162	6.764094
18450	-1483.274	-1578.455	95.18039	0.6678113	0.7055582	4.781496
18456	-1482.803	-1578.911	96.1084	0.8746531	0.5726931	4.247344
18462	-1481.063	-1575.011	93.94773	0.5518328	0.6618906	5.560153
18468	-1489.263	-1584.17	94.9078	0.7368063	0.4066669	5.153229
18474	-1484.271	-1577.774	93.50293	0.4957107	0.8138735	5.730328
18480	-1490.394	-1584.554	94.15979	0.5336775	0.4400104	5.643295
18486	-1483.792	-1577.839	94.04647	0.4334758	0.7216854	5.527793
18492	-1476.588	-1570.644	94.05548	0.614215	0.665424	5.463973
18498	-1482.852	-1577.062	94.2103	0.693907	0.758255	5.268821
18504	-1487.819	-1581.88	94.06128	0.4380351	0.6919991	5.538231
18510	-1482.13	-1576.697	94.5674	0.4620133	0.6919991	5.246086
18516	-1481.869	-1577.084	95.21591	0.7879997	0.5069573	4.855347
18522	-1479.047	-1573.337	94.28973	0.7570088	0.5629852	5.337025
18528	-1480.878	-1575.48	94.60153	0.6644923	0.620746	5.168972
18534	-1478.755	-1572.858	94.10305	0.5633462	0.5909075	5.523498
18540	-1494.054	-1587.969	93.91479	0.5866971	0.6689473	5.553864
18546	-1486.065	-1581.151	95.08619	0.6170974	0.5805608	4.958774
18552	-1488.71	-1583.646	94.93573	0.7675597	0.5805608	4.958774
18558	-1485.254	-1580.325	95.07099	0.8650312	0.6541971	4.770582
18564	-1483.403	-1577.487	94.08411	0.5396209	0.5348677	5.593802
18570	-1486.252	-1582.819	96.56694	0.8835946	0.4447001	4.100913
18576	-1479.389	-1574.293	94.90482	0.8159785	0.7466288	4.823552
18582	-1481.81	-1576.123	94.31325	0.5027389	0.5991234	5.434576
18588	-1487.545	-1582.958	95.41294	0.538153	0.4045798	4.985428
18594	-1485.592	-1580.187	94.59447	0.4733134	0.5051176	5.375836
18600	-1482.24	-1578.567	96.32691	0.8706918	0.5091241	4.182093
18606	-1488.721	-1584.834	96.11298	0.8979027	0.6328298	4.182093
18612	-1492.722	-1588.404	95.6818	0.8384304	0.6760705	4.426254
18618	-1495.49	-1590.92	95.42994	1.092853	0.6738817	4.426457
18624	-1488.335	-1584.663	96.32862	0.980784	0.3824312	4.247794
18630	-1497.355	-1595.073	97.71818	0.897699	0.5645021	3.312876
18636	-1490.627	-1589.275	98.64811	1.210909	0.6727051	2.466792
18642	-1488.024	-1585.28	97.2558	1.144486	0.7337737	3.302414
18648	-1496.325	-1595.005	98.68011	1.013514	0.4248566	2.808083
18654	-1494.876	-1592.683	97.80702	1.142597	0.8637807	2.882905
18660	-1489.61	-1585.077	95.46676	0.5854782	0.6040698	4.74502
18666	-1486.559	-1583.101	96.54197	0.7493577	0.5228233	4.116214
18672	-1486.694	-1582.404	95.71014	0.6915586	0.5093818	4.630791
18678	-1486.529	-1583.604	97.07475	0.8052849	0.4546161	3.845137
18684	-1495.299	-1591.363	96.06376	0.7066373	0.5183848	4.415319
18690	-1492.721	-1585.561	92.84058	0.6938574	0.5183848	6.2033
18696	-1490.154	-1583.145	92.99025	0.5250676	0.5303359	6.2033
18702	-1493.84	-1588.644	94.80401	0.6185616	0.7519116	4.98595
18708	-1493.746	-1588.311	94.56457	0.7147309	0.6080245	5.171687
18714	-1492.894	-1586.65	93.75626	0.7038127	0.5312794	5.686701
18720	-1488.142	-1582.195	94.05354	0.5405961	0.5084322	5.633337
18726	-1486.709	-1581.479	94.77053	0.5895123	0.5582357	5.167899
18732	-1487.929	-1583.067	95.13744	0.8383112	0.5831284	4.804869
18738	-1487.628	-1582.828	95.19944	0.8055436	0.5538667	4.813227
18744	-1492.539	-1586.408	93.86982	0.7737517	0.5702659	5.552929
18750	-1497.147	-1591.183	94.03582	0.6770547	0.8978627	5.285642
18756	-1501.399	-1595.533	94.13354	0.7286909	0.8832052	5.211934
18762	-1501.067	-1596.934	95.86675	0.9282812	0.510743	4.408408
18768	-1494.531	-1589.098	94.5672	0.7953427	0.7317378	5.03327
18774	-1503.131	-1600.039	96.90792	1.024074	0.6368457	3.650804
18780	-1494.431	-1591.054	96.62377	1.122062	0.5641517	3.819292
18786	-1481.446	-1575.121	93.67483	0.6670965	0.5986924	5.695358
18792	-1475.736	-1570.703	94.96721	0.6964207	0.5828607	4.978919
18798	-1485.473	-1579.706	94.23246	0.4577857	0.5456992	5.547947
18804	-1496.733	-1590.73	93.99673	0.8104198	0.5905314	5.446364
18810	-1491.589	-1587.823	96.23399	0.6839895	0.5871109	4.272042
18816	-1490.485	-1587.508	97.02261	0.9610106	0.6308541	3.625734
18822	-1493.043	-1590.167	97.12471	1.008703	0.5303481	3.625734
18828	-1493.379	-1588.324	94.94497	0.8596231	0.5369529	4.93953
18834	-1490.627	-1584.35	93.72272	0.6286749	0.7192125	5.600149
18840	-1487.118	-1581.892	94.77448	0.6140517	0.7126722	5.03231
18846	-1477.218	-1572.34	95.12123	0.660956	0.4289723	5.05383
18852	-1474.707	-1570.521	95.81453	0.8308188	0.4898055	4.512192
18858	-1481.003	-1575.112	94.10891	0.8308188	0.677695	5.306068
18864	-1483.289	-1577.061	93.77232	0.7681982	0.677695	5.525979
18870	-1498.365	-1592.591	94.22608	0.5831263	0.9229768	5.217522
18876	-1491.161	-1587.808	96.64741	0.8420239	0.7092108	3.850211
18882	-1497.407	-1591.744	94.3372	0.5600645	0.6312104	5.364538
18888	-1490.287	-1583.739	93.45294	0.6300731	0.4209081	5.996382
18894	-1485.907	-1582.823	96.91577	0.8984064	0.3569889	3.989955
18900	-1477.826	-1571.074	93.2477	0.6615744	0.5101434	6.006435
18906	-1482.478	-1578.48	96.00218	0.6081896	0.508714	4.514259
18912	-1491.41	-1587.906	96.49577	0.7525868	0.9679012	3.818424
18918	-1479.018	-1576.199	97.18139	0.8941111	0.6926275	3.523639
18924	-1489.42	-1587.51	98.09034	1.187787	0.7359524	2.775149
18930	-1481.034	-1577.542	96.50892	0.6789618	0.7003062	4.02951
18936	-1483.394	-1579.356	95.9619	0.6140974	0.5738526	4.476246
18942	-1483.819	-1579.11	95.29097	0.6140974	0.6430318	4.796436
18948	-1489.224	-1585.801	96.57699	0.5764009	0.5084587	4.207805
18954	-1476.734	-1571.042	94.30763	0.6120406	0.8075507	5.227597
18960	-1477.175	-1572.559	95.38408	0.5891298	0.7508377	4.679587
18966	-1473.988	-1569.465	95.47708	0.7126345	0.7343298	4.569747
18972	-1483.248	-1578.898	95.65054	0.7735359	0.7457194	4.429912
18978	-1480.767	-1576.012	95.24543	0.7541213	0.4375274	4.924362
18984	-1483.06	-1579.734	96.67421	1.004733	0.6453959	3.79013
18990	-1483.073	-1577.9	94.82711	0.7992863	0.5619607	5.017064
18996	-1481.17	-1578.083	96.91246	0.9782484	0.6679597	3.650042
19002	-1480.519	-1576.206	95.68704	0.7498844	0.5046955	4.615347
19008	-1484.237	-1579.336	95.09867	0.8803037	0.8427693	4.615347
19014	-1476.185	-1570.176	93.99108	0.6315723	0.6202794	5.524219
19020	-1475.791	-1570.241	94.45045	0.6140915	0.5075517	5.375422
19026	-1486.953	-1581.35	94.39672	0.7821351	0.4409643	5.375422
19032	-1495.429	-1592.275	96.8456	0.9919938	0.5841058	3.749177
19038	-1489.416	-1585.764	96.34836	0.5463976	0.4652985	4.39528
19044	-1482.701	-1577.382	94.68141	0.5126388	0.4892602	5.32071
19050	-1488.486	-1582.976	94.48932	0.4598997	0.6486967	5.32249
19056	-1492.933	-1587.855	94.92174	0.4740125	0.4452375	5.251469
19062	-1487.244	-1582.717	95.47305	0.3908121	0.5394957	4.904327
19068	-1483.828	-1578.749	94.92115	0.3157282	0.5225886	5.266875
19074	-1487.044	-1580.73	93.68563	0.5675818	0.5225886	5.807575
19080	-1491.908	-1587.399	95.49074	0.648246	0.6958019	4.625904
19086	-1477.543	-1572.243	94.69999	0.819926	0.7829789	4.910782
19092	-1477.149	-1573	95.85024	0.6651948	0.5309635	4.547492
19098	-1477.217	-1572.671	95.45461	0.7505359	0.5154555	4.735289
19104	-1486.675	-1583.304	96.62922	0.7533407	0.6376136	3.966448
19110	-1481.079	-1575.682	94.60305	0.7533407	0.6314695	5.110539
19116	-1475.186	-1572.207	97.02093	0.8165514	0.4993542	3.825639
19122	-1480.089	-1576.41	96.32149	0.8262983	0.5412149	4.181264
19128	-1481.583	-1578.028	96.4449	0.7985343	0.4824491	4.181264
19134	-1485.43	-1583.653	98.22378	0.9639024	0.6887354	2.866984
19140	-1493.424	-1587.643	94.21848	0.504983	0.6295363	5.461576
19146	-1498.753	-1594.085	95.3322	0.7675129	0.5960154	4.725029
19152	-1489.859	-1587.758	97.89925	0.8192104	0.4327726	3.381261
19158	-1491.523	-1587.125	95.60149	0.7410604	0.8475708	4.407835
19164	-1490.853	-1586.914	96.06133	0.6851122	0.5137654	4.433033
19170	-1484.706	-1580.612	95.90565	0.8924598	0.5471673	4.373995
19176	-1480.713	-1577.176	96.46361	0.7588339	0.51449	4.163023
19182	-1479.67	-1574.025	94.35564	0.6071511	0.6171517	5.33936
19188	-1483.698	-1579.566	95.8682	0.6071511	0.5967103	4.513836
19194	-1488.921	-1583.483	94.56145	0.7563641	0.5351328	5.211117
19200	-1490.651	-1585.6	94.94893	0.6631573	0.5226798	5.059073
19206	-1484.391	-1579.383	94.99246	0.4909921	0.6073753	5.059073
19212	-1483.19	-1578.809	95.61944	0.4266909	0.587752	4.761752
19218	-1490.26	-1583.077	92.8174	0.4971063	0.588097	6.264448
19224	-1483.605	-1578.656	95.0512	0.5736889	0.6111155	4.97754
19230	-1484.77	-1579.834	95.06468	0.5661274	0.6122697	4.97333
19236	-1492.036	-1587.042	95.00628	0.5713974	0.5844462	5.025363
19242	-1494.827	-1588.905	94.0777	0.4176231	0.5346286	5.664469
19248	-1498.466	-1593.335	94.86902	0.5754743	0.5114755	5.161988
19254	-1499.772	-1596.632	96.85971	0.6851773	0.4587615	4.032899
19260	-1502.608	-1598.003	95.3952	0.6907145	0.5068632	4.8097
19266	-1494.912	-1590.37	95.45813	0.6727512	0.5068632	4.784597
19272	-1479.132	-1573.391	94.25976	0.7015035	0.7966876	5.211673
19278	-1486.125	-1580.943	94.81793	0.6497972	0.4452432	5.211673
19284	-1483.848	-1576.787	92.9382	0.5395248	0.7429345	6.061622
19290	-1477.158	-1572.008	94.85057	0.7250807	0.4514755	5.145796
19296	-1473.095	-1568.625	95.53005	0.5720269	0.46238	4.842627
19302	-1479.156	-1575.395	96.23961	0.522065	0.4014244	4.535914
19308	-1474.656	-1569.248	94.59211	0.6291228	0.4703752	5.32344
19314	-1476.079	-1571.038	94.95919	0.6912289	0.5351934	5.026756
19320	-1493.623	-1588.974	95.35096	0.4821479	0.4278057	5.026756
19326	-1491.632	-1586.286	94.6532	0.3930967	0.4303884	5.45904
19332	-1488.886	-1584.897	96.01024	0.6284359	0.4923541	4.51354
19338	-1479.326	-1574.504	95.17799	0.6713372	0.6131079	4.851018
19344	-1490.906	-1585.462	94.55633	0.3278581	0.4645077	5.514693
19350	-1498.733	-1592.647	93.9143	0.7960636	0.5228119	5.556741
19356	-1490.523	-1584.611	94.08837	0.3930842	0.4294776	5.769993
19362	-1489.131	-1584.037	94.90583	0.7621775	0.5209543	5.02957
19368	-1482.567	-1577.32	94.75347	0.6705156	0.4076406	5.274216
19374	-1494.349	-1588.454	94.10483	0.5078399	0.7493978	5.435631
19380	-1488.446	-1582.931	94.48513	0.5627628	0.5729187	5.328103
19386	-1488.076	-1582.056	93.98017	0.4128652	0.5983892	5.667576
19392	-1479.22	-1573.182	93.96195	0.4337598	0.6485644	5.627167
19398	-1478.123	-1571.802	93.67877	0.5064902	0.4584256	5.903541
19404	-1482.555	-1576.82	94.26549	0.8302672	0.5289679	5.339159
19410	-1488.326	-1582.216	93.88969	0.4163363	0.5322183	5.770274
19416	-1485.105	-1578.887	93.78272	0.4773795	0.5618016	5.770274
19422	-1482.73	-1575.917	93.18687	0.6255505	0.5247159	6.046417
19428	-1483.038	-1577.19	94.15169	0.5866024	0.6103895	5.468384
19434	-1483.821	-1578.529	94.7076	0.6036088	0.3895414	5.355761
19440	-1483.427	-1578.798	95.37055	0.4971335	0.4573891	4.977977
19446	-1478.304	-1572.563	94.25855	0.5843393	0.4473321	5.554035
19452	-1480.95	-1575.081	94.13157	0.5712605	0.4705447	5.608586
19458	-1484.176	-1580.12	95.94439	0.7871896	0.3411956	4.621378
19464	-1486.795	-1582.729	95.93463	0.7249663	0.4635112	4.529452
19470	-1481.966	-1577.931	95.9656	0.6345484	0.4985023	4.529452
19476	-1480.773	-1575.169	94.396	0.5060523	0.6498242	5.347657
19482	-1473.756	-1568.699	94.94295	0.5103387	0.5492925	5.12388
19488	-1474.837	-1569.19	94.35289	0.6224674	0.5492925	5.387975
19494	-1474.041	-1568.597	94.55614	0.4919987	0.4696948	5.41952
19500	-1480.591	-1575.41	94.81843	0.7645737	0.4881123	5.106666
19506	-1473.652	-1568.481	94.82918	0.657636	0.7176402	4.974174
19512	-1475.178	-1569.977	94.7994	0.5002925	0.5969446	5.169292
19518	-1484.001	-1579.919	95.91769	0.7256155	0.570436	4.441233
19524	-1489.038	-1584.742	95.70409	0.8686739	0.5354443	4.511288
19530	-1479.681	-1575.197	95.51693	0.662247	0.4678112	4.794345
19536	-1468.933	-1565.509	96.57622	0.6997972	0.4851698	4.160141
19542	-1472.35	-1567.223	94.87358	0.4666182	0.5402519	5.194284
19548	-1484.189	-1579.35	95.16097	0.5387408	0.5099107	5.021895
19554	-1490.874	-1585.858	94.98424	0.5164498	0.5131378	5.129367
19560	-1492.07	-1586.679	94.60915	0.523814	0.4087966	5.433508
19566	-1491.856	-1586.893	95.0371	0.6608536	0.6299941	4.921999
19572	-1495.032	-1589.794	94.76208	0.807434	0.783889	4.882555
19578	-1494.974	-1589.53	94.55587	0.4883304	0.4543242	5.436476
19584	-1485.776	-1581.793	96.01629	0.7842963	0.7060246	4.24556
19590	-1485.178	-1582.929	97.75144	1.16408	0.5793652	3.122244
19596	-1482.945	-1579.605	96.66075	0.8630725	0.5233784	3.98308
19602	-1483.758	-1577.84	94.08185	0.6553156	0.5554427	5.513879
19608	-1476.211	-1571.126	94.91532	0.6335028	0.4421466	5.169879
19614	-1467.239	-1562.732	95.49348	0.7837249	0.3491722	4.865858
19620	-1476.145	-1573.147	97.00144	0.84025	0.6644097	3.681194
19626	-1484.765	-1580.929	96.1632	0.8815237	0.6841412	4.123178
19632	-1486.541	-1581.129	94.58737	0.7606246	0.3835809	5.341954
19638	-1481.104	-1577.4	96.29539	0.8594005	0.4760325	4.237759
19644	-1486.182	-1582.569	96.38678	0.7842272	0.5576623	4.153606
19650	-1485.118	-1582.006	96.88786	0.8006388	0.4613412	3.948229
19656	-1480.825	-1576.926	96.10049	0.7607282	0.6392892	4.261874
19662	-1487.026	-1581.27	94.24357	0.6285588	0.4747896	5.511559
19668	-1481.993	-1576.327	94.33438	0.6246481	0.4857868	5.453466
19674	-1484.561	-1579.02	94.45872	0.5169239	0.5250229	5.408846
19680	-1489.494	-1585.518	96.02457	0.6438203	0.5233229	4.468318
19686	-1489.088	-1583.397	94.30923	0.6084409	0.5233229	5.44227
19692	-1497.648	-1593.25	95.60207	0.7983716	0.4215608	4.717072
19698	-1499.934	-1595.632	95.69807	0.652254	0.7097962	4.497033
19704	-1490.979	-1584.756	93.77636	0.5214173	0.643706	5.684555
19710	-1486.078	-1581.027	94.94901	0.5193464	0.538812	5.124577
19716	-1490.568	-1586.087	95.51867	0.4897968	0.5364805	4.82638
19722	-1485.004	-1579.782	94.77803	0.3729964	0.6258117	5.228624
19728	-1482.456	-1575.011	92.55463	0.4947037	0.7059603	6.320165
19734	-1479.213	-1571.98	92.76764	0.447845	0.5856887	6.320165
19740	-1486.234	-1579.915	93.68063	0.358856	0.5104997	5.93506
19746	-1477.539	-1571.959	94.42066	0.5257838	0.5941298	5.366708
19752	-1486.1	-1579.297	93.19683	0.4122914	0.5281063	6.154198
19758	-1481.775	-1574.713	92.93704	0.5852597	0.5400639	6.191164
19764	-1479.623	-1573.439	93.81621	0.2633621	0.5400639	5.887368
19770	-1483.231	-1578.456	95.22466	0.4617287	0.6554262	4.908843
19776	-1485.658	-1580.565	94.90778	0.4455546	0.5589639	5.170994
19782	-1493.686	-1587.46	93.77423	0.3536758	0.567985	5.837467
19788	-1486.042	-1581.289	95.24657	0.7497668	0.6847194	4.713938
19794	-1497.225	-1592.719	95.49443	0.6398567	0.5859788	4.713938
19800	-1488.094	-1584.314	96.21988	0.6757754	0.5135979	4.348992
19806	-1488.616	-1584.113	95.4973	0.7897671	0.9468012	4.37839
19812	-1481.365	-1577.677	96.31137	0.7224912	0.5702809	4.220593
19818	-1487.395	-1583.992	96.59744	0.8680275	0.6037426	3.946508
19824	-1479.814	-1575.368	95.55415	0.6767065	0.6037426	4.645329
19830	-1475.108	-1570.342	95.23424	0.7210582	0.6037426	4.799429
19836	-1475.131	-1570.475	95.34476	0.7385473	0.5361457	4.784905
19842	-1480.92	-1576.829	95.90944	0.7189433	0.5361457	4.479378
19848	-1491.728	-1584.912	93.18406	0.7158633	0.6068964	5.930656
19854	-1481.23	-1574.551	93.32039	0.5046949	0.6823454	5.914586
19860	-1480.909	-1574.138	93.22903	0.5124524	0.4183248	6.185044
19866	-1482.407	-1577.225	94.81848	0.7198047	0.6001795	5.034421
19872	-1478.045	-1574.057	96.01198	0.5930909	0.5760766	4.457998
19878	-1473.833	-1567.036	93.20304	0.5277361	0.5595966	6.061209
19884	-1471.19	-1564.794	93.60433	0.4967707	0.7500488	5.716177
19890	-1490.348	-1584.637	94.28864	0.6762608	0.7071982	5.270802
19896	-1502.102	-1597.833	95.73046	0.7617115	0.555589	4.538976
19902	-1494.218	-1588.506	94.28813	0.4401152	0.5791966	5.499019
19908	-1487.223	-1580.969	93.74543	0.443806	0.5657235	5.805794
19914	-1489.611	-1584.844	95.23311	0.4607044	0.6092677	4.940689
19920	-1504.354	-1600.7	96.34575	0.794764	0.4189746	4.303577
19926	-1497.383	-1594.047	96.6638	0.8302892	0.4189746	4.102915
19932	-1487.129	-1583.935	96.80641	0.789514	0.6436157	3.839313
19938	-1493.534	-1590.389	96.85525	0.810981	0.5972483	3.836741
19944	-1495.864	-1593.009	97.14574	0.7405204	0.6462582	3.669736
19950	-1486.848	-1582.179	95.33099	0.5666698	0.5790544	4.851807
19956	-1496.941	-1591.125	94.18442	0.481553	0.4879834	5.612516
19962	-1484.888	-1579.384	94.49664	0.6424372	0.614861	5.243821
19968	-1482.777	-1579.668	96.89071	0.7441938	0.5509221	3.894658
19974	-1485.936	-1581.678	95.74168	0.5538498	0.5509221	4.653336
19980	-1494.59	-1590.904	96.31431	0.6552061	0.6003307	4.231868
19986	-1487.881	-1584.055	96.17427	0.7662951	0.6204854	4.231868
19992	-1487.457	-1584.338	96.8804	0.7733751	0.4587939	3.970652
19998	-1486.59	-1583.284	96.69441	0.819802	0.6662937	3.868473
20004	-1476.99	-1573.718	96.72808	1.073414	0.4190812	3.927231
20010	-1475.926	-1572.322	96.39597	0.9473711	0.443675	4.162932
20016	-1483.144	-1579.235	96.09059	0.9031356	0.5520062	4.25914
20022	-1488.22	-1584.945	96.72434	0.7366912	0.4519638	4.087555
20028	-1480.371	-1573.909	93.53809	0.4330558	0.584532	5.909611
20034	-1483.963	-1578.592	94.62876	0.3845739	0.6314703	5.300299
20040	-1482.108	-1576.791	94.68234	0.6502121	0.6701993	5.094306
20046	-1488.467	-1583.12	94.65309	0.6954136	0.5213179	5.206302
20052	-1492.593	-1588.721	96.12866	0.7193061	0.557017	4.337254
20058	-1488.294	-1583.43	95.13685	0.7155368	0.5478465	4.903465
20064	-1492.193	-1588.692	96.49909	0.7055157	0.5723695	4.121807
20070	-1487.581	-1582.974	95.39244	0.6473266	0.6852509	4.689246
20076	-1483.462	-1578.79	95.32764	0.6451063	0.7323687	4.692749
20082	-1487.036	-1582.253	95.21701	0.7844311	0.5267642	4.83888
20088	-1486.219	-1580.42	94.20018	0.5489925	0.7428981	5.364868
20094	-1487.378	-1582.264	94.88574	0.6546332	0.52767	5.094424
20100	-1497.546	-1592.475	94.92863	0.6139815	0.5705548	5.056346
20106	-1487.203	-1581.685	94.48174	0.2439294	0.5104883	5.559277
20112	-1499.363	-1592.637	93.27366	0.9351199	0.8444298	5.595821
20118	-1493.24	-1586.708	93.46832	0.7904905	0.7398915	5.636631
20124	-1488.198	-1582.583	94.38438	0.7445388	0.7223545	5.169363
20130	-1479.073	-1574.018	94.94554	0.7105535	0.4998543	5.055277
20136	-1490.735	-1584.797	94.06232	0.6352974	0.467333	5.614497
20142	-1487.811	-1582.749	94.93803	0.5889213	0.5961252	5.043991
20148	-1485.018	-1579.477	94.45845	0.5889213	0.5868073	5.316977
20154	-1497.216	-1594.032	96.81682	0.6599494	0.5423412	3.992835
20160	-1486.568	-1581.357	94.78957	0.6058125	0.6253912	5.093664
20166	-1486.476	-1580.613	94.13783	0.623185	0.7430081	5.35826
20172	-1498.02	-1592.914	94.89382	0.5095412	0.5015091	5.193789
20178	-1496.975	-1591.342	94.36731	0.6481082	0.5296526	5.382861
20184	-1490.395	-1584.401	94.00643	0.6273527	0.8115071	5.382861
20190	-1484.803	-1577.772	92.96903	0.4274208	0.5032578	6.291688
20196	-1481.555	-1575.129	93.57396	0.5612709	0.5467827	5.851221
20202	-1486.022	-1580.477	94.45454	0.6395884	0.5888666	5.289484
20208	-1493.671	-1589.869	96.19804	0.7535589	0.4293665	4.399426
20214	-1487.428	-1580.963	93.53459	0.3720043	0.4655028	6.048853
20220	-1484.206	-1577.263	93.05769	0.4500451	0.6665891	6.099157
20226	-1479.117	-1572.652	93.53522	0.4699015	0.652268	5.838341
20232	-1477.045	-1572.661	95.61614	0.8372887	0.7293647	4.424916
20238	-1481.413	-1578.151	96.73863	0.6811837	0.5928986	3.981671
20244	-1482.982	-1578.373	95.39073	0.7185204	0.6083163	4.709716
20250	-1482.09	-1576.523	94.43316	0.4673374	0.4922788	5.479674
20256	-1485.52	-1580.691	95.17142	0.5292324	0.5430778	4.991989
20262	-1478.074	-1573.236	95.1621	0.7473124	0.5430778	4.875833
20268	-1484.114	-1577.774	93.66037	0.515146	0.6177372	5.771488
20274	-1487.827	-1584.204	96.37683	0.5874133	0.5931241	4.240816
20280	-1486.713	-1583.46	96.74696	0.7464495	0.4025353	4.121018
20286	-1487.832	-1583.373	95.54124	0.6577738	0.5626344	4.697318
20292	-1492.492	-1588.089	95.59731	0.6017015	0.5626344	4.697318
20298	-1493.511	-1589.974	96.4638	0.9357261	0.67607	3.926729
20304	-1489.896	-1586.739	96.84282	0.8314563	0.4916057	3.926729
20310	-1490.823	-1585.587	94.76417	0.74551	0.4357002	5.197998
20316	-1487.049	-1582.93	95.88114	0.6475489	0.4805328	4.586517
20322	-1481.156	-1576.372	95.21582	0.6685644	0.4943637	4.933494
20328	-1472.602	-1568.413	95.81062	0.7422027	0.821051	4.306214
20334	-1473.192	-1568.058	94.86647	0.7055171	0.7908144	4.87657
20340	-1477.771	-1574.407	96.63568	0.8320228	0.7210092	3.854007
20346	-1475.481	-1571.201	95.72077	0.7642228	0.687373	4.437664
20352	-1477.482	-1573.704	96.22126	0.7736608	0.4081579	4.397343
20358	-1475.01	-1571.538	96.52793	0.8620761	0.5100905	4.071732
20364	-1474.379	-1570.808	96.42942	0.9409091	0.8258523	3.837004
20370	-1487.654	-1583.656	96.00241	0.6881898	0.7430544	4.281242
20376	-1491.26	-1586.853	95.59288	0.742377	0.6151118	4.577616
20382	-1477.702	-1571.17	93.46793	0.6591741	0.8023071	5.667346
20388	-1482.238	-1576.218	93.97924	0.5820259	0.4908229	5.667346
20394	-1477.283	-1572.423	95.14025	0.6397169	0.4992224	4.987069
20400	-1480.562	-1575.289	94.72616	0.7035188	0.4992224	5.181318
20406	-1486.514	-1582.709	96.19541	0.7035188	0.4685409	4.389752
20412	-1483.791	-1579.409	95.61734	0.7369708	0.5819881	4.593996
20418	-1477.056	-1574.488	97.43149	0.9385025	0.6225087	3.407371
20424	-1484.694	-1581.256	96.56173	0.9544001	0.4216273	4.087549
20430	-1481.886	-1578.41	96.52402	0.9544001	0.5110998	4.020351
20436	-1481.8	-1577.599	95.7988	0.6593645	0.5023337	4.605612
20442	-1484.649	-1580.828	96.17897	0.7437849	0.5812752	4.27423
20448	-1489.732	-1581.73	91.99745	0.5707852	1.131611	6.332385
20454	-1487.011	-1580.135	93.12385	0.642684	0.7261137	5.915587
20460	-1487.522	-1583.24	95.71729	0.6402044	0.5377064	4.630147
20466	-1479.136	-1574.488	95.35171	0.6928083	0.4733929	4.864083
20472	-1480.993	-1575.691	94.69731	0.6680361	0.4444658	5.269032
20478	-1481.778	-1576.149	94.37133	0.7316216	0.6082351	5.269032
20484	-1481.53	-1578.024	96.49419	0.8446118	0.6082351	4.015234
20490	-1472.815	-1569.043	96.22865	0.7278645	0.6082351	4.232758
20496	-1472.699	-1567.796	95.09698	0.7122683	0.637184	4.85441
20502	-1478.296	-1573.882	95.58522	0.6992477	0.5790397	4.635623
20508	-1484.819	-1580.141	95.32208	0.6275288	0.6066839	4.800229
20514	-1484.633	-1578.686	94.05356	0.6078511	0.7478878	5.409815
20520	-1478.084	-1573.967	95.8822	0.7635075	0.6969252	4.339902
20526	-1480.299	-1576.586	96.28678	0.7465497	0.4423996	4.339902
20532	-1482.038	-1578.774	96.73579	0.9524058	0.4285516	3.982037
20538	-1488.93	-1583.286	94.35535	0.7019765	0.9040424	5.091351
20544	-1488.728	-1583.529	94.80131	0.7197753	1.03429	4.758986
20550	-1489.166	-1584.37	95.20496	0.5660998	0.5081009	4.983903
20556	-1488.596	-1583.663	95.06658	0.4262296	0.5525241	5.09921
20562	-1485.467	-1579.911	94.44383	0.4939692	0.476955	5.473401
20568	-1482.55	-1578.222	95.67223	0.865583	0.5531305	4.515447
20574	-1487.681	-1583.802	96.12124	0.6795784	0.547605	4.372083
20580	-1493.236	-1588.397	95.16075	0.6619797	0.6911733	4.806183
20586	-1480.492	-1575.163	94.67057	0.4190166	0.6076247	5.276901
20592	-1482.114	-1578.103	95.989	0.6663275	0.5548265	4.447846
20598	-1482.8	-1577.02	94.22018	0.7626465	0.7278163	5.246334
20604	-1487.681	-1581.568	93.88724	0.5145057	0.7299394	5.565022
20610	-1487.793	-1585.641	97.848	0.8640247	0.5398099	3.278653
20616	-1486.2	-1582.517	96.3164	0.887956	0.71184	4.011582
20622	-1481.342	-1577.148	95.80566	0.8529601	0.5937493	4.413077
20628	-1482.147	-1576.082	93.93428	0.5557943	0.5869762	5.623526
20634	-1486.315	-1581.399	95.084	0.5835478	0.6423402	4.929343
20640	-1486.703	-1582.296	95.5933	0.6372317	0.8492074	4.469915
20646	-1487.158	-1582.982	95.82317	0.5398039	0.5282247	4.63548
20652	-1487.759	-1583.166	95.40665	0.7815123	0.6464224	4.63548
20658	-1478.757	-1574.05	95.29316	0.5475948	0.5482496	4.909591
20664	-1476.865	-1571.588	94.7226	0.5482222	0.6204527	5.166544
20670	-1478.061	-1572.773	94.71167	0.6019855	0.6223369	5.141347
20676	-1486.059	-1582.649	96.59019	0.6178527	0.6223369	4.078342
20682	-1477.679	-1573.594	95.91469	0.5779901	0.5166727	4.573114
20688	-1487.928	-1583.94	96.01137	0.567682	0.6215739	4.435336
20694	-1484.488	-1580.509	96.02037	0.7580882	0.4170179	4.509843
20700	-1485.692	-1580.508	94.81623	0.534292	0.5230739	5.203627
20706	-1481.244	-1576.563	95.31895	0.5786968	0.5427384	4.882685
20712	-1478.331	-1572.709	94.37743	0.6213934	0.5673744	5.359784
20718	-1486.589	-1580.897	94.30802	0.7023262	0.6557131	5.283437
20724	-1481.596	-1576.908	95.31247	0.6303403	0.6176112	4.795285
20730	-1480.929	-1577.771	96.8418	0.8026049	0.5508125	3.889304
20736	-1475.413	-1572.357	96.9441	0.6574901	0.5508125	3.913857
20742	-1474.421	-1571.134	96.71318	0.855506	0.4300375	4.048732
20748	-1481.788	-1576.91	95.12193	0.5000093	0.6645161	4.937841
20754	-1485.208	-1578.992	93.78423	0.5658949	0.4343264	5.836995
20760	-1478.293	-1573.657	95.36415	0.6931192	0.6730795	4.688513
20766	-1487.729	-1583.942	96.213	0.6365745	0.5537921	4.339146
20772	-1483.336	-1579.956	96.62023	0.7943145	0.7226022	3.883367
20778	-1478.385	-1573.631	95.24586	0.7768248	0.4783161	4.871553
20784	-1475.724	-1572.639	96.91479	0.8273603	0.6896689	3.719273
20790	-1482.878	-1578.252	95.37401	0.7642607	0.7419259	4.593285
20796	-1476.23	-1570.629	94.39891	0.877039	0.7562861	5.06437
20802	-1488.653	-1583.897	95.24417	0.6116648	0.4839402	4.95911
20808	-1487.129	-1582.267	95.13745	0.6370327	0.783816	4.768272
20814	-1492.176	-1587.505	95.32881	0.8414036	0.5614427	4.714445
20820	-1486.938	-1582.167	95.22892	0.5930442	0.4957469	4.966929
20826	-1488.007	-1582.919	94.91146	0.6552553	0.6274031	4.997001
20832	-1490.08	-1585.538	95.45812	0.5278282	0.6312757	4.760415
20838	-1493	-1588.279	95.27895	0.5923364	0.5498798	4.891184
20844	-1486.789	-1582.111	95.32274	0.4109638	0.4574479	5.052327
20850	-1486.536	-1581.819	95.28322	0.6368194	0.4574479	4.948808
20856	-1490.409	-1584.418	94.0087	0.531779	0.4574479	5.710141
20862	-1485.476	-1581.275	95.79908	0.7099512	0.5630898	4.523061
20868	-1493.249	-1588.293	95.04365	0.644224	0.7827141	4.817356
20874	-1492.851	-1589.641	96.78919	0.691664	0.6298419	3.916384
20880	-1480.868	-1578.07	97.20155	0.8642992	0.658899	3.555476
20886	-1482.298	-1578.492	96.19428	0.6641679	0.4675817	4.413527
20892	-1483.775	-1579.822	96.04736	0.7303363	0.6128428	4.330239
20898	-1490.375	-1586.963	96.58821	0.8592533	0.4160145	4.132603
20904	-1487.612	-1583.274	95.66127	0.7389731	0.7904653	4.412668
20910	-1490.681	-1586.146	95.46491	0.5969848	0.4980061	4.831239
20916	-1488.656	-1582.617	93.96063	0.6006801	0.6550862	5.531309
20922	-1486.085	-1581.492	95.40692	0.5212863	0.6158115	4.804866
20928	-1487.109	-1581.128	94.01963	0.6671016	0.4819059	5.606755
20934	-1483.215	-1578.103	94.88753	0.8241687	0.6222476	4.920427
20940	-1490.377	-1586.362	95.98511	0.9184826	0.8443217	4.09198
20946	-1485.603	-1581.248	95.64506	0.869228	0.6692132	4.434779
20952	-1488.969	-1583.873	94.90447	0.7057648	0.6592087	4.948352
20958	-1486.512	-1581.147	94.63506	0.6203032	0.7712491	5.065654
20964	-1490.575	-1585.829	95.25402	0.6011246	0.4066834	5.036487
20970	-1490.561	-1585.045	94.48383	0.4847866	0.617294	5.33603
20976	-1492.456	-1586.138	93.68223	0.3192722	0.5864841	5.891449
20982	-1501.288	-1595.1	93.8116	0.4092271	0.483566	5.860427
20988	-1502.13	-1596.621	94.49065	0.3800311	0.5707384	5.4276
20994	-1489.125	-1583.767	94.64205	0.5421203	0.5550645	5.267844
21000	-1501.299	-1595.609	94.31025	0.6156808	0.7144113	5.287195
21006	-1504.359	-1600.133	95.77319	0.9138478	0.4805649	4.497518
21012	-1494.464	-1589.937	95.47328	0.7831869	0.4869327	4.732924
21018	-1491.977	-1586.425	94.44786	0.8003777	0.5703198	5.219602
21024	-1476.836	-1572.067	95.2311	0.6386021	0.4918401	4.944005
21030	-1480.489	-1575.942	95.45382	0.8292253	0.5250498	4.683082
21036	-1490.381	-1585.744	95.3634	0.6528573	0.5492105	4.810946
21042	-1482.101	-1577.336	95.23526	0.6708097	0.5415195	4.879054
21048	-1479.648	-1575.184	95.53628	0.6916334	0.4920647	4.744075
21054	-1481.88	-1575.137	93.25679	0.4701559	0.7046974	5.952181
21060	-1478.038	-1572.783	94.7451	0.4799853	0.5596971	5.241308
21066	-1486.213	-1580.984	94.7713	0.5887956	0.614852	5.121521
21072	-1477.281	-1572.002	94.72066	0.6536593	0.6049488	5.121521
21078	-1475.217	-1570.177	94.96026	0.5838403	0.529926	5.090367
21084	-1481.853	-1575.799	93.94551	0.591025	0.5733024	5.609205
21090	-1486.667	-1583.437	96.76942	0.8145664	0.4925481	3.977512
21096	-1484.527	-1578.991	94.46405	0.8108526	0.8225768	5.021082
21102	-1471.827	-1567.104	95.27702	0.6255971	0.5507782	4.872961
21108	-1481.66	-1575.548	93.88798	0.3272126	0.5056088	5.843425
21114	-1484.133	-1578.396	94.26237	0.4424905	0.641467	5.462655
21120	-1483.75	-1579.468	95.71824	0.7450201	0.505677	4.59967
21126	-1488.392	-1584.832	96.43972	0.8582604	0.4960136	4.137323
21132	-1493.982	-1588.107	94.12534	0.5751912	0.6712203	5.44271
21138	-1489.639	-1584.807	95.1681	0.6455422	0.4355361	5.029707
21144	-1481.204	-1575.225	94.02147	0.661249	0.5792682	5.523993
21150	-1486.179	-1580.811	94.6324	0.7207216	0.5655929	5.165523
21156	-1491.057	-1586.163	95.10563	0.7440379	0.5431822	4.909018
21162	-1489.539	-1584.673	95.13443	0.745139	0.5242552	4.909018
21168	-1482.455	-1578.612	96.15759	0.7299317	0.6182489	4.263732
21174	-1483.202	-1579.37	96.16791	0.838696	0.5485049	4.254913
21180	-1478.434	-1574.951	96.51679	0.8318558	0.6442946	3.980547
21186	-1483.369	-1579.419	96.0501	0.731427	0.6442946	4.30306
21192	-1485.505	-1581.758	96.25344	0.9959417	0.4009364	4.261306
21198	-1478.174	-1573.67	95.49515	0.7579282	0.7599037	4.516321
21204	-1485.558	-1582.695	97.13701	0.7639008	0.6343325	3.670837
21210	-1473.774	-1570.652	96.87784	0.8058551	0.5258717	3.889227
21216	-1474.357	-1571.516	97.15939	0.6445721	0.5595489	3.789863
21222	-1479.346	-1576.38	97.03437	0.9019065	0.5639816	3.709632
21228	-1478.437	-1574.493	96.05612	0.5923117	0.569363	4.439261
21234	-1481.632	-1577.665	96.03241	0.7291353	0.6311639	4.324695
21240	-1491.54	-1586.833	95.29267	0.8587111	0.5355181	4.747436
21246	-1486.808	-1581.575	94.76706	0.7874832	0.7702934	4.900024
21252	-1486.354	-1582.172	95.81807	0.5684368	0.5380698	4.613559
21258	-1482.625	-1577.489	94.86412	0.5065198	0.513633	5.200916
21264	-1486.164	-1583.273	97.10961	0.8239016	0.5778506	3.699159
21270	-1497.503	-1594.203	96.69949	0.8614695	0.8964408	3.68154
21276	-1486.743	-1582.337	95.59409	0.7272905	0.7543167	4.481762
21282	-1485.379	-1582.163	96.78386	0.9194113	0.7807463	3.675583
21288	-1485.874	-1581.844	95.9704	0.8363796	0.5874765	4.334646
21294	-1488.648	-1583.346	94.69838	0.590905	0.5651096	5.201253
21300	-1486.862	-1582.553	95.69079	0.643673	0.6262816	4.569164
21306	-1481.33	-1576.432	95.10213	0.5190074	0.5754957	5.008631
21312	-1483.328	-1579.103	95.77437	0.6966394	0.633132	4.487009
21318	-1493.371	-1588.934	95.56363	0.7504039	0.7914917	4.460561
21324	-1493.992	-1590.065	96.07309	0.693854	0.5286684	4.407979
21330	-1501.602	-1596.538	94.93567	0.7608208	0.7695964	4.821383
21336	-1500.44	-1597.246	96.80516	0.9286128	0.588371	3.805376
21342	-1485.82	-1580.506	94.68642	0.6865037	0.588371	5.135703
21348	-1480.207	-1577.126	96.91827	0.8452587	0.5030697	3.864618
21354	-1485.105	-1581.36	96.25582	0.6349551	0.4480642	4.414644
21360	-1477.33	-1573.882	96.55215	0.8327728	0.4902789	4.09329
21366	-1483.657	-1580.555	96.89839	0.766137	0.6705781	3.77869
21372	-1492.72	-1588.736	96.01622	0.8468575	0.6271255	4.270456
21378	-1492.164	-1587.104	94.93986	0.4637851	0.5930319	5.114883
21384	-1496.122	-1591.428	95.30649	0.8323591	0.5827996	4.714021
21390	-1496.839	-1590.254	93.41511	0.5535239	0.6614819	5.851424
21396	-1496.554	-1591.472	94.91762	0.5925392	0.6139732	5.038992
21402	-1493.831	-1590.031	96.19906	0.8206525	0.5198517	4.27311
21408	-1496.87	-1592.345	95.47561	0.7752675	0.6600027	4.589895
21414	-1499.295	-1596.389	97.09383	0.837106	0.4982833	3.772853
21420	-1482.145	-1579.401	97.25589	1.015194	0.4982833	3.575981
21426	-1490.45	-1586.02	95.56988	0.6849522	0.3739024	4.849894
21432	-1486.686	-1583.664	96.97873	0.8201942	0.4952974	3.851679
21438	-1478.593	-1575.106	96.51316	0.6901975	0.533065	4.156974
21444	-1479.31	-1575.587	96.277	0.7198878	0.4822744	4.321137
21450	-1487.975	-1584.027	96.05225	0.5551207	0.4893851	4.533935
21456	-1492.961	-1586.952	93.9903	0.6672012	0.5522741	5.560345
21462	-1486.483	-1581.985	95.5023	0.8106966	0.8463878	4.425253
21468	-1491.868	-1587.771	95.90268	0.6405259	0.599348	4.4735
21474	-1496.476	-1592.624	96.14814	0.8884857	0.8040819	4.042627
21480	-1491.918	-1586.752	94.83436	0.7103163	0.6169551	5.017467
21486	-1494.925	-1589.975	95.05016	0.5629615	0.5702476	5.017467
21492	-1486.136	-1580.571	94.43417	0.3451653	0.5510183	5.494431
21498	-1490.016	-1587.346	97.32969	0.7519082	0.4728884	3.710639
21504	-1491.924	-1584.838	92.91381	0.403815	0.5256633	6.314771
21510	-1489.059	-1583.503	94.44398	0.5467946	0.4380467	5.481909
21516	-1487.394	-1582.604	95.21034	0.5861526	0.5525891	4.930494
21522	-1484.5	-1579.498	94.99806	0.6609671	0.4306216	5.120442
21528	-1486.918	-1581.373	94.45501	0.2867825	0.586369	5.485707
21534	-1486.208	-1581.434	95.22669	0.5084535	0.6190002	4.909944
21540	-1489.948	-1585.331	95.38283	0.6696515	0.4227944	4.909944
21546	-1491.703	-1585.984	94.28135	0.4779171	0.4669021	5.581059
21552	-1487.512	-1582.218	94.70631	0.5661948	0.8164708	5.026344
21558	-1482.364	-1577.021	94.65616	0.7093192	0.5111267	5.206026
21564	-1492.162	-1588.399	96.23698	0.6448913	0.6135561	4.270722
21570	-1496.881	-1592.486	95.60479	0.5561359	0.5133924	4.761873
21576	-1487.436	-1583.283	95.84687	0.7501344	0.5601967	4.476054
21582	-1488.154	-1584.92	96.76575	0.6244027	0.5238789	4.058948
21588	-1488.507	-1583.225	94.71819	0.7389748	0.6219349	5.062111
21594	-1482.996	-1579.124	96.12813	0.7249004	0.4597766	4.424245
21600	-1481.445	-1577.217	95.77208	0.680355	0.6561752	4.479553
21606	-1487.254	-1581.902	94.64788	0.7371348	0.7282197	5.02326
21612	-1499.24	-1595.47	96.23016	0.986391	0.364176	4.321222
21618	-1491.436	-1587.857	96.42127	0.8826216	0.4080938	4.222649
21624	-1492.767	-1588.195	95.4282	0.7280711	0.5900496	4.698281
21630	-1487.615	-1583.318	95.70322	0.702159	0.6747058	4.491954
21636	-1488.989	-1585.543	96.55398	0.7065096	0.5201091	4.136239
21642	-1488.017	-1584.802	96.78507	0.8181102	0.4791145	3.979493
21648	-1482.609	-1579.763	97.154	0.9537343	0.4791145	3.68937
21654	-1501.778	-1598.428	96.65036	0.7888924	0.6550541	3.920223
21660	-1491.912	-1588.357	96.44434	0.780417	0.4261683	4.248312
21666	-1486.926	-1580.543	93.6172	0.6011013	0.666672	5.710935
21672	-1478.498	-1575.313	96.81524	0.7668491	0.4803363	3.990365
21678	-1481.465	-1576.247	94.7821	0.7723581	0.4803363	5.129768
21684	-1486.842	-1581.802	94.96015	0.6183363	0.7071641	4.930676
21690	-1486.813	-1582.637	95.82385	0.5827055	0.5019714	4.634883
21696	-1488.532	-1584.783	96.25122	0.6670054	0.7046584	4.179825
21702	-1478.761	-1574.991	96.23084	0.7836989	0.4254801	4.367946
21708	-1483.705	-1580.215	96.50996	0.7134052	0.5171219	4.160082
21714	-1482.648	-1578.549	95.90129	0.6774332	0.4466931	4.591534
21720	-1487.711	-1583.032	95.32053	0.7102659	0.5504812	4.80174
21726	-1485.038	-1580.312	95.27471	0.5409645	0.7026742	4.80174
21732	-1478.202	-1572.64	94.43876	0.5328494	0.7223223	5.256386
21738	-1478.719	-1573.136	94.41711	0.5637478	0.7223223	5.251272
21744	-1487.672	-1581.3	93.62765	0.3414167	0.5573441	5.933107
21750	-1483.991	-1577.743	93.752	0.3027788	0.5573441	5.886291
21756	-1486.896	-1581.795	94.89818	0.6422438	0.4645862	5.152543
21762	-1484.008	-1579.125	95.11739	0.6174558	0.619075	4.910053
21768	-1479.984	-1573.195	93.21051	0.4975581	0.6021799	6.039049
21774	-1481.112	-1575.382	94.26995	0.3966553	0.5819594	5.530648
21780	-1480.339	-1574.217	93.87829	0.4771626	0.5270065	5.747746
21786	-1484.448	-1578.471	94.02265	0.6890095	0.6013219	5.490238
21792	-1489.973	-1584.039	94.06541	0.6675181	0.5867973	5.490238
21798	-1487.48	-1583.698	96.21827	0.7207782	0.5225491	4.316307
21804	-1483.594	-1580.322	96.7279	0.8129317	0.5225491	3.974115
21810	-1480.013	-1575.133	95.12015	0.653894	0.5020165	4.987793
21816	-1487.354	-1582.697	95.34329	0.7253632	0.4984969	4.827014
21822	-1478.786	-1574.578	95.79229	0.6123341	0.5887783	4.56012
21828	-1491.166	-1586.706	95.5398	0.5832543	0.6012196	4.707735
21834	-1484.358	-1578.863	94.50515	0.357244	0.5403143	5.457891
21840	-1482.69	-1578.006	95.31603	0.5132456	0.5908005	4.880227
21846	-1490.526	-1584.912	94.38577	0.6637771	0.5617522	5.336514
21852	-1488.781	-1584.73	95.94871	0.7115125	0.426365	4.566514
21858	-1482.4	-1577.525	95.12514	0.6574152	0.6606727	4.851296
21864	-1478.383	-1571.941	93.5576	0.460553	0.5378163	5.922849
21870	-1489.236	-1585.55	96.31343	0.7628326	0.6259547	4.150439
21876	-1490.367	-1586.031	95.66377	0.8803237	0.4256429	4.632406
21882	-1491.617	-1585.519	93.90211	0.8603583	0.4825753	5.56454
21888	-1485.483	-1580.831	95.3476	0.707285	0.6004927	4.74644
21894	-1478.543	-1576.606	98.06247	0.9379593	0.5714736	3.078676
21900	-1482.634	-1579.715	97.08155	0.9910488	0.9022574	3.379816
21906	-1487.5	-1584.049	96.54937	0.8762039	0.786072	3.832088
21912	-1481.636	-1578.932	97.29607	1.006744	0.4481699	3.607581
21918	-1482.7	-1578.679	95.97888	0.7363074	0.6037758	4.372926
21924	-1487.289	-1582.042	94.75299	0.8327504	0.6932986	4.936675
21930	-1483.423	-1578.012	94.58823	0.6796596	0.9687023	4.936675
21936	-1490.056	-1586.051	95.9949	0.8360082	0.8746855	4.114012
21942	-1478.276	-1573.473	95.19634	0.85259	0.5749728	4.770806
21948	-1480.58	-1575.955	95.37535	0.8560101	0.6620367	4.599299
21954	-1480.882	-1578.616	97.73396	0.7605884	0.5455529	3.401266
21960	-1481.833	-1579.681	97.84846	0.9762341	0.5244358	3.226464
21966	-1478.683	-1577.175	98.49145	1.139152	0.7500982	2.547251
21972	-1482.516	-1579.622	97.1051	0.9181184	0.5634862	3.65977
21978	-1489.772	-1587.179	97.40634	0.7548605	0.4938513	3.644033
21984	-1489.38	-1585.447	96.06718	0.5174386	0.5139169	4.523974
21990	-1488.179	-1584.101	95.92254	0.7069355	0.4403997	4.569396
21996	-1490.593	-1587.88	97.28697	0.8154219	0.4249916	3.747927
22002	-1485.851	-1581.061	95.21006	0.8568438	0.4516568	4.872749
22008	-1486.994	-1583.951	96.95685	0.8492861	0.3798505	3.96792
22014	-1492.248	-1590.62	98.37212	0.786473	0.3386003	3.231838
22020	-1484.936	-1581.236	96.29995	0.7802448	0.538331	4.222187
22026	-1487.828	-1584.616	96.78777	0.6808854	0.4974946	4.038693
22032	-1485.016	-1581.69	96.67405	0.7896785	0.3989081	4.14187
22038	-1483.964	-1579.255	95.2908	0.5251722	0.5799462	4.896579
22044	-1489.785	-1585.234	95.44948	0.5810019	0.4376259	4.907047
22050	-1484.432	-1579.991	95.55942	0.6903574	0.4596402	4.762866
22056	-1489.809	-1585.349	95.53961	0.5936745	0.529501	4.762866
22062	-1485.789	-1580.962	95.17395	0.6132284	0.5064298	4.976461
22068	-1478.933	-1573.955	95.02173	0.6358262	0.5017361	5.05274
22074	-1483.277	-1578.547	95.2693	0.8941539	0.5488208	4.729067
22080	-1484.25	-1578.599	94.34946	0.5599191	0.6718987	5.327092
22086	-1490.204	-1585.674	95.46945	0.3908587	0.4873493	4.953422
22092	-1489.236	-1583.991	94.75504	0.633249	0.5982006	5.11921
22098	-1477.178	-1570.853	93.67489	0.5246417	0.5679158	5.798342
22104	-1484.317	-1580.386	96.06835	0.8154529	0.4530582	4.413571
22110	-1478.656	-1572.479	93.8223	0.5641131	0.759975	5.552921
22116	-1485.505	-1579.814	94.30972	0.5494024	0.6703629	5.355951
22122	-1472.384	-1566.795	94.41188	0.7009228	0.5505372	5.311102
22128	-1481.146	-1576.755	95.60952	0.688961	0.5802908	4.626723
22134	-1483.348	-1579.312	95.96407	0.7940746	0.4645744	4.472976
22140	-1482.547	-1577.515	94.96765	0.69585	0.562748	4.995789
22146	-1485.392	-1580.098	94.7064	0.69585	0.613093	5.099549
22152	-1477.787	-1573.389	95.60229	0.6421115	0.4692992	4.756483
22158	-1480.011	-1574.597	94.58631	0.8641474	0.6353865	5.055337
22164	-1477.735	-1573.06	95.32492	0.7385891	0.5033848	4.825383
22170	-1477.506	-1573.238	95.73187	0.7030017	0.5033848	4.617705
22176	-1478.926	-1574.978	96.05176	0.6053847	0.6160937	4.395693
22182	-1480.852	-1577.38	96.52765	0.7557111	0.6160937	4.04045
22188	-1480.902	-1577.573	96.6709	0.8798293	0.6932463	3.826899
22194	-1480.995	-1577.738	96.74258	0.6969668	0.6825338	3.898864
22200	-1479.735	-1576.189	96.45384	0.836373	0.6718373	3.992528
22206	-1472.267	-1568.863	96.59583	0.7043256	0.7307411	3.943033
22212	-1471.883	-1568.276	96.39367	0.7551685	0.4718634	4.245188
22218	-1473.558	-1570.519	96.96029	1.132921	0.5737512	3.610204
22224	-1469.909	-1565.896	95.98665	0.6827967	0.6517444	4.36062
22230	-1477.664	-1572.103	94.43934	0.5722938	0.5829883	5.339814
22236	-1485.433	-1582.695	97.26263	1.034016	0.4668093	3.592134
22242	-1487.111	-1583.284	96.17265	0.8175827	0.6926408	4.147803
22248	-1484.113	-1579.049	94.93608	0.4714193	0.5588598	5.141089
22254	-1499.443	-1598	98.55698	1.083514	0.6056475	2.660455
22260	-1489.168	-1583.541	94.37335	0.6642164	0.6139438	5.300618
22266	-1482.39	-1577.197	94.80779	0.4245089	0.4556633	5.331495
22272	-1490.101	-1585.227	95.12592	0.3801356	0.4940552	5.143785
22278	-1480.342	-1575.018	94.67608	0.6562471	0.6975149	5.074383
22284	-1477.664	-1572.998	95.33422	0.5001249	0.517492	4.940232
22290	-1472.034	-1567.892	95.85845	0.7567386	0.7819449	4.297009
22296	-1483.328	-1580.182	96.85438	0.9234892	0.4973107	3.861852
22302	-1489.667	-1585.21	95.54286	0.8986199	0.4973107	4.619631
22308	-1489.153	-1585.245	96.0914	1.061393	0.4973107	4.21856
22314	-1478.759	-1573.602	94.84343	0.6572916	0.6888061	4.987232
22320	-1488.95	-1581.203	92.25353	0.5872783	0.7219525	6.42218
22326	-1486.957	-1582.515	95.55818	0.7475541	0.6224489	4.58833
22332	-1484.416	-1579.514	95.09817	0.8787497	0.8878504	4.58833
22338	-1482.468	-1577.724	95.25553	0.82384	0.6038269	4.730048
22344	-1488.681	-1584.405	95.72342	0.7463856	0.6038269	4.51114
22350	-1482.685	-1577.681	94.99603	0.7840499	0.7025468	4.821695
22356	-1490.054	-1585.763	95.70847	0.8455822	0.6898106	4.396914
22362	-1484.445	-1580.969	96.5242	0.7055769	0.5905895	4.092057
22368	-1481.188	-1575.736	94.54749	0.7291092	0.4296257	5.332895
22374	-1483.338	-1578.054	94.71662	0.6605593	0.4540809	5.253037
22380	-1489.222	-1584.338	95.11606	0.5585531	0.5914693	4.965752
22386	-1492.826	-1587.587	94.76146	0.612782	0.6356517	5.097407
22392	-1488.601	-1583.136	94.53466	0.6807334	0.6478902	5.176
22398	-1494.523	-1588.714	94.19147	0.8225336	0.6478902	5.287339
22404	-1491.388	-1585.389	94.00122	0.6942202	0.8419059	5.329544
22410	-1487.224	-1583.085	95.86046	0.5964256	0.3717511	4.739534
22416	-1479.806	-1574.268	94.46187	0.7085445	0.5273391	5.299391
22422	-1483.963	-1579.708	95.74592	0.687332	0.4875396	4.633392
22428	-1481.36	-1577.05	95.68997	0.5217251	0.4696265	4.774433
22434	-1482.84	-1577.356	94.51543	0.4718229	0.4569804	5.465244
22440	-1481.971	-1576.338	94.36783	0.4258022	0.5878917	5.455947
22446	-1486.229	-1580.3	94.07061	0.5376284	0.5920864	5.554508
22452	-1480.054	-1575.061	95.00714	0.6149367	0.4780379	5.094465
22458	-1489.83	-1584.607	94.77741	0.6276063	0.617576	5.094465
22464	-1484.836	-1580.081	95.24462	0.5716259	0.4418193	5.021951
22470	-1486.7	-1581.423	94.72242	0.7356271	0.5453693	5.124617
22476	-1489.925	-1585.566	95.64082	0.6831016	0.6749961	4.53754
22482	-1483.578	-1578.502	94.92407	0.7258708	0.6803867	4.910428
22488	-1481.676	-1576.279	94.60301	0.6012413	0.4643864	5.338534
22494	-1473.288	-1569.117	95.82931	0.7903584	0.5554367	4.467402
22500	-1480.846	-1576.39	95.54465	0.612763	0.4535497	4.820419
22506	-1481.322	-1576.353	95.03163	0.7203516	0.4535497	5.046001
22512	-1490.932	-1584.807	93.87557	0.4983024	0.5073367	5.755052
22518	-1485.704	-1580.056	94.3511	0.4716166	0.5613516	5.46184
22524	-1494.107	-1587.181	93.07396	0.483522	0.533891	6.177306
22530	-1481.641	-1576.58	94.93892	0.4792583	0.572106	5.124049
22536	-1483.251	-1580.188	96.93739	0.8562946	0.4606055	3.888676
22542	-1487.087	-1583.997	96.90985	0.8800193	0.5613496	3.796401
22548	-1480.339	-1576.297	95.95854	0.9398141	0.7237708	4.177191
22554	-1485.706	-1583.207	97.50069	0.8757375	0.624378	3.402051
22560	-1483.719	-1580.631	96.91155	0.8790121	0.624378	3.742698
22566	-1488.351	-1586.241	97.89035	0.8814616	0.4924651	3.288564
22572	-1487.874	-1583.806	95.93225	0.8155685	0.623503	4.338554
22578	-1488.07	-1583.101	95.03119	0.6524784	0.6526501	4.912469
22584	-1485.978	-1580.895	94.91741	0.59331	0.526854	5.111584
22590	-1487.535	-1582.362	94.82731	0.6455028	0.5510127	5.111584
22596	-1489.295	-1584.123	94.82795	0.5637902	0.6053019	5.111584
22602	-1494.095	-1588.347	94.2518	0.6925011	0.7932049	5.223339
22608	-1488.053	-1582.527	94.47411	0.6087143	0.4387832	5.430508
22614	-1479.759	-1576.712	96.95245	0.7873389	0.5383049	3.845719
22620	-1485.054	-1581.655	96.60174	0.8426516	0.4388977	4.110359
22626	-1478.102	-1572.929	94.82709	0.6617229	0.4664193	5.179353
22632	-1480.138	-1576.801	96.6635	0.8129346	0.4669352	4.063819
22638	-1487.402	-1584.042	96.64045	0.8129346	0.5740485	3.978459
22644	-1492.188	-1589.37	97.18185	0.9572877	0.6656254	3.507478
22650	-1491.32	-1588.558	97.2377	1.176455	0.4501098	3.540848
22656	-1481.552	-1578.164	96.61224	1.014579	0.5207543	3.926539
22662	-1479.252	-1576.386	97.13362	1.015554	0.5980077	3.556844
22668	-1488.29	-1585.199	96.90977	0.9566385	0.5981785	3.720607
22674	-1497.02	-1594.073	97.05339	1.127641	0.7498909	3.419391
22680	-1494.414	-1592.051	97.63775	1.03349	0.4230923	3.419391
22686	-1494.605	-1591.397	96.79141	0.928102	0.4230923	3.969892
22692	-1507.862	-1603.15	95.28809	0.6410369	0.7421061	4.710324
22698	-1496.475	-1591.714	95.23872	0.6231868	0.6133992	4.843774
22704	-1483.119	-1577.879	94.75995	0.5435538	0.56991	5.189373
22710	-1480.492	-1576.058	95.56576	0.768528	0.6150577	4.578205
22716	-1484.386	-1580.478	96.09231	0.7186792	0.5012703	4.408168
22722	-1480.728	-1576.076	95.34863	0.6047416	0.5777103	4.821857
22728	-1480.964	-1576.591	95.62645	0.6827411	0.5999401	4.604507
22734	-1484.001	-1579.718	95.71639	0.7019998	0.8103958	4.389167
22740	-1493.823	-1589.017	95.19425	0.6667773	0.6177539	4.840796
22746	-1498.634	-1594.328	95.69486	0.6518747	0.6929899	4.511332
22752	-1482.333	-1577.5	95.16705	0.5321227	0.524671	5.008958
22758	-1484.556	-1580.698	96.14225	0.5186625	0.5853696	4.418741
22764	-1480.694	-1577.045	96.35103	0.789331	0.3720669	4.355191
22770	-1483.842	-1579.917	96.0745	0.7257195	0.4761057	4.438078
22776	-1476.58	-1571.7	95.12069	0.6327401	0.7514847	4.801987
22782	-1485.564	-1579.854	94.2893	0.6261173	0.7514847	5.267234
22788	-1483.041	-1576.673	93.63161	0.7911463	0.3862719	5.84709
22794	-1473.227	-1567.853	94.62516	0.64309	0.6631256	5.135225
22800	-1478.723	-1572.252	93.5287	0.6434392	0.4295734	5.938999
22806	-1470.721	-1565.504	94.78342	0.6625672	0.5308415	5.143934
22812	-1465.667	-1562.004	96.3368	0.654524	0.6059702	4.214866
22818	-1471.274	-1565.119	93.84552	0.6907365	0.7550268	5.473868
22824	-1481.308	-1576.692	95.38354	0.5276291	0.4763794	4.935483
22830	-1478.503	-1573.623	95.11958	0.6414518	0.5699673	4.935483
22836	-1473.738	-1567.767	94.02895	0.5948774	0.5869349	5.550109
22842	-1474.097	-1568.26	94.16314	0.4606873	0.5869349	5.550109
22848	-1483.179	-1576.402	93.2226	0.5436813	0.5075577	6.086681
22854	-1474.866	-1570.789	95.9237	0.8697635	0.3762125	4.545889
22860	-1478.062	-1574.517	96.45498	0.7011179	0.3812938	4.335838
22866	-1487.693	-1583.544	95.8506	0.7826197	0.5354995	4.477232
22872	-1482.747	-1577.306	94.55872	0.7756596	0.6557319	5.104145
22878	-1484.677	-1579.632	94.9554	0.8012081	0.959597	4.669137
22884	-1476.986	-1573.438	96.45244	0.8242493	0.6042977	4.053922
22890	-1484.875	-1581.286	96.41086	0.8671282	0.4592082	4.1844
22896	-1478.102	-1574.352	96.25062	0.8560966	0.567402	4.181715
22902	-1478.256	-1573.952	95.69671	0.7969129	0.579832	4.517555
22908	-1473.345	-1568.608	95.26282	0.8219144	0.7978471	4.585225
22914	-1489.999	-1585.741	95.74188	0.8164849	0.7574692	4.345941
22920	-1484.222	-1580.702	96.48008	0.7206377	0.6189996	4.085211
22926	-1482.851	-1578.713	95.86141	0.8517658	0.4520034	4.5107
22932	-1485.027	-1581.611	96.58388	0.90181	0.7387287	3.830816
22938	-1475.302	-1570.577	95.27552	0.6696603	0.4781655	4.914856
22944	-1480.653	-1576.662	96.00941	0.9820177	0.9332923	3.986386
22950	-1477.54	-1572.106	94.56601	0.5564548	0.6856639	5.199246
22956	-1479.641	-1575.806	96.16524	0.7325467	0.5637438	4.30328
22962	-1485.233	-1581.243	96.01014	0.7996863	0.6761635	4.26255
22968	-1484.051	-1578.814	94.76333	0.6297268	0.4886241	5.211355
22974	-1485.078	-1579.87	94.79184	0.4736333	0.5687785	5.211355
22980	-1482.718	-1576.847	94.12917	0.7209118	0.7560645	5.300198
22986	-1486.566	-1581.03	94.4638	0.7291816	0.7888684	5.088505
22992	-1483.487	-1578.326	94.83948	0.7079634	0.5517568	5.06957
22998	-1482.098	-1577.348	95.24999	0.8374331	0.4209845	4.892363
23004	-1482.857	-1577.915	95.05831	0.5148394	0.7662989	4.892363
23010	-1480.318	-1577.154	96.83586	0.7083278	0.6977222	3.827296
23016	-1481.449	-1579.15	97.70072	0.9719311	0.6771742	3.184712
23022	-1478.617	-1575.184	96.56685	0.9068272	0.7172176	3.853357
23028	-1476.854	-1573.539	96.68507	0.7927296	0.4844778	4.045912
23034	-1475.694	-1572.378	96.6839	0.8046334	0.6020791	3.93468
23040	-1481.876	-1575.779	93.90305	0.4048537	0.4796696	5.816425
23046	-1490.137	-1586.105	95.96786	0.5768296	0.6972921	4.396671
23052	-1493.243	-1587.328	94.08522	0.6408018	0.5571076	5.518601
23058	-1494.749	-1589.096	94.34638	0.4061798	0.5532069	5.5073
23064	-1498.034	-1591.68	93.64539	0.4500435	0.6946284	5.757901
23070	-1497.65	-1590.08	92.4308	0.7092903	0.6489221	6.312164
23076	-1495.446	-1587.661	92.21511	0.4376308	0.6997981	6.539516
23082	-1487.697	-1581.234	93.53719	0.7288954	0.7855586	5.601999
23088	-1492.261	-1587.249	94.98888	0.6550784	0.8415756	4.803514
23094	-1495.214	-1588.555	93.34026	0.6643736	0.7805009	5.748678
23100	-1484.192	-1580.131	95.93908	0.644147	0.5640438	4.480513
23106	-1487.137	-1583.082	95.9451	0.6212107	0.6576809	4.414245
23112	-1486.524	-1582.122	95.59811	0.685407	0.5145082	4.692315
23118	-1483.513	-1577.977	94.46401	0.5907409	0.4937777	5.393357
23124	-1490.756	-1584.802	94.04572	0.4208782	0.5510291	5.66618
23130	-1488.288	-1583.593	95.30544	0.5905734	0.4266506	4.992998
23136	-1486.609	-1581.964	95.35553	0.4935648	0.6067759	4.856222
23142	-1486.014	-1582.171	96.15755	0.8926482	0.4724219	4.300499
23148	-1487.605	-1583.738	96.13295	0.8121951	0.5263417	4.309429
23154	-1480.254	-1575.599	95.34546	0.7449767	0.6187536	4.711887
23160	-1474.838	-1570.092	95.25365	0.5857885	0.502833	4.950692
23166	-1487.008	-1583.407	96.39872	0.7119217	0.4376364	4.301052
23172	-1482.143	-1579.148	97.00491	0.9407068	0.4503131	3.811808
23178	-1484.719	-1581.39	96.67098	0.8600649	0.5138578	3.987727
23184	-1483.286	-1580.031	96.74499	0.873252	0.7255866	3.764016
23190	-1484.365	-1578.188	93.82272	0.3675527	0.6299121	5.753985
23196	-1479.73	-1573.147	93.41698	0.6270967	0.4390842	5.999425
23202	-1479.167	-1575.248	96.08127	0.8249158	0.4638777	4.390226
23208	-1474.19	-1569.882	95.69151	0.9313441	0.3117784	4.718605
23214	-1478.037	-1574.815	96.77771	0.9711077	0.5779942	3.80558
23220	-1481.937	-1578.239	96.30217	0.8138765	0.7930056	4.00476
23226	-1486.506	-1583.324	96.81783	0.7714448	0.4931301	3.973931
23232	-1491.637	-1587.742	96.10498	0.5962703	0.4647509	4.504819
23238	-1491.267	-1584.224	92.95757	0.3797256	0.6750551	6.185745
23244	-1484.222	-1579.223	95.00117	0.7450998	0.7348989	4.817512
23250	-1488.727	-1582.387	93.65989	0.5782153	0.5876963	5.761061
23256	-1488.166	-1581.669	93.50317	0.4046885	0.5325019	5.98762
23262	-1487.482	-1582.74	95.25783	0.524617	0.5824613	4.913163
23268	-1493.314	-1589.499	96.18463	0.8455158	0.4620645	4.321995
23274	-1493.796	-1590.304	96.50726	0.6793633	0.4525007	4.242941
23280	-1496.151	-1591.294	95.14298	0.6022844	0.6635737	4.869886
23286	-1492.188	-1587.007	94.81843	0.4141297	0.5687909	5.229545
23292	-1494.784	-1590.418	95.63402	0.5622532	0.5021415	4.752404
23298	-1485.593	-1582.217	96.62354	0.7126253	0.5720136	4.047157
23304	-1481.112	-1577.412	96.2993	0.7192059	0.4794122	4.311665
23310	-1490.629	-1587.107	96.47822	0.9073511	0.6784351	3.932922
23316	-1500.366	-1595.014	94.64824	0.7721147	0.368435	5.318821
23322	-1488.012	-1582.558	94.54609	0.5298963	0.8000262	5.145998
23328	-1484.077	-1579.565	95.48801	0.7679108	0.479899	4.739884
23334	-1499.725	-1597.457	97.73161	0.7835638	0.5173153	3.415401
23340	-1499.327	-1597.134	97.80604	0.8440215	0.5576051	3.298935
23346	-1487.542	-1584.076	96.5337	0.8527936	0.758989	3.873387
23352	-1480.077	-1575.248	95.17037	0.7742842	0.4777761	4.915521
23358	-1482.734	-1577.551	94.81709	0.7575591	0.635539	4.986257
23364	-1482.472	-1577.34	94.86877	0.8857375	0.6004153	4.914037
23370	-1491.115	-1589.53	98.41492	1.02139	0.6047614	2.786294
23376	-1503.065	-1599.117	96.05229	0.9123916	0.6486787	4.195845
23382	-1490.546	-1587.506	96.95928	0.9201509	0.6705075	3.654589
23388	-1484.102	-1582.356	98.25453	1.178866	0.632848	2.763705
23394	-1498.6	-1592.075	93.47431	0.6028743	0.4610382	5.960055
23400	-1484.633	-1580.719	96.08589	0.9479808	0.7353792	4.09177
23406	-1476.124	-1573.006	96.88213	0.7835998	0.7335965	3.73078
23412	-1481.125	-1575.957	94.83196	0.5901279	0.4836663	5.199924
23418	-1483.706	-1579.27	95.56415	0.5203893	0.5989139	4.731147
23424	-1474.546	-1569.804	95.2579	0.5374747	0.5926145	4.897623
23430	-1475.664	-1571.562	95.89749	0.6499529	0.5588474	4.505098
23436	-1482.048	-1576.951	94.90308	0.5607161	0.5625673	5.106764
23442	-1486.811	-1581.314	94.50227	0.6088446	0.6001868	5.270956
23448	-1488.127	-1583.523	95.39638	0.7155196	0.6241085	4.695632
23454	-1481.486	-1576.954	95.46814	0.6213662	0.500183	4.813827
23460	-1480.967	-1577.196	96.22983	0.8382604	0.5415685	4.226178
23466	-1483.625	-1579.559	95.93365	0.7197425	0.4245716	4.572211
23472	-1475.794	-1571.179	95.38496	0.4972016	0.461695	4.965731
23478	-1483.74	-1579.064	95.32351	0.7300644	0.5529961	4.786855
23484	-1492.835	-1588.084	95.24892	0.6686417	0.4657471	4.942122
23490	-1493.485	-1588.248	94.76296	0.871436	0.6497228	4.942122
23496	-1484.232	-1579.049	94.81708	0.44037	0.5117816	5.265151
23502	-1477.122	-1571.495	94.37322	0.4777674	0.6278447	5.392652
23508	-1484.439	-1579.805	95.36611	0.5016662	0.6190036	4.83604
23514	-1490.146	-1585.379	95.23262	0.5803338	0.658434	4.83604
23520	-1498.004	-1593.766	95.76211	0.7939742	0.6089286	4.458445
23526	-1481.595	-1576.987	95.39176	0.4971957	0.4394909	4.98389
23532	-1482.336	-1578.18	95.84468	0.391014	0.4394909	4.790759
23538	-1486.984	-1581.856	94.87127	0.8554126	0.929012	4.703754
23544	-1478.602	-1574.152	95.54966	0.6277792	0.4707251	4.792502
23550	-1487.654	-1582.994	95.33985	0.7304383	0.6633806	4.688532
23556	-1474.812	-1570.288	95.47668	0.5574773	0.6904822	4.688532
23562	-1482.81	-1577.094	94.28461	0.5715863	0.6465689	5.37541
23568	-1483.428	-1578.414	94.98628	0.697374	0.6452658	4.918126
23574	-1484.09	-1579.046	94.95579	0.6978417	0.6992022	4.894593
23580	-1488.572	-1583.209	94.63676	0.3875227	0.5096277	5.395742
23586	-1485.751	-1579.98	94.22915	0.4132309	0.6222004	5.511878
23592	-1485.787	-1581.245	95.45827	0.5785781	0.7529121	4.642513
23598	-1489.645	-1584.421	94.77567	0.529076	0.449954	5.29709
23604	-1494.621	-1589.941	95.31934	0.6467168	0.5792659	4.813487
23610	-1481.735	-1575.807	94.07165	0.5695092	0.4760059	5.63728
23616	-1488.424	-1582.26	93.83615	0.6139333	0.4436448	5.773081
23622	-1489.253	-1582.625	93.37229	0.526761	0.639436	5.905985
23628	-1482.171	-1575.827	93.65658	0.4541549	0.6853998	5.756167
23634	-1487.725	-1583.264	95.5393	0.7526615	0.6547936	4.570814
23640	-1487.193	-1584.033	96.83924	1.003421	0.7999722	3.581471
23646	-1484.19	-1580.475	96.28504	0.7309459	0.495207	4.29805
23652	-1487.922	-1584.056	96.1336	0.7786057	0.9041843	4.04934
23658	-1485.898	-1581.643	95.74494	0.6790955	0.6196458	4.524119
23664	-1498.328	-1593.912	95.58385	0.6127262	0.493976	4.759802
23670	-1486.725	-1583.88	97.15475	0.8214743	0.5179724	3.728152
23676	-1483.107	-1579.835	96.7285	0.710107	0.5848448	3.977709
23682	-1482.395	-1578.146	95.75172	0.6195083	0.414659	4.740627
23688	-1477.489	-1572.866	95.37764	0.6025749	0.6611152	4.740627
23694	-1490.695	-1585.27	94.57508	0.5925574	0.6895501	5.171416
23700	-1482.252	-1579.416	97.16366	0.9720313	0.4539496	3.698453
23706	-1487.127	-1585.093	97.96666	1.011764	0.5055823	3.153417
23712	-1491.904	-1589.106	97.20175	1.145435	0.3960822	3.638025
23718	-1503.546	-1601.375	97.82917	1.223211	0.6670162	2.966095
23724	-1512.171	-1608.566	96.39467	1.073172	1.055981	3.64126
23730	-1495.231	-1589.819	94.58825	0.5068136	0.7083653	5.198012
23736	-1496.948	-1591.168	94.21981	0.6829211	0.78679	5.250545
23742	-1495.385	-1589.632	94.24667	0.530136	0.5514971	5.495416
23748	-1501.7	-1595.882	94.18206	0.5526038	0.5792854	5.495416
23754	-1494.234	-1589.109	94.87549	0.4727901	0.5073696	5.218929
23760	-1493.074	-1586.437	93.36355	0.7292326	0.5321521	5.886957
23766	-1495.374	-1591.22	95.84597	0.5541286	0.4572255	4.681177
23772	-1492.361	-1587.741	95.38046	0.4621668	0.5073696	4.944777
23778	-1489.095	-1583.171	94.07624	0.420049	0.5378565	5.661151
23784	-1487.484	-1582.625	95.14147	0.4142588	0.5378565	5.076979
23790	-1487.643	-1583.593	95.95013	0.6484547	0.497632	4.531138
23796	-1494.411	-1589.408	94.99712	0.6626209	0.689016	4.89862
23802	-1485.248	-1579.652	94.4039	0.5501026	0.6668481	5.30621
23808	-1472.865	-1566.463	93.59841	0.5999102	0.534024	5.827645
23814	-1484.117	-1581.229	97.11216	0.7301926	0.534024	3.790583
23820	-1477.458	-1571.841	94.38261	0.7049893	0.4600213	5.407047
23826	-1478.511	-1572.902	94.39091	0.6229511	0.4877746	5.421426
23832	-1491.789	-1588.187	96.398	0.862048	0.6199586	4.050614
23838	-1483.67	-1579.413	95.7434	0.7751948	0.728115	4.389056
23844	-1481.116	-1577.254	96.13876	0.8745238	0.5639442	4.237703
23850	-1488.042	-1583.484	95.44184	0.6787162	0.6234352	4.691319
23856	-1487.889	-1584.265	96.37645	0.9910029	0.5989663	4.006534
23862	-1488.723	-1585.707	96.98331	1.02537	0.7978621	3.486232
23868	-1493.269	-1589.205	95.93583	1.084423	0.6253337	4.182756
23874	-1503.97	-1598.462	94.49217	0.6882505	0.6229646	5.214591
23880	-1498.608	-1594.329	95.72019	0.7184006	0.6018005	4.530337
23886	-1485.248	-1580.446	95.19855	0.7059102	0.6018005	4.829363
23892	-1489.629	-1583.368	93.73956	0.535706	0.6374846	5.701627
23898	-1487.611	-1581.974	94.36209	0.4718504	0.6374846	5.39461
23904	-1491.853	-1586.536	94.68339	0.430091	0.385528	5.469042
23910	-1501.314	-1595.247	93.93278	0.3383195	0.5472579	5.776492
23916	-1509.794	-1604.416	94.62186	0.6811576	0.8236512	5.00478
23922	-1500.128	-1595.025	94.8973	0.6455809	0.5927585	5.037882
23928	-1498.875	-1593.149	94.27404	0.6130028	0.5098954	5.471074
23934	-1491.683	-1586.048	94.36447	0.6013727	0.5480475	5.394278
23940	-1489.703	-1584.27	94.56723	0.4112674	0.6283692	5.321931
23946	-1483.428	-1578.367	94.93838	0.5566656	0.5479102	5.101924
23952	-1484.637	-1580.276	95.63828	0.5810765	0.5682253	4.681187
23958	-1478.354	-1574.213	95.85876	0.7906629	0.5429412	4.46154
23964	-1477.935	-1573.017	95.08197	0.4726553	0.4635789	5.145655
23970	-1488.657	-1584.337	95.67965	0.4753448	0.5528521	4.730319
23976	-1494.551	-1588.015	93.46432	0.600997	0.5528521	5.884305
23982	-1493.891	-1588.489	94.59859	0.6280234	0.6903178	5.138199
23988	-1487.841	-1583.907	96.06594	0.6072086	0.4355158	4.549841
23994	-1485.709	-1581.205	95.49575	0.6768073	0.623064	4.662502
24000	-1481.668	-1577.458	95.7896	0.5411593	0.5182276	4.662502
24006	-1482.625	-1577.781	95.15574	0.6227303	0.5182276	4.970644
24012	-1480.641	-1576.957	96.31537	0.8183405	0.5182276	4.209976
24018	-1481.371	-1579.182	97.81072	0.9658045	0.5431607	3.237466
24024	-1484.454	-1581.456	97.00178	0.85152	0.6486007	3.686944
24030	-1487.35	-1582.474	95.12458	0.7746509	0.5300696	4.892911
24036	-1489.85	-1584.244	94.39424	0.6636457	0.6244687	5.281138
24042	-1489.072	-1582.851	93.77887	0.5143252	0.516582	5.790986
24048	-1486.992	-1582.788	95.79625	0.7518636	0.516582	4.542065
24054	-1486.287	-1582.154	95.86693	0.6454639	0.6315739	4.464942
24060	-1483.952	-1578.618	94.66613	0.5757771	0.6315739	5.173867
24066	-1487.168	-1582.056	94.8874	0.7074127	0.4081118	5.179271
24072	-1494.68	-1589.198	94.51783	0.5664474	0.5285248	5.345882
24078	-1496.506	-1591.971	95.46509	0.4731715	0.7481508	4.701013
24084	-1491.262	-1587.37	96.10765	0.6572799	0.8099339	4.193349
24090	-1500.502	-1594.866	94.36472	0.7320536	0.5368514	5.331724
24096	-1504.617	-1598.176	93.55893	0.7074756	0.5685353	5.761226
24102	-1492.83	-1588.919	96.08836	0.836801	0.6649934	4.205661
24108	-1496.457	-1592.325	95.86742	1.102423	0.7050802	4.150184
24114	-1487.486	-1584.969	97.48319	0.9667469	0.5797487	3.39691
24120	-1488.11	-1584.365	96.25509	0.8053706	0.5915143	4.187575
24126	-1498.915	-1592.784	93.86969	0.918553	0.675856	5.390977
24132	-1477.223	-1572.223	94.99982	0.6530703	0.596267	4.97392
24138	-1475.682	-1570.873	95.19072	0.5743111	0.6818348	4.845241
24144	-1476.209	-1571.881	95.67219	0.5989654	0.5347573	4.681114
24150	-1478.075	-1574.544	96.46915	0.7153591	0.7167392	4.019329
24156	-1476.015	-1570.647	94.6328	0.5415391	0.5398776	5.286285
24162	-1480.818	-1574.679	93.8608	0.4088295	0.5398776	5.783596
24168	-1481.79	-1574.294	92.504	0.4912214	0.7637257	6.310137
24174	-1477.471	-1571.21	93.73916	0.5053307	0.5964653	5.750516
24180	-1479.16	-1574.097	94.9363	0.52731	0.5860157	5.087372
24186	-1477.935	-1573.357	95.42263	0.6795648	0.5772265	4.739159
24192	-1485.213	-1580.623	95.40997	0.742451	0.5889623	4.701331
24198	-1490.286	-1586.51	96.22347	0.7780745	0.5889623	4.223137
24204	-1477.633	-1572.111	94.47799	0.6011422	0.6010364	5.287936
24210	-1478.726	-1573.539	94.81303	0.4314115	0.4664468	5.314385
24216	-1471.537	-1565.416	93.87908	0.513812	0.5896271	5.674691
24222	-1482.759	-1576.957	94.19795	0.4982218	0.4884383	5.595519
24228	-1483.528	-1576.862	93.33395	0.2631791	0.5964099	6.104072
24234	-1498.701	-1593.06	94.35908	0.5180465	0.7520003	5.288031
24240	-1495.586	-1590.006	94.4206	0.5569516	0.6738332	5.288031
24246	-1496.187	-1590.592	94.40497	0.699493	0.5836582	5.288031
24252	-1488.633	-1582.895	94.26181	0.6384953	0.733403	5.288031
24258	-1486.729	-1580.397	93.66873	0.9066126	0.8610489	5.383878
24264	-1495.037	-1591.923	96.88602	1.080383	0.6884828	3.590278
24270	-1496.138	-1593.202	97.06354	1.043347	0.4056443	3.766298
24276	-1486.144	-1581.82	95.67597	0.8607714	0.4738876	4.588366
24282	-1483.123	-1578.853	95.72944	0.8384622	0.5809801	4.474807
24288	-1474.224	-1570.115	95.89063	0.6744458	0.5865965	4.471714
24294	-1472.292	-1567.416	95.12353	0.6317644	0.5751021	4.934383
24300	-1481.287	-1576.02	94.73293	0.7501245	0.6774791	5.005384
24306	-1499.275	-1597.183	97.90801	0.926002	0.4509568	3.294044
24312	-1496.131	-1592.835	96.70466	0.8350609	0.5690957	3.933311
24318	-1493.306	-1589.915	96.60897	0.8688813	0.6111465	3.933311
24324	-1485.451	-1578.65	93.19883	0.5713451	0.6079048	6.000671
24330	-1487.339	-1582.494	95.15548	0.5949658	0.6648866	4.866014
24336	-1483.866	-1577.837	93.97082	0.6796824	0.7321366	5.42667
24342	-1491.009	-1585.269	94.26016	0.6569911	0.6018643	5.376648
24348	-1482.115	-1575.862	93.74763	0.3435637	0.543332	5.87823
24354	-1478.408	-1573.445	95.03721	0.6765813	0.6069348	4.93144
24360	-1477.662	-1571.796	94.13444	0.6610405	0.5946679	5.449451
24366	-1478.197	-1570.898	92.70156	0.4462097	0.4954002	6.433686
24372	-1477.145	-1571.981	94.83599	0.6922943	0.4954002	5.130233
24378	-1478.168	-1570.955	92.78752	0.6082091	0.6129601	6.200656
24384	-1475.752	-1570.471	94.71813	0.5165239	0.4881452	5.299331
24390	-1484.023	-1578.772	94.74916	0.6013374	0.4383226	5.283352
24396	-1480.978	-1575.028	94.05	0.6638372	0.6602889	5.443504
24402	-1471.907	-1566.838	94.93041	0.5924194	0.4512039	5.175307
24408	-1474.964	-1569.77	94.80536	0.7174698	0.4512039	5.175307
24414	-1474.333	-1569.457	95.12394	0.3988931	0.4512039	5.175307
24420	-1481.964	-1574.98	93.01591	0.6613041	0.4389323	6.199384
24426	-1477.857	-1574.179	96.32233	0.9384621	0.4389323	4.214657
24432	-1476.889	-1572.934	96.0451	0.5824653	0.69439	4.352023
24438	-1480.32	-1575.701	95.38072	0.654588	0.4763418	4.866398
24444	-1488.381	-1583.234	94.85336	0.5201003	0.6812731	5.063419
24450	-1485.945	-1580.368	94.42229	0.5201003	0.594762	5.368433
24456	-1473.465	-1569.111	95.64675	0.5866908	0.594762	4.651203
24462	-1484.071	-1578.286	94.21435	0.4244489	0.5884761	5.540633
24468	-1484.904	-1580.141	95.23697	0.5619767	0.5386987	4.941148
24474	-1492.635	-1589.513	96.87858	1.046452	0.6232959	3.665855
24480	-1487.772	-1581.52	93.74818	0.6361341	0.7944458	5.531231
24486	-1478.203	-1574.154	95.95071	0.7548384	0.6465725	4.344239
24492	-1486.758	-1582.982	96.22383	0.8193173	0.5149097	4.264358
24498	-1485.263	-1581.614	96.3519	0.6768802	0.5238305	4.264358
24504	-1477.876	-1572.77	94.89426	0.5888229	0.6686134	5.011958
24510	-1475.064	-1570.271	95.20684	0.5630338	0.5539699	4.944118
24516	-1476.096	-1571.211	95.11464	0.5560252	0.6211636	4.944118
24522	-1486.076	-1582.413	96.33747	0.6565727	0.7352296	4.114555
24528	-1482.975	-1579.448	96.47316	0.8269308	0.519179	4.114555
24534	-1495.285	-1590.08	94.79532	0.5009959	0.69558	5.095754
24540	-1492.903	-1588.01	95.10744	0.7414109	0.4898283	4.957475
24546	-1484.066	-1580.682	96.61635	0.7517393	0.4919618	4.101273
24552	-1485.593	-1582.721	97.12804	0.8614677	0.4787413	3.758018
24558	-1477.94	-1573.636	95.69603	0.5398795	0.5377838	4.698173
24564	-1471.873	-1567.562	95.68968	0.7508097	0.5377838	4.58353
24570	-1472.171	-1567.391	95.22033	0.8072877	0.5823489	4.776564
24576	-1479.605	-1572.379	92.77436	0.6151812	0.6863199	6.149178
24582	-1477.531	-1570.782	93.25067	0.5710996	0.611266	5.969886
24588	-1477.775	-1571.286	93.51124	0.5955472	0.6343642	5.796275
24594	-1481.801	-1578.389	96.5881	0.7844107	0.6222789	3.984509
24600	-1485.194	-1579.213	94.01949	0.628283	0.4556012	5.653096
24606	-1490.818	-1582.958	92.14029	0.5688149	0.4618605	6.702043
24612	-1485.936	-1580.567	94.63072	0.746198	0.4446471	5.262461
24618	-1487.746	-1582.477	94.73123	0.6530979	0.4405288	5.262461
24624	-1481.353	-1576.003	94.64949	0.5424308	0.7179239	5.137605
24630	-1488.802	-1584.521	95.71892	0.4379667	0.5660863	4.717951
24636	-1485.541	-1578.836	93.29525	0.5865765	0.5843472	5.958525
24642	-1481.694	-1574.769	93.07578	0.5207395	0.5923051	6.107677
24648	-1474.279	-1569.422	95.14282	0.6876771	0.5497426	4.914013
24654	-1475.646	-1570.535	94.8892	0.8354688	0.5777375	4.949225
24660	-1482.559	-1577.001	94.44175	0.8255451	0.5119713	5.259542
24666	-1475.477	-1570.362	94.88494	0.485509	0.4512374	5.259542
24672	-1478.294	-1575.703	97.40934	0.7727425	0.4512374	3.674393
24678	-1486.115	-1582.876	96.76033	0.7003268	0.5899411	3.96079
24684	-1483.444	-1579.455	96.01101	0.729246	0.5899411	4.370174
24690	-1485.332	-1580.769	95.43707	0.7092925	0.5899411	4.703914
24696	-1489.082	-1585.056	95.97441	0.6758441	0.3318607	4.678253
24702	-1483.055	-1579.114	96.05977	0.8695961	0.6247493	4.234795
24708	-1492.34	-1588.342	96.00193	0.7601834	0.536326	4.403874
24714	-1487.509	-1583.273	95.76397	0.7930862	0.4844575	4.566857
24720	-1492.389	-1585.077	92.68794	0.5197307	0.4780145	6.417095
24726	-1481.912	-1577.325	95.41287	0.7035298	0.5543552	4.750597
24732	-1490.157	-1584.957	94.7998	0.6478157	0.6536735	5.042896
24738	-1486.571	-1581.536	94.96539	0.6739078	0.7390018	4.874287
24744	-1482.322	-1577.088	94.76565	0.6739078	0.9117929	4.874287
24750	-1479.832	-1575.009	95.17776	0.7478167	0.7179198	4.729381
24756	-1484.714	-1579.435	94.72093	0.5459624	0.5741748	5.206079
24762	-1487.246	-1582.277	95.0309	0.4412426	0.5332776	5.127309
24768	-1478.413	-1573.245	94.83205	0.6400933	0.5332776	5.127309
24774	-1486.719	-1581.479	94.76025	0.7177048	0.5296086	5.127309
24780	-1480.727	-1574.581	93.85389	0.4598295	0.6993471	5.63488
24786	-1487.869	-1582.027	94.15832	0.8417955	0.8271732	5.170485
24792	-1478.366	-1573.883	95.51761	0.7494819	0.5164807	4.699719
24798	-1480.149	-1574.869	94.72008	0.5811573	0.7299239	5.068563
24804	-1479.77	-1574.085	94.31536	0.5524121	0.4429129	5.544715
24810	-1470.029	-1566.179	96.14961	0.774745	0.788234	4.117301
24816	-1479.442	-1576.673	97.2305	0.9113757	0.6461387	3.521378
24822	-1476.364	-1572.492	96.12758	0.9113757	0.6451702	4.156404
24828	-1477.143	-1575.135	97.9921	0.9888978	0.540927	3.118205
24834	-1477.666	-1574.727	97.0612	0.970628	0.5926806	3.629524
24840	-1486.699	-1581.973	95.27342	0.5469636	0.5415712	4.926714
24846	-1491.461	-1586.143	94.68223	0.4973005	0.5259012	5.295622
24852	-1495.257	-1590.887	95.63001	0.7994405	0.6269022	4.515304
24858	-1481.977	-1576.949	94.9717	0.6983256	0.7814188	4.828183
24864	-1484.195	-1580.243	96.04836	0.7287247	0.7520149	4.225942
24870	-1491.15	-1586.441	95.29065	0.5406117	0.6617083	4.823352
24876	-1492.83	-1587.996	95.16661	0.5459831	0.4573298	5.064156
24882	-1490.537	-1586.831	96.29418	0.7289918	0.5303908	4.261617
24888	-1490.946	-1586.115	95.1695	0.6238739	0.507428	4.972111
24894	-1477.667	-1573.152	95.48415	0.751114	0.6877475	4.577828
24900	-1477.602	-1572.07	94.46765	0.5434398	0.4160028	5.493094
24906	-1485.686	-1579.701	94.01495	0.5878207	0.6758569	5.493094
24912	-1484.537	-1578.943	94.40552	0.5698554	0.5434205	5.392993
24918	-1494.321	-1588.711	94.39077	0.5703626	0.5526033	5.392993
24924	-1485.95	-1580.541	94.59106	0.494459	0.5526033	5.3244
24930	-1494.951	-1592.267	97.31533	0.804736	0.5700412	3.597855
24936	-1499.548	-1596.962	97.41359	1.041413	0.7640601	3.247981
24942	-1492.661	-1587.719	95.05795	0.3903503	0.5147831	5.156903
24948	-1492.229	-1585.964	93.7342	0.2845532	0.6438852	5.837189
24954	-1486.952	-1580.461	93.5088	0.5505585	0.5312902	5.905965
24960	-1487.274	-1580.331	93.05725	0.5927593	0.5312902	6.12919
24966	-1486.68	-1581.313	94.6337	0.794871	0.8121832	4.942389
24972	-1473.315	-1567.281	93.96558	0.5968818	0.5196155	5.640763
24978	-1479.812	-1574.04	94.22786	0.535375	0.4049375	5.640763
24984	-1494.517	-1590.427	95.90941	0.758156	0.6139488	4.391542
24990	-1490.297	-1585.013	94.71618	0.3358731	0.6142048	5.292413
24996	-1492.514	-1587.874	95.35957	0.6237192	0.5246361	4.850894
25002	-1486.723	-1581.985	95.26162	0.7305023	0.6941757	4.709337
25008	-1474.738	-1568.617	93.87941	0.5512263	0.6941757	5.574402
25014	-1486.506	-1580.616	94.10923	0.6039282	0.6309605	5.466148
25020	-1484.523	-1580.961	96.43791	0.8977268	0.448848	4.162055
25026	-1487.563	-1583.801	96.23809	0.9698319	0.7666377	3.970366
25032	-1497.885	-1592.923	95.03735	0.5162096	0.4368741	5.172534
25038	-1475.337	-1570.084	94.7464	0.547299	0.5970349	5.172534
25044	-1482.55	-1576.895	94.34474	0.6574584	0.7409542	5.226502
25050	-1481.507	-1575.939	94.43218	0.5209678	0.7293518	5.26166
25056	-1477.911	-1572.588	94.67651	0.7044016	0.7258311	5.02722
25062	-1485.57	-1578.999	93.42922	0.7374423	0.6027819	5.788094
25068	-1486.679	-1580.047	93.3676	0.5707395	0.6288543	5.8926
25074	-1486.778	-1581.55	94.77173	0.7429072	0.6956055	4.974539
25080	-1490.557	-1587.006	96.44891	0.7059768	0.8911174	3.918684
25086	-1488.125	-1586.11	97.9856	1.00617	0.5949049	3.063084
25092	-1491.435	-1587.927	96.49149	0.9175493	0.5258846	4.046352
25098	-1490.761	-1586.171	95.40983	0.7912317	0.4762539	4.774013
25104	-1484.201	-1579.91	95.70898	0.8098266	0.6485487	4.448059
25110	-1491.704	-1589.315	97.61075	0.994862	0.5279873	3.352306
25116	-1497.05	-1592.033	94.98395	0.8790637	0.4914049	4.948134
25122	-1488.823	-1583.619	94.79666	0.5936218	0.4537606	5.246108
25128	-1483.902	-1579.513	95.61136	0.8602622	0.39864	4.701558
25134	-1488.667	-1584.395	95.72803	0.6492537	0.44954	4.701558
25140	-1486.296	-1581.963	95.66638	0.6540937	0.4822465	4.701558
25146	-1493.419	-1588.785	95.36636	0.7301039	0.4682554	4.840059
25152	-1494.79	-1591.578	96.78784	0.8399407	0.4046912	4.042102
25158	-1483.453	-1579.482	96.02878	0.7765638	0.5134522	4.40011
25164	-1500.79	-1596.587	95.79654	0.6264608	0.5127794	4.61575
25170	-1493.294	-1590.849	97.55472	1.009687	0.6569237	3.264913
25176	-1501.595	-1599.142	97.54668	0.9467291	0.420769	3.525786
25182	-1493.95	-1588.306	94.35545	0.4427304	0.517203	5.513432
25188	-1488.458	-1583.966	95.50799	0.7326029	0.4829541	4.745553
25194	-1481.169	-1577.315	96.14565	0.5676425	0.4829541	4.480462
25200	-1481.253	-1575.73	94.47668	0.6133064	0.6437947	5.248483
25206	-1484.022	-1578.85	94.82778	0.7278207	0.5698598	5.049722
25212	-1483.2	-1578.054	94.85394	0.7016572	0.5698598	5.049722
25218	-1486.308	-1580.964	94.65677	0.4239413	0.6616555	5.240099
25224	-1484.222	-1580.527	96.30486	0.7378677	0.5560593	4.227833
25230	-1481.308	-1576.716	95.40789	0.723412	0.6337871	4.677156
25236	-1483.588	-1579.305	95.71635	0.7427853	0.4283956	4.677156
25242	-1485.284	-1579.962	94.67844	0.5189328	0.5270486	5.284761
25248	-1477.57	-1572.194	94.62375	0.573626	0.5270486	5.284761
25254	-1482.149	-1576.312	94.16252	0.5883236	0.6156496	5.45733
25260	-1491.915	-1586.602	94.68775	0.4986667	0.5620536	5.260693
25266	-1489.464	-1583.336	93.87276	0.3753493	0.5704941	5.769627
25272	-1505.179	-1599.656	94.47702	0.6530268	0.6594462	5.214478
25278	-1500.422	-1595.937	95.5145	0.8894148	0.5065979	4.632104
25284	-1488.413	-1581.05	92.63666	0.5774037	0.5609502	6.341108
25290	-1485.989	-1579.854	93.86464	0.5143121	0.754228	5.560903
25296	-1493.085	-1587.091	94.0063	0.6133808	0.5765073	5.560903
25302	-1491.37	-1584.865	93.49462	0.4632803	0.5765073	5.923364
25308	-1482.156	-1574.656	92.49998	0.4341793	0.5749201	6.481443
25314	-1490.693	-1585.03	94.33659	0.5761362	0.4791121	5.485169
25320	-1494.787	-1588.442	93.65471	0.524007	0.5738636	5.804829
25326	-1486.386	-1580.94	94.55447	0.8435196	0.7042633	5.033081
25332	-1480.911	-1575.021	94.11092	0.5588594	0.5248323	5.57726
25338	-1498.998	-1591.482	92.48409	0.6728776	0.7487904	6.232241
25344	-1487.374	-1582.421	95.04727	0.5567445	0.5846348	5.010584
25350	-1478.948	-1573.143	94.19492	0.7218149	0.6948201	5.30628
25356	-1480.537	-1575.778	95.24091	0.8539254	0.5242486	4.789014
25362	-1493.195	-1585.759	92.56358	0.507044	0.5270719	6.447552
25368	-1486.598	-1580.259	93.66097	0.5626968	0.5598825	5.791817
25374	-1479.686	-1574.274	94.58743	0.4828973	0.6192135	5.27838
25380	-1480.244	-1574.736	94.49223	0.5500984	0.6391387	5.27838
25386	-1492.219	-1585.862	93.64277	0.4857556	0.6391387	5.780733
25392	-1497.413	-1591.526	94.11326	0.5440848	0.5057222	5.601081
25398	-1494.442	-1589.431	94.98805	0.7440879	0.8036119	4.778798
25404	-1484.75	-1578.674	93.92423	0.685924	0.5507565	5.587635
25410	-1487.481	-1582.427	94.94575	0.7297276	0.534606	5.013357
25416	-1500.337	-1595.179	94.84185	0.6669378	0.534606	5.10584
25422	-1474.327	-1568.865	94.5382	0.6547558	0.534606	5.28058
25428	-1487.046	-1581.937	94.89149	0.6467583	0.588711	5.043757
25434	-1494.036	-1588.479	94.44271	0.6170247	0.6449107	5.264344
25440	-1494.587	-1588.869	94.28243	0.7773117	0.6449107	5.264344
25446	-1490.955	-1585.222	94.26663	0.6458891	0.6449107	5.345613
25452	-1486.367	-1581.14	94.77285	0.592569	0.5351538	5.184762
25458	-1483.435	-1578.375	94.93955	0.6147322	0.602206	5.023903
25464	-1484.12	-1579.391	95.27031	0.7937354	1.007794	4.469126
25470	-1485.121	-1580.49	95.36856	0.7033659	0.7204523	4.645665
25476	-1490.651	-1582.558	91.90679	0.6232886	0.6807121	6.619469
25482	-1478.984	-1575.602	96.61819	0.7697898	0.596595	3.996777
25488	-1481.963	-1579.554	97.59107	0.8287149	0.6155309	3.383994
25494	-1480.567	-1576.205	95.63771	0.913095	0.6116498	4.459216
25500	-1482.721	-1577.046	94.32516	0.773226	0.8029321	5.131698
25506	-1486.872	-1581.403	94.53109	0.5782523	0.4092808	5.446005
25512	-1493.938	-1589.379	95.44049	0.7557444	0.6924344	4.596275
25518	-1486.957	-1583.865	96.90744	0.7736567	0.5098324	3.905563
25524	-1498.219	-1595.354	97.13513	0.9520137	0.7155683	3.499518
25530	-1492.52	-1589.618	97.09846	0.9520137	0.3903937	3.81578
25536	-1483.927	-1580.963	97.03592	1.000436	0.6691878	3.564542
25542	-1477.194	-1573.056	95.86226	0.7415142	0.5077209	4.518883
25548	-1483.166	-1577.955	94.78904	0.6148966	0.4625611	5.230015
25554	-1475.01	-1569.766	94.75592	0.4650053	0.5702264	5.234779
25560	-1475.936	-1570.757	94.82113	0.606917	0.4440719	5.234779
25566	-1466.763	-1562.231	95.46752	0.6009147	0.6406836	4.706962
25572	-1486.026	-1580.026	94.00043	0.6091948	0.6021914	5.545645
25578	-1487.21	-1582.035	94.82424	0.4074616	0.5418233	5.252914
25584	-1491.428	-1586.838	95.40996	0.5712808	0.5418233	4.83689
25590	-1493.528	-1586.249	92.72083	0.684354	0.648536	6.168364
25596	-1485.686	-1581.291	95.60519	0.7522604	0.3795764	4.786291
25602	-1488.132	-1583.116	94.98454	0.7153145	0.5585876	4.979114
25608	-1496.923	-1592.587	95.66467	0.6542169	0.4363797	4.747439
25614	-1497.338	-1592.808	95.46984	0.7833621	0.5302287	4.695168
25620	-1497.897	-1593.76	95.86341	0.8376894	0.6422966	4.35009
25626	-1482.106	-1577.376	95.26944	0.6563408	0.6110949	4.809989
25632	-1487.532	-1583.733	96.20144	0.7898358	0.5929289	4.225653
25638	-1484.125	-1580.346	96.22095	0.6379846	0.6816954	4.230549
25644	-1474.946	-1569.632	94.68624	0.4905972	0.5705786	5.258853
25650	-1486.216	-1582.489	96.27316	0.8281833	0.6669509	4.104016
25656	-1485.94	-1581.716	95.77614	0.8434457	0.7508772	4.31593
25662	-1488.043	-1584.38	96.3376	0.8685234	0.415088	4.270563
25668	-1486.47	-1582.86	96.39027	0.8780178	0.6791591	3.999468
25674	-1478.974	-1575.904	96.92959	0.9977487	0.5585247	3.719605
25680	-1488.192	-1584.314	96.12141	0.913267	0.5585247	4.230257
25686	-1481.588	-1577.457	95.86859	0.6931561	0.4935403	4.555661
25692	-1477.913	-1574.306	96.39321	0.8815366	0.5436253	4.106936
25698	-1482.158	-1578.798	96.64008	0.8815366	0.4007333	4.106936
25704	-1477.016	-1574.137	97.12075	0.776439	0.3961899	3.897349
25710	-1494.672	-1590.21	95.53817	0.7417729	0.6688204	4.566889
25716	-1498.67	-1593.992	95.32258	0.9012852	0.7114752	4.566889
25722	-1482.735	-1578.486	95.75097	0.7005447	0.7683262	4.398776
25728	-1484.892	-1581.1	96.20794	0.7288334	0.559113	4.285211
25734	-1494.901	-1590.183	95.28273	0.8084488	0.3612749	4.955359
25740	-1478.806	-1573.71	94.9036	0.6881918	0.6553002	4.961569
25746	-1476.559	-1571.629	95.07006	0.5321489	0.647698	4.961569
25752	-1482.136	-1575.825	93.68859	0.6087215	0.7194957	5.629634
25758	-1482.045	-1577.42	95.37456	0.9111783	1.047371	4.322176
25764	-1489.142	-1584.984	95.84237	0.6108638	0.5275558	4.585456
25770	-1490.576	-1584.999	94.42345	0.5554053	0.6157145	5.331624
25776	-1479.693	-1574.2	94.5068	0.6260936	0.5174798	5.328824
25782	-1478.057	-1572.246	94.18899	0.5818446	0.541943	5.50686
25788	-1473.34	-1567.638	94.29821	0.4684903	0.6377137	5.431477
25794	-1481.173	-1575.146	93.97306	0.6907572	0.7147824	5.431477
25800	-1473.477	-1567.702	94.22512	0.4387027	0.7147824	5.431477
25806	-1477.415	-1572.589	95.17434	0.4499252	0.6243396	4.967419
25812	-1481.806	-1576.048	94.24178	0.4690244	0.6243396	5.47257
25818	-1492.712	-1586.64	93.92816	0.4880543	0.6113234	5.64461
25824	-1488.653	-1582.557	93.90443	0.5117881	0.6113234	5.64461
25830	-1480.757	-1575.581	94.82466	0.5151719	0.6113234	5.135546
25836	-1480.709	-1575.832	95.12271	0.8252319	0.5467777	4.851153
25842	-1483.825	-1578.319	94.49394	0.5086045	0.6405627	5.299256
25848	-1487.463	-1582.788	95.32562	0.614137	0.5978248	4.812895
25854	-1491.944	-1587.286	95.34148	0.598284	0.5978248	4.812895
25860	-1492.311	-1587.242	94.93085	0.5458621	0.7495505	4.957476
25866	-1484.996	-1579.891	94.89509	0.5816265	0.7495505	4.957476
25872	-1489.186	-1584.08	94.89467	0.6575856	0.7768078	4.896908
25878	-1485.952	-1582.568	96.61557	0.785306	0.6503074	3.945924
25884	-1487.093	-1582.839	95.74619	0.7236187	0.5418215	4.563517
25890	-1487.197	-1581.274	94.07723	0.5769352	0.5072673	5.601433
25896	-1484.966	-1578.679	93.71269	0.5362483	0.8008607	5.601433
25902	-1502.065	-1594.947	92.88193	0.5492945	0.7419323	6.087635
25908	-1497.894	-1592.446	94.55186	0.5701552	0.6510849	5.22523
25914	-1490.913	-1586.244	95.33082	0.6672597	0.5374146	4.831352
25920	-1490.614	-1586.267	95.65351	0.7432152	0.7753832	4.424849
25926	-1488.507	-1584.368	95.86084	0.9083437	0.5087146	4.424849
25932	-1486.912	-1582.649	95.737	0.7457281	0.7065219	4.424849
25938	-1490.398	-1584.622	94.22441	0.7646176	0.783972	5.204694
25944	-1495.033	-1591.451	96.41788	0.7790283	0.8098167	3.947177
25950	-1492.191	-1587.216	95.02429	0.6816325	0.8238113	4.78029
25956	-1494.742	-1590.074	95.33122	0.69177	0.5809744	4.78029
25962	-1490.547	-1585.803	95.25554	0.692344	0.6330445	4.78029
25968	-1493.871	-1589.304	95.43315	0.5487917	0.4207533	4.95131
25974	-1481.267	-1576.109	94.84205	0.6948506	0.6536313	4.993347
25980	-1494.758	-1589.772	95.01402	0.6589278	0.5594367	4.993347
25986	-1493.885	-1586.613	92.72762	0.6719035	0.5594367	6.241624
25992	-1491.072	-1585.047	93.975	0.6047175	0.5917652	5.570437
25998	-1486.417	-1579.377	92.95983	0.6788444	0.6517185	6.038819
26004	-1493.801	-1587.756	93.95497	0.506238	0.4484027	5.76233
26010	-1492.414	-1586.778	94.36478	0.4879753	0.704279	5.334797
26016	-1485.167	-1580.555	95.38842	0.6086057	0.4503608	4.912943
26022	-1482.812	-1577.155	94.34267	0.5403453	0.4201633	5.559225
26028	-1487.246	-1580.354	93.10807	0.4611524	0.8208963	5.960661
26034	-1487.06	-1583.278	96.21723	0.9617498	0.4884713	4.212082
26040	-1487.878	-1584.973	97.09502	1.002297	0.5784888	3.603705
26046	-1492.592	-1589.822	97.23087	1.002297	0.6758899	3.444522
26052	-1491.165	-1588.348	97.18252	0.893984	0.5305883	3.658493
26058	-1487.421	-1583.038	95.61721	0.7342262	0.4500885	4.715467
26064	-1477.68	-1571.806	94.12559	0.5348206	0.545873	5.564189
26070	-1498.957	-1593.975	95.01774	0.680148	0.5457621	4.9912
26076	-1492.417	-1588.323	95.90561	0.8236677	0.603214	4.365433
26082	-1500.577	-1595.882	95.30414	0.5283026	0.4041338	5.05179
26088	-1490.971	-1585.824	94.85315	0.6180312	0.530614	5.130179
26094	-1489.522	-1583.84	94.31787	0.3303756	0.6275136	5.504524
26100	-1477.682	-1571.825	94.14254	0.5098266	0.6245925	5.504524
26106	-1480.698	-1575.876	95.17743	0.5746271	0.6245925	4.896115
26112	-1490.048	-1586.201	96.15278	0.7633469	0.6379702	4.231794
26118	-1500.14	-1596.098	95.95773	0.7588441	0.572012	4.398592
26124	-1494.722	-1590.338	95.61613	0.6635082	0.6454838	4.584908
26130	-1491.762	-1585.782	94.02028	0.4796159	0.6454838	5.572297
26136	-1489.903	-1584.083	94.17998	0.5282907	0.5066276	5.572297
26142	-1497.25	-1592.254	95.00427	0.4808785	0.616433	5.050924
26148	-1484.401	-1580.181	95.7804	0.6970493	0.6344507	4.482347
26154	-1482.93	-1579.229	96.29844	0.6679134	0.4942122	4.327057
26160	-1478.958	-1575.308	96.35076	0.8308467	0.5194956	4.181628
26166	-1486.092	-1581.72	95.62822	0.769858	0.5194956	4.623631
26172	-1495.366	-1591.27	95.90344	0.6542662	0.4267533	4.623631
26178	-1490.477	-1585.739	95.26213	0.5174424	0.4267533	5.057546
26184	-1485.451	-1580.539	95.08826	0.6099137	0.4008646	5.129717
26190	-1487.699	-1581.677	93.97833	0.8033408	0.7070351	5.372031
26196	-1491.211	-1586.333	95.12277	0.66587	0.6734867	4.838275
26202	-1483.627	-1577.39	93.76347	0.3462821	0.6048357	5.817608
26208	-1484.859	-1578.903	94.04381	0.5944243	0.5966854	5.534325
26214	-1489.15	-1584.821	95.67041	0.436683	0.4341479	4.867897
26220	-1490.504	-1585.868	95.36447	0.6400064	0.7842046	4.639337
26226	-1484.973	-1580.508	95.5354	0.6400064	0.6506966	4.639337
26232	-1487.638	-1581.477	93.8396	0.5795397	0.7706255	5.527798
26238	-1494.143	-1588.399	94.2564	0.4885187	0.5341971	5.527798
26244	-1488.036	-1582.27	94.23412	0.3591461	0.6365434	5.527798
26250	-1486.194	-1579.825	93.63123	0.4012853	0.6365434	5.835235
26256	-1492.112	-1586.19	94.07764	0.3745043	0.6365434	5.605323
26262	-1478.93	-1573.379	94.44886	0.6177405	0.503528	5.377927
26268	-1475.434	-1569.361	93.92765	0.5147076	0.6354256	5.611553
26274	-1484.391	-1580.267	95.87508	0.5147318	0.606542	4.553889
26280	-1486.339	-1581.856	95.51739	0.697321	0.5216863	4.724327
26286	-1481.694	-1574.722	93.02809	0.6721503	0.6693642	5.992187
26292	-1485.162	-1578.369	93.20734	0.4671144	0.6887555	5.992187
26298	-1482.786	-1577.015	94.22851	0.4877454	0.5173129	5.558364
26304	-1484.036	-1578.777	94.74115	0.5711256	0.5173129	5.229897
26310	-1481.178	-1575.766	94.58832	0.450554	0.7072336	5.229897
26316	-1486.151	-1579.902	93.75093	0.5604343	0.6822919	5.648465
26322	-1488.553	-1583.983	95.43058	0.4601358	0.602538	4.836433
26328	-1493.455	-1586.353	92.89824	0.685563	0.6638226	6.059751
26334	-1492.567	-1589.548	96.98058	0.694537	0.649661	3.788949
26340	-1486.172	-1581.008	94.83591	0.4497423	0.5268601	5.23615
26346	-1493.862	-1588.31	94.44838	0.5484993	0.5268601	5.395531
26352	-1487.95	-1582.247	94.29664	0.6109034	0.5850403	5.395531
26358	-1480.467	-1574.609	94.14172	0.707232	0.6728253	5.359742
26364	-1484.631	-1578.901	94.27037	0.578582	0.6728253	5.359742
26370	-1500.205	-1596.465	96.25948	0.8109902	0.8418073	3.998402
26376	-1504.356	-1600.503	96.14702	0.9920526	0.4581935	4.264191
26382	-1481.719	-1577.415	95.69602	0.885697	0.4638156	4.572899
26388	-1484.872	-1581.186	96.31311	1.034751	0.477522	4.126672
26394	-1476.187	-1570.185	93.99889	0.6449694	0.6146306	5.516986
26400	-1480.71	-1576.362	95.65208	0.5439863	0.5397193	4.718761
26406	-1490.761	-1586.551	95.78976	0.5988173	0.5067289	4.640581
26412	-1488.793	-1583.09	94.29677	0.299234	0.5741085	5.575882
26418	-1487.003	-1579.673	92.66944	0.4240976	0.5741085	6.395703
26424	-1490.797	-1587.164	96.36727	0.7435698	0.7456998	4.040541
26430	-1483.487	-1578.811	95.32373	0.7317847	0.6541336	4.703831
26436	-1479.137	-1574.685	95.54766	0.7317847	0.6541336	4.578351
26442	-1487.318	-1580.806	93.48779	0.6249009	0.6541336	5.778094
26448	-1485.784	-1580.449	94.66535	0.5381401	0.5068037	5.299439
26454	-1486.391	-1581.238	94.84706	0.4952148	0.5378275	5.195242
26460	-1479.396	-1576.349	96.95327	0.7180481	0.530806	3.891827
26466	-1476.564	-1572.541	95.97749	0.7180481	0.530806	4.446316
26472	-1488.655	-1584.728	96.07271	0.8657559	0.5198103	4.319124
26478	-1498	-1594.631	96.63047	1.064198	0.7526659	3.70034
26484	-1488.168	-1584.338	96.16983	0.7723193	0.5174572	4.319184
26490	-1504.173	-1598.939	94.76604	0.6277649	0.4769387	5.221889
26496	-1491.953	-1587.921	95.96827	0.7764279	0.4769387	4.468544
26502	-1487.935	-1582.252	94.31763	0.7611278	0.7432894	5.182541
26508	-1482.571	-1578.031	95.45974	0.7447215	0.6152426	4.650858
26514	-1486.45	-1580.227	93.77681	0.7772683	0.5810562	5.593206
26520	-1482.218	-1580.734	98.51601	1.107129	0.6390376	2.642001
26526	-1491.944	-1585.84	93.89641	0.7802214	0.6390376	5.480041
26532	-1487.982	-1583.785	95.80303	0.7425601	0.3999345	4.658751
26538	-1498.327	-1593.684	95.35669	0.7425601	0.4275031	4.87905
26544	-1495.376	-1589.747	94.37064	0.5598305	0.6589319	5.325113
26550	-1485.814	-1581.593	95.77918	0.7344723	0.5370318	4.543111
26556	-1486.056	-1582.72	96.66397	0.6920108	0.4240806	4.176058
26562	-1479.015	-1574.516	95.50181	0.7577256	0.5571931	4.66809
26568	-1490.653	-1586.159	95.5061	0.6883793	0.5197783	4.737352
26574	-1486.658	-1582.106	95.44796	0.5458201	0.7059573	4.699833
26580	-1486.152	-1581.839	95.68672	0.7573124	0.3505415	4.771179
26586	-1487.445	-1583.335	95.89063	0.8076427	0.444285	4.526822
26592	-1487.686	-1582.889	95.20348	0.5995074	0.444285	5.026852
26598	-1485.16	-1579.084	93.92349	0.5807777	0.6093759	5.597819
26604	-1484.434	-1580.341	95.90738	0.6640952	0.6215705	4.439603
26610	-1492.235	-1587.046	94.81105	0.639302	0.498347	5.170677
26616	-1477.225	-1570.324	93.09824	0.6838104	0.5637624	6.029801
26622	-1484.21	-1577.875	93.66489	0.6671583	0.6092174	5.692423
26628	-1481.71	-1576.491	94.78088	0.6752777	0.6314221	5.055253
26634	-1496.699	-1590.497	93.79821	0.5666171	0.615466	5.66954
26640	-1488.35	-1582.483	94.13221	0.9141202	0.5465562	5.35118
26646	-1485.681	-1580.43	94.74858	0.6582835	0.6083969	5.100731
26652	-1486.141	-1580.463	94.32219	0.3751147	0.675209	5.441542
26658	-1490.676	-1585.385	94.70909	0.2819574	0.479672	5.441542
26664	-1486.604	-1581.009	94.40527	0.5049748	0.4561822	5.508385
26670	-1472.634	-1567.685	95.0512	0.5528232	0.4426274	5.138835
26676	-1479.963	-1574.916	94.95297	0.6510537	0.4426274	5.138835
26682	-1478.36	-1574.769	96.40864	0.7317537	0.4933175	4.229365
26688	-1479.611	-1574.87	95.25934	0.7807614	0.4513158	4.888017
26694	-1485.935	-1579.667	93.73219	0.749751	0.7003262	5.5418
26700	-1490.111	-1585.358	95.24627	0.4243008	0.6898291	4.891991
26706	-1481.111	-1575.877	94.76659	0.4870773	0.4091403	5.366633
26712	-1483.961	-1578.472	94.51036	0.6092638	0.3987607	5.451435
26718	-1478.331	-1572.863	94.53244	0.6780101	0.6118121	5.206769
26724	-1479.524	-1573.787	94.26324	0.4840273	0.5419978	5.519774
26730	-1475.477	-1569.688	94.21096	0.5464058	0.5219	5.531717
26736	-1468.616	-1563.876	95.25936	0.6168466	0.5219	4.91299
26742	-1477.636	-1572.725	95.08869	0.7713726	0.5320278	4.91299
26748	-1476.613	-1571.882	95.26889	0.5911751	0.5320278	4.91299
26754	-1474.013	-1568.545	94.53269	0.6378567	0.521639	5.304349
26760	-1479.136	-1573.625	94.48962	0.5843219	0.5996634	5.291904
26766	-1477.074	-1570.943	93.86926	0.2787449	0.5269803	5.86127
26772	-1479.214	-1573.537	94.32358	0.314507	0.5890702	5.540541
26778	-1482.195	-1574.785	92.59005	0.7357545	0.5612522	6.280178
26784	-1481.787	-1576.831	95.0446	0.5802649	0.5378938	5.038584
26790	-1478.134	-1573.813	95.67839	0.7273422	0.7091743	4.466297
26796	-1483.619	-1579.465	95.84549	0.7739087	0.5568892	4.466297
26802	-1483.949	-1579.04	95.09061	0.7928723	0.4863978	4.941422
26808	-1474.271	-1570.048	95.77685	0.7707314	0.6609176	4.422325
26814	-1472.773	-1568.57	95.79742	0.5970073	0.5863042	4.567892
26820	-1479.692	-1575.81	96.11759	0.6429039	0.5863042	4.361772
26826	-1474.852	-1570.89	96.03718	0.6644374	0.6271163	4.361772
26832	-1484.702	-1582.331	97.62925	0.8888614	0.469186	3.460705
26838	-1488.65	-1585.229	96.57911	0.9454761	0.9310391	3.681172
26844	-1482.641	-1578.274	95.63306	0.9748784	0.3299967	4.704212
26850	-1475.097	-1570.521	95.42447	0.6977843	0.6061196	4.704212
26856	-1471.74	-1567.263	95.52235	0.7209916	0.3839299	4.845125
26862	-1492.902	-1588.506	95.60352	0.9089136	0.5412448	4.540086
26868	-1479.735	-1574.688	94.9532	0.8006383	0.3290314	5.180549
26874	-1481.714	-1577.043	95.32847	0.8325811	0.4120557	4.860672
26880	-1484.287	-1581.299	97.01158	0.7993858	0.4154876	3.925661
26886	-1485.264	-1579.822	94.55819	0.8043901	0.5115393	5.207256
26892	-1480.586	-1575.22	94.63355	0.7312969	0.6547843	5.087971
26898	-1499.863	-1594.472	94.60852	0.7577831	0.7150484	5.042955
26904	-1493.035	-1587.219	94.18374	0.608742	0.7150484	5.360386
26910	-1484.229	-1579.423	95.19389	0.6807991	0.623507	4.828628
26916	-1474.386	-1568.712	94.32586	0.5083296	0.5019913	5.507279
26922	-1482.193	-1577.075	94.8824	0.7026209	0.5042345	5.090693
26928	-1487.289	-1582.341	95.05197	0.71173	0.7765691	4.77916
26934	-1484.877	-1580.807	95.93026	0.6895596	0.7486528	4.317351
26940	-1476.346	-1570.176	93.83038	0.6895596	0.6393866	5.565924
26946	-1468.022	-1561.976	93.95427	0.5588605	0.6667174	5.549114
26952	-1479.807	-1573.907	94.09951	0.5804954	0.5509341	5.549114
26958	-1486.318	-1581.634	95.31546	0.4622803	0.4824957	5.00387
26964	-1480.328	-1576.43	96.10285	0.6392677	0.4958629	4.452034
26970	-1485.578	-1582.675	97.09719	0.6392677	0.5187769	3.865472
26976	-1481.758	-1577.413	95.65517	0.5324861	0.5349337	4.727672
26982	-1487.191	-1582.969	95.77804	0.5324861	0.4714095	4.717482
26988	-1480.446	-1575.276	94.8301	0.6314001	0.7590497	4.95943
26994	-1476.471	-1571.596	95.12465	0.6314001	0.5451107	4.95943
27000	-1474.473	-1570.229	95.75552	0.6137257	0.5316911	4.628878
27006	-1476.708	-1572.489	95.78097	0.5882786	0.5316911	4.628878
27012	-1475.079	-1570.059	94.98005	0.6507977	0.5165482	5.054137
27018	-1486.588	-1582.404	95.81547	0.6166044	0.5165482	4.607235
27024	-1485.559	-1580.825	95.26593	0.7216924	0.6539622	4.741931
27030	-1488.949	-1584.984	96.0351	0.5960579	0.5513804	4.464448
27036	-1486.736	-1581.908	95.17239	0.5030613	0.5513804	4.99883
27042	-1483.859	-1578.609	94.75009	0.5173654	0.6314209	5.159844
27048	-1485.404	-1578.693	93.2883	0.5613714	0.5277351	6.023486
27054	-1486.09	-1579.682	93.59222	0.6908819	0.5382531	5.777615
27060	-1484.245	-1577.475	93.23005	0.5577431	0.6145182	5.985885
27066	-1473.826	-1567.07	93.24489	0.5033501	0.6426398	5.985885
27072	-1486.197	-1580.436	94.23892	0.4760866	0.514968	5.561135
27078	-1479.894	-1575.733	95.8384	0.8995656	0.514968	4.436713
27084	-1485.59	-1582.561	96.97043	0.8995656	0.5884913	3.726734
27090	-1494.399	-1591.091	96.69212	1.039792	1.088877	3.469457
27096	-1492.481	-1591.033	98.55253	1.039792	0.5192157	2.770698
27102	-1479.934	-1574.757	94.82297	0.7421512	0.5602294	5.052548
27108	-1483.174	-1577.717	94.54223	0.7494803	0.7395109	5.067164
27114	-1482.115	-1577.265	95.1499	0.4966378	0.4927096	5.067164
27120	-1484.8	-1577.925	93.12495	0.3281251	0.6686318	6.127421
27126	-1496.201	-1589.339	93.1382	0.556569	0.7938114	5.909453
27132	-1482.91	-1576.698	93.78771	0.5109895	0.3913307	5.909453
27138	-1497.295	-1592.184	94.8886	0.6462995	0.4467668	5.173002
27144	-1489.828	-1584.347	94.51917	0.4171983	0.5998336	5.367676
27150	-1493.874	-1587.954	94.07962	0.6664869	0.7412707	5.367676
27156	-1488.064	-1581.559	93.49519	0.4128098	0.7284813	5.83664
27162	-1482.601	-1577.636	95.03476	0.5934223	0.5157141	5.056366
27168	-1481.666	-1575.433	93.76762	0.5091902	0.4078535	5.903999
27174	-1481.806	-1575.699	93.89374	0.5993616	0.7518474	5.499768
27180	-1482.652	-1576.789	94.13648	0.5993616	0.5732104	5.499768
27186	-1484.447	-1575.774	91.32712	0.517086	0.5805481	7.065347
27192	-1479.094	-1572.979	93.88493	0.7506997	0.6767802	5.474337
27198	-1476.056	-1572.031	95.97529	0.7085589	0.5207946	4.461899
27204	-1482.415	-1578.648	96.23387	0.578942	0.5867862	4.331811
27210	-1483.945	-1577.743	93.79732	0.5417089	0.7434367	5.590174
27216	-1478.276	-1571.649	93.37307	0.6570798	0.7012426	5.788913
27222	-1477.818	-1573.521	95.7033	0.7888757	0.6551538	4.45796
27228	-1478.966	-1573.496	94.52953	0.6916965	0.6551538	5.167261
27234	-1480.697	-1574.914	94.21712	0.5042088	0.4174252	5.650795
27240	-1480.183	-1576.107	95.92403	0.8891194	0.6081836	4.313976
27246	-1479.799	-1575.04	95.24071	0.7073175	0.3858619	5.007336
27252	-1484.235	-1580.486	96.2509	0.6022154	0.527558	4.360344
27258	-1484.368	-1579.849	95.48095	0.6978915	0.4877046	4.775573
27264	-1480.81	-1577.347	96.5366	0.9576265	0.4957553	4.025746
27270	-1474.265	-1571.828	97.56304	0.8986944	0.5665539	3.40161
27276	-1473.963	-1569.647	95.68342	0.6334463	0.4271927	4.757965
27282	-1468.077	-1563.399	95.32197	0.5765529	0.5654964	4.86269
27288	-1472.799	-1567.713	94.91391	0.5126837	0.6046319	5.092803
27294	-1482.092	-1576.754	94.66174	0.7436254	0.6468263	5.071556
27300	-1488.634	-1582.784	94.15037	0.434495	0.5818819	5.575629
27306	-1481.688	-1577.086	95.39803	0.6353233	0.5028161	4.842723
27312	-1488.962	-1585.215	96.2534	0.8545839	0.6283397	4.130486
27318	-1485.003	-1580.709	95.70611	0.5870055	0.6951834	4.539855
27324	-1487.152	-1583.641	96.48969	0.7184037	0.6951834	4.021782
27330	-1477.343	-1573.612	96.26848	0.6757546	0.5751721	4.267228
27336	-1485.693	-1582.786	97.09333	1.179572	0.4365319	3.637084
27342	-1483.504	-1581.037	97.53253	0.9822674	0.4884685	3.443429
27348	-1485.179	-1583.313	98.13447	1.095848	0.5849233	2.928727
27354	-1484.608	-1583.021	98.4133	1.100636	0.4290586	2.912266
27360	-1492.357	-1586.609	94.25173	0.5086106	0.4255199	5.621125
27366	-1486.084	-1580.666	94.58194	0.5898898	0.4629427	5.357808
27372	-1494.634	-1588.219	93.58443	0.6932079	0.6112804	5.720615
27378	-1484.432	-1579.473	95.04084	0.8994741	0.4628917	4.932225
27384	-1485.998	-1581.343	95.34578	0.5945374	0.4628917	4.932225
27390	-1488.507	-1581.837	93.32994	0.4774803	0.6639146	5.937704
27396	-1480.141	-1574.465	94.32425	0.6584567	0.6639146	5.292548
27402	-1483.994	-1579.592	95.59816	0.6942514	0.67275	4.556931
27408	-1481.109	-1576.926	95.8176	0.7163107	0.5090347	4.556931
27414	-1480.678	-1576.554	95.87615	0.7163107	0.5090347	4.524033
27420	-1483.347	-1578.482	95.13508	0.6583562	0.4048563	5.072665
27426	-1486.807	-1581.331	94.52415	0.6398904	0.5250278	5.304947
27432	-1482.137	-1576.44	94.30246	0.6213086	0.6913032	5.304947
27438	-1495.193	-1588.625	93.43213	0.6639014	0.8367027	5.662512
27444	-1483.237	-1578.215	94.97802	0.7717165	0.4466567	5.05405
27450	-1482.674	-1578.071	95.39767	0.578269	0.4584037	4.916773
27456	-1488.89	-1584.493	95.60368	0.6321699	0.570665	4.669891
27462	-1491.033	-1587.875	96.84263	0.8837507	0.6074489	3.793624
27468	-1502.137	-1597.719	95.58207	0.7068002	0.4856662	4.716001
27474	-1496.064	-1591.563	95.49865	0.6470476	0.575831	4.716001
27480	-1490.848	-1587.075	96.22775	0.797129	0.6244316	4.180856
27486	-1489.695	-1585.223	95.52779	0.9378185	0.6979108	4.4408
27492	-1481.01	-1577.088	96.07735	0.638235	0.66711	4.322749
27498	-1484.09	-1580.859	96.76901	0.7315592	0.6319798	3.903361
27504	-1494.281	-1589.661	95.37917	0.5471639	0.4804811	4.923153
27510	-1478.035	-1572.378	94.34283	0.4938374	0.5362987	5.47552
27516	-1487.724	-1582.027	94.30337	0.405918	0.6216253	5.47552
27522	-1491.101	-1585.408	94.3068	0.4530494	0.5866851	5.47552
27528	-1483.976	-1578.716	94.73922	0.4513704	0.5866851	5.237971
27534	-1493.277	-1587.509	94.23227	0.6784688	0.6436084	5.34759
27540	-1484.437	-1578.326	93.88908	0.4873733	0.4969455	5.76302
27546	-1488.336	-1584.285	95.94855	0.8575048	0.4667233	4.443896
27552	-1492.615	-1586.895	94.28016	0.7092799	0.6934417	5.267131
27558	-1490.771	-1583.631	92.86051	0.5500997	0.5371374	6.254385
27564	-1487.811	-1582.254	94.44367	0.6272165	0.5371374	5.345755
27570	-1482.184	-1576.917	94.73392	0.6816505	0.6732528	5.045984
27576	-1476.961	-1571.92	94.95854	0.6423587	0.5446954	5.045984
27582	-1481.907	-1577.649	95.7427	0.854597	0.8520168	4.261015
27588	-1484.896	-1580.299	95.4036	0.9130534	0.6639117	4.549993
27594	-1492.406	-1586.027	93.62123	0.8370898	0.5190459	5.698377
27600	-1491.22	-1587.359	96.13923	0.8245066	0.4626619	4.358935
27606	-1489.534	-1585.709	96.17557	0.9363991	0.4626619	4.27511
27612	-1492.319	-1589.088	96.76914	0.9982288	0.4737861	3.890672
27618	-1495.046	-1590.099	95.05294	1.165073	0.4737861	4.766903
27624	-1485.925	-1580.971	95.04675	0.6378836	0.8044812	4.804746
27630	-1481.675	-1576.016	94.34048	0.5769241	0.6781495	5.318054
27636	-1480.36	-1574.725	94.36499	0.5960596	0.3731484	5.56645
27642	-1482.999	-1576.713	93.71442	0.5174075	0.3731484	5.96569
27648	-1481.158	-1575.044	93.88669	0.5960345	0.7192368	5.52798
27654	-1485.287	-1580.028	94.74073	0.6645077	0.5256931	5.17103
27660	-1479.835	-1574.096	94.26152	0.2943161	0.5261667	5.638641
27666	-1478.949	-1573.597	94.64803	0.4390733	0.4682494	5.39943
27672	-1481.344	-1574.626	93.28167	0.5459929	0.5620727	6.00633
27678	-1481.021	-1574.376	93.35467	0.4428106	0.5821451	6.00633
27684	-1486.602	-1581.575	94.97386	0.8943887	0.7367475	4.74811
27690	-1485.195	-1581.421	96.22586	0.7075955	0.4762775	4.362751
27696	-1488.857	-1585.264	96.4074	0.8682384	0.4794048	4.165907
27702	-1487.321	-1581.465	94.14415	0.5133611	0.5752501	5.54115
27708	-1486.587	-1582.165	95.57771	0.7104263	0.3885516	4.815057
27714	-1484.929	-1580.308	95.37894	0.6934319	0.3885516	4.935266
27720	-1488.483	-1583.471	94.98772	0.5693234	0.4890146	5.120213
27726	-1480.335	-1575.006	94.67173	0.674345	0.6263919	5.120213
27732	-1477.973	-1574.091	96.11724	0.8780825	0.369159	4.440342
27738	-1481.495	-1577.291	95.79606	0.737086	0.4038668	4.661491
27744	-1492.341	-1587.581	95.23967	0.8014406	0.7224615	4.661491
27750	-1493.32	-1588.2	94.88005	0.3121955	0.6505799	5.186764
27756	-1474.384	-1569.093	94.70915	0.5408735	0.7419021	5.088631
27762	-1490.947	-1588.099	97.15193	0.6703989	0.4765478	3.856402
27768	-1475.141	-1569.962	94.8209	0.6481529	0.6260607	5.052278
27774	-1487.039	-1581.391	94.35156	0.1621002	0.4408453	5.741029
27780	-1485.27	-1580.65	95.38033	0.5600458	0.4408453	4.953944
27786	-1479.053	-1574.656	95.60293	0.761805	0.4408453	4.71729
27792	-1487.937	-1583.159	95.22167	0.4150412	0.6760575	4.921001
27798	-1485.507	-1580.565	95.05828	0.588586	0.7049407	4.894215
27804	-1475.483	-1570.603	95.12027	0.6361957	0.6238876	4.894215
27810	-1483.515	-1579.202	95.68712	0.8947903	0.6899211	4.381114
27816	-1478.542	-1574.91	96.36789	0.8979103	0.6954256	3.988631
27822	-1480.571	-1576.75	96.17936	0.7801719	0.6041136	4.234419
27828	-1481.849	-1577.538	95.68867	0.7032574	0.7108544	4.472853
27834	-1482.625	-1578.547	95.92189	0.7095174	0.5416068	4.472853
27840	-1481.874	-1577.419	95.54547	0.6597843	0.674952	4.604196
27846	-1481.533	-1578.239	96.70561	0.912497	0.4140327	4.037503
27852	-1480.665	-1577.605	96.94032	1.014476	0.7361724	3.561399
27858	-1481.898	-1577.988	96.08969	0.7663537	0.5999021	4.296494
27864	-1494.526	-1590.563	96.03656	0.8009844	0.7375497	4.201845
27870	-1491.462	-1586.186	94.72418	0.8496197	0.8495574	4.837609
27876	-1479.97	-1575.417	95.4463	0.7164214	0.4334407	4.837609
27882	-1481.339	-1576.651	95.31164	0.6532552	0.4497885	4.931394
27888	-1479.562	-1575.394	95.83224	0.8558817	0.695685	4.316842
27894	-1494.933	-1589.301	94.36841	0.5351484	0.5798071	5.402006
27900	-1486.96	-1580.565	93.60484	0.8132736	0.8369209	5.485467
27906	-1489.767	-1583.736	93.96898	1.021862	0.8889842	5.137248
27912	-1483.111	-1578.66	95.54842	0.7596139	0.5731741	4.627337
27918	-1493.013	-1588.707	95.69343	0.840896	0.505795	4.559675
27924	-1481.63	-1576.121	94.4908	0.8212372	0.9785205	4.906531
27930	-1482.212	-1578.084	95.87243	0.7042656	0.6208527	4.437237
27936	-1483.267	-1577.844	94.57662	0.6613407	0.6208527	5.184415
27942	-1493.883	-1587.751	93.86764	0.4078362	0.6875984	5.664299
27948	-1490.32	-1583.645	93.32463	0.4757465	0.6875984	5.924287
27954	-1488.777	-1585.635	96.85787	0.5552707	0.7076549	3.895163
27960	-1484.308	-1580.239	95.93052	0.7934031	0.9208402	4.14641
27966	-1487.723	-1583.399	95.67569	0.5086257	0.6182419	4.65975
27972	-1485.847	-1579.217	93.37004	0.5365832	0.8288324	5.771236
27978	-1487.665	-1582.573	94.90767	0.8380967	0.5068089	4.999133
27984	-1484.813	-1579.054	94.24042	0.6521364	0.5068089	5.470818
27990	-1482.667	-1577.014	94.34775	0.6650456	0.5952887	5.329179
27996	-1487.637	-1582.039	94.40202	0.6107784	0.5952887	5.329179
28002	-1483.252	-1577.254	94.00225	0.6065044	0.6614964	5.500429
28008	-1480.825	-1575.396	94.57129	0.5974281	0.6614964	5.191546
28014	-1488.787	-1583.493	94.70645	0.4388328	0.6608556	5.204992
28020	-1476.077	-1570.665	94.58757	0.4606828	0.5590426	5.339506
28026	-1481.435	-1576.681	95.24687	0.5112544	0.5590426	4.946326
28032	-1479.693	-1575.014	95.32177	0.4445867	0.5432304	4.955333
28038	-1476.376	-1571.91	95.53381	0.7616077	0.622024	4.594457
28044	-1485.652	-1580.56	94.90779	0.57347	0.6807996	5.003922
28050	-1482.597	-1578.001	95.40371	0.6855316	0.6807996	4.664853
28056	-1488.959	-1584.243	95.28407	0.877396	0.4505993	4.821072
28062	-1482.639	-1575.969	93.32973	0.3875839	0.6570549	5.991963
28068	-1481.347	-1576.781	95.43387	0.5928397	0.6570549	4.717713
28074	-1477.811	-1570.832	93.02086	0.6897355	0.7098796	5.957454
28080	-1472.95	-1566.916	93.96669	0.4674817	0.619777	5.628138
28086	-1469.957	-1564.27	94.31314	0.5264549	0.497566	5.508332
28092	-1472.928	-1567.196	94.26771	0.7119533	0.7630975	5.223838
28098	-1486.25	-1580.282	94.03172	0.654062	0.6414351	5.473177
28104	-1485.839	-1579.543	93.70452	0.6259347	0.5930283	5.706179
28110	-1484.434	-1579.326	94.89216	0.5733434	0.5944547	5.079435
28116	-1485.013	-1579.879	94.86597	0.6484917	0.5349479	5.102396
28122	-1486.254	-1583.322	97.0683	0.9212407	0.4770232	3.759687
28128	-1487.997	-1585.796	97.7997	0.9321888	0.7140838	3.120834
28134	-1485.671	-1582.105	96.4335	0.8485934	0.5127792	4.130686
28140	-1483.899	-1580.852	96.95289	0.908073	0.4404297	3.870642
28146	-1490.406	-1587.941	97.53529	1.099295	0.5541723	3.31116
28152	-1490.148	-1584.705	94.55737	0.5248156	0.3764503	5.496203
28158	-1480.817	-1575	94.18263	0.6246714	0.5310828	5.496203
28164	-1487.631	-1582.34	94.70906	0.6137832	0.5106799	5.230004
28170	-1477.658	-1571.664	94.00606	0.7065544	0.6457499	5.455128
28176	-1476.858	-1572.15	95.29164	0.5951916	0.6346814	4.81309
28182	-1480.826	-1575.907	95.0804	0.5761013	0.5718692	4.992014
28188	-1487.543	-1582.203	94.65981	0.4824357	0.5718692	5.276886
28194	-1484.473	-1579.187	94.71413	0.5338638	0.580914	5.210964
28200	-1498.878	-1593.591	94.71324	0.6421494	0.6965429	5.062294
28206	-1493.423	-1588.123	94.69956	0.5004471	0.8231405	5.062294
28212	-1494.436	-1590.167	95.73012	0.7216092	0.6278957	4.50199
28218	-1496.649	-1592.433	95.78397	0.5266946	0.3964812	4.793846
28224	-1490.995	-1588.114	97.11895	0.9089381	0.5321025	3.685242
28230	-1482.652	-1576.907	94.25454	0.5458221	0.4965858	5.530798
28236	-1478.572	-1572.911	94.33885	0.6271038	0.4965858	5.439696
28242	-1474.766	-1569.356	94.58978	0.5926129	0.4965858	5.32039
28248	-1479.132	-1574.918	95.78571	0.8195711	0.7062895	4.355866
28254	-1490.101	-1584.862	94.76078	0.5924448	0.4330093	5.287183
28260	-1486.994	-1581.124	94.13021	0.5714673	0.6874512	5.43019
28266	-1477.616	-1572.02	94.40403	0.5430429	0.5186768	5.43019
28272	-1489.773	-1585.593	95.82001	0.7420677	0.5699362	4.487394
28278	-1492.922	-1587.355	94.43288	0.6728688	0.755693	5.1591
28284	-1488.791	-1582.731	93.94037	0.6804873	0.5265633	5.602606
28290	-1493.257	-1587.048	93.79054	0.4226426	0.5706921	5.788579
28296	-1484.426	-1578.212	93.78667	0.4876523	0.5706921	5.755112
28302	-1478.691	-1571.64	92.94819	0.3258768	0.4677597	6.390642
28308	-1485.934	-1578.217	92.2833	0.5432775	0.780492	6.390642
28314	-1488.534	-1582.293	93.75844	0.4497778	0.6022499	5.765768
28320	-1487.379	-1582.711	95.33234	0.5824099	0.6018218	4.823607
28326	-1490.791	-1585.856	95.06493	0.657374	0.7453413	4.823607
28332	-1504.832	-1599.808	94.97626	0.6413712	0.5907442	4.998014
28338	-1497.128	-1589.216	92.08769	0.450752	0.5907442	6.682858
28344	-1480.116	-1573.515	93.3993	0.4960395	0.4961491	6.026598
28350	-1499.029	-1593.93	94.90173	0.7552733	0.5632572	4.99897
28356	-1486.299	-1582.222	95.92233	0.6368139	0.5600833	4.497457
28362	-1486.848	-1582.156	95.30739	0.8223122	0.4245241	4.865148
28368	-1486.597	-1580.057	93.45972	0.7243231	0.4018491	5.960924
28374	-1481.959	-1576.402	94.44304	0.5330984	0.5544705	5.383137
28380	-1484.315	-1577.422	93.10708	0.3613635	0.6332759	6.145452
28386	-1473.441	-1566.722	93.28114	0.4865983	0.4437075	6.145452
28392	-1468.809	-1562.153	93.34428	0.357179	0.4651267	6.160928
28398	-1469.037	-1563.677	94.63982	0.5931894	0.5136768	5.276956
28404	-1474.634	-1569.065	94.43121	0.8017905	0.5136768	5.276956
28410	-1477.717	-1574.028	96.31141	0.7298845	0.5696371	4.21693
28416	-1465.785	-1561.301	95.51584	0.7512114	0.5243022	4.692704
28422	-1477.438	-1572.941	95.50292	0.7837509	0.4664242	4.735639
28428	-1482.108	-1575.441	93.33259	0.528591	0.6639288	5.908334
28434	-1474.514	-1569.386	94.87205	0.5623427	0.5790865	5.109269
28440	-1481.251	-1576.606	95.35477	0.5885539	0.5481984	4.852497
28446	-1501.264	-1596.364	95.09902	0.5500584	0.6727476	4.916578
28452	-1498.43	-1594.072	95.64152	0.6858498	0.6965025	4.519635
28458	-1492.655	-1587.284	94.62883	0.60685	0.5507748	5.24303
28464	-1490.594	-1585.033	94.43904	0.566629	0.4545142	5.457504
28470	-1491.45	-1586.782	95.3326	0.551691	0.5426996	4.890157
28476	-1495.787	-1591.648	95.86018	0.6624059	0.5426996	4.533099
28482	-1491.786	-1586.032	94.24549	0.4334035	0.5281152	5.56938
28488	-1490.818	-1585.238	94.42061	0.4152827	0.4357154	5.56938
28494	-1486.239	-1581.811	95.57203	0.6631731	0.6573996	4.600673
28500	-1478.976	-1574.162	95.1854	0.566417	0.4843244	5.01655
28506	-1479.264	-1574.922	95.65812	0.8002625	0.9889943	4.257063
28512	-1492.052	-1586.418	94.36522	0.6410895	0.9217343	5.109132
28518	-1500.94	-1593.716	92.77646	0.5420579	0.6959639	6.18093
28524	-1487.45	-1584.702	97.25173	0.8868317	0.432496	3.719079
28530	-1492.096	-1588.905	96.80878	1.054007	0.6024942	3.719079
28536	-1488.172	-1584.747	96.57507	1.053663	0.7061844	3.772287
28542	-1487.515	-1585.683	98.16883	1.003007	0.7061844	2.862796
28548	-1491.021	-1588.593	97.57174	1.146809	1.013988	2.927234
28554	-1503.545	-1602.07	98.52463	1.323304	1.013988	2.225506
28560	-1493.914	-1587.453	93.53861	0.8257194	0.5208315	5.748293
28566	-1480.552	-1574.303	93.75039	0.8265257	0.614672	5.553748
28572	-1485.332	-1580.206	94.87387	0.729533	0.5647322	5.027492
28578	-1484.652	-1579.59	94.9379	0.6655067	0.5647322	5.027492
28584	-1482.084	-1575.662	93.57779	0.8720268	0.7042557	5.556651
28590	-1474.861	-1568.687	93.82551	0.6682946	0.6708926	5.556651
28596	-1482.767	-1576.326	93.55949	0.5170591	0.434878	5.985873
28602	-1496.269	-1590.356	94.08711	0.5164716	0.7186677	5.461903
28608	-1498.67	-1593.185	94.51567	0.6072338	0.5930242	5.270218
28614	-1489.517	-1581.764	92.24701	0.6894481	0.4828369	6.559582
28620	-1486.05	-1578.523	92.47343	0.5488367	0.5776467	6.431484
28626	-1481.304	-1573.769	92.46551	0.6349522	0.5269469	6.431484
28632	-1478.839	-1571.02	92.18065	0.5808965	0.5269469	6.615012
28638	-1476.229	-1568.297	92.06835	0.5701909	0.6081977	6.615012
28644	-1472.377	-1566.729	94.35239	0.6561747	0.6172972	5.313986
28650	-1483.802	-1578.517	94.71538	0.5567224	0.4510977	5.313986
28656	-1489.649	-1582.685	93.03611	0.4704514	0.4510977	6.280295
28662	-1490.33	-1585.15	94.81982	0.4031616	0.6055489	5.204825
28668	-1493.261	-1586.829	93.56847	0.6638447	0.6055489	5.749959
28674	-1504.032	-1599.523	95.49101	0.7520108	0.5500646	4.683482
28680	-1489.79	-1586.416	96.6259	0.4751386	0.5268609	4.22066
28686	-1496.606	-1591.64	95.03447	0.6243839	0.5651635	4.99633
28692	-1494.611	-1588.317	93.70547	0.6629967	0.7199247	5.590273
28698	-1478.096	-1572.188	94.09275	0.5042577	0.5561774	5.590273
28704	-1486.485	-1582.157	95.67246	0.5834758	0.6548596	4.590982
28710	-1496.562	-1591.826	95.26485	0.7516091	0.4223597	4.930441
28716	-1497.119	-1592.752	95.6336	0.7516091	0.6472723	4.524225
28722	-1487.83	-1582.29	94.46007	0.6280376	0.513421	5.357156
28728	-1488.126	-1583.087	94.96044	0.6280376	0.6709118	4.951665
28734	-1491.738	-1586.194	94.45572	0.8644831	0.6563059	5.111573
28740	-1489.572	-1584.457	94.88494	0.5744597	0.6563059	5.034364
28746	-1481.452	-1576.459	95.00744	0.6083885	0.5485621	5.034364
28752	-1485.193	-1580.043	94.85074	0.7508793	0.6688766	4.945875
28758	-1482.413	-1577.621	95.20833	0.6377808	0.4867109	4.961915
28764	-1495.686	-1590.592	94.90565	0.5712351	0.6066381	5.063301
28770	-1479.465	-1574.243	94.77854	0.6983474	0.6066381	5.063301
28776	-1482.932	-1579.744	96.81191	0.7539067	0.5606355	3.925719
28782	-1485.789	-1583.328	97.53916	1.024094	0.5120142	3.392253
28788	-1482.767	-1578.164	95.3966	1.024094	0.6594372	4.494912
28794	-1495.441	-1590.954	95.51379	0.6654303	0.6869913	4.609833
28800	-1492.983	-1588.691	95.70826	1.055949	0.6033957	4.345549
28806	-1489.93	-1586.616	96.6861	0.9115021	0.611392	3.864425
28812	-1482.903	-1578.919	96.01636	0.8784799	0.5934005	4.279902
28818	-1482.783	-1579.2	96.41723	0.9352876	0.8548322	3.828272
28824	-1488.9	-1586.812	97.91163	0.969398	0.4618573	3.254966
28830	-1483.577	-1579.049	95.47177	0.8108449	0.4618573	4.742351
28836	-1482.474	-1573.972	91.49809	0.4774579	0.5895967	6.987437
28842	-1479.49	-1572.653	93.16338	0.517596	0.5895967	6.063834
28848	-1478.585	-1571.377	92.79217	0.437704	0.5895967	6.309219
28854	-1482.801	-1578.978	96.17712	0.6822423	0.6145479	4.282665
28860	-1490.011	-1584.716	94.70559	0.03878728	0.6541499	5.431291
28866	-1491.818	-1587.393	95.57489	0.3621197	0.4501946	4.946502
28872	-1496.295	-1589.989	93.69364	0.5154413	0.7808257	5.636399
28878	-1500.609	-1596.834	96.22536	0.6912735	0.5800431	4.278738
28884	-1479.339	-1574.235	94.89624	0.5719623	0.5706037	5.097579
28890	-1487.629	-1582.91	95.28105	0.576365	0.5227769	4.922666
28896	-1485.099	-1579.369	94.27069	0.6144692	0.6201848	5.379786
28902	-1495.421	-1592.063	96.6425	0.9121096	0.4730092	4.013224
28908	-1487.908	-1584.298	96.39038	0.8696101	0.9022498	3.851438
28914	-1490.749	-1587.707	96.95797	0.8696101	0.4785318	3.851438
28920	-1490.125	-1583.373	93.24833	0.6593752	0.8264293	5.772156
28926	-1491.455	-1586.227	94.77147	0.7613053	0.7753301	4.908747
28932	-1482.776	-1578.382	95.60669	0.9092805	0.707341	4.405512
28938	-1479.949	-1576.606	96.65635	0.7766731	0.5770195	3.98756
28944	-1480.717	-1575.633	94.91628	0.8007445	0.73684	4.832469
28950	-1477.153	-1573.326	96.1736	0.8007445	0.5563916	4.266297
28956	-1479.558	-1576.406	96.84858	0.7561014	0.5563916	3.90716
28962	-1489.14	-1584.198	95.05727	0.8301965	0.6581993	4.794644
28968	-1491.32	-1586.616	95.2958	0.6521812	0.6837891	4.741666
28974	-1494.016	-1587.947	93.93076	0.6728825	0.7685371	5.427675
28980	-1489.099	-1584.608	95.50912	0.5895726	0.5977786	4.724156
28986	-1487.657	-1581.313	93.65601	0.501949	0.5977786	5.796838
28992	-1489.784	-1583.77	93.98572	0.2350901	0.5557543	5.796838
28998	-1500.752	-1594.323	93.57119	0.5210767	0.6181518	5.816722
29004	-1486.081	-1580.514	94.43299	0.6853648	0.6237945	5.248256
29010	-1495.61	-1589.676	94.066	0.470805	0.6890424	5.519759
29016	-1496.47	-1591.539	95.0695	0.6622506	0.4564875	5.054353
29022	-1485.302	-1580.431	95.12923	0.5371563	0.4946511	5.054353
29028	-1489.181	-1583.179	93.99722	0.6252596	0.469023	5.65412
29034	-1485.062	-1579.078	94.01608	0.4050279	0.5959657	5.65412
29040	-1490.538	-1584.843	94.30482	0.697292	0.4469088	5.466898
29046	-1495.643	-1589.166	93.52237	0.4096679	0.5888567	5.927476
29052	-1484.811	-1578.143	93.3325	0.5583681	0.6936454	5.870513
29058	-1475.059	-1568.028	92.96969	0.5619301	0.4930981	6.227384
29064	-1479.681	-1575.076	95.39551	0.7356643	0.554524	4.742192
29070	-1489.783	-1587.081	97.29811	0.8759099	0.5032505	3.627577
29076	-1486.878	-1583.321	96.44277	0.8759099	0.4424458	4.1782
29082	-1484.755	-1580.64	95.88559	0.9102425	0.6149083	4.318318
29088	-1481.046	-1577.82	96.77354	0.8341891	0.5966486	3.870858
29094	-1481.225	-1578.311	97.08628	0.7134048	0.4750676	3.870858
29100	-1492.263	-1586.936	94.67318	0.6127355	0.5690121	5.199854
29106	-1489.498	-1584.14	94.64226	0.6204111	0.5845583	5.199854
29112	-1492.551	-1587.917	95.36517	0.7525264	0.31711	4.993465
29118	-1487.901	-1585.759	97.85861	0.9844307	0.5987753	3.148355
29124	-1488.477	-1585.021	96.54444	1.006026	0.5548641	3.93957
29130	-1480.51	-1575.942	95.43152	0.5575541	0.4579441	4.909913
29136	-1474.191	-1569.602	95.41144	0.8173226	0.638517	4.618857
29142	-1479.074	-1573.852	94.77857	0.6304626	0.6154982	5.093884
29148	-1479.368	-1573.918	94.55063	0.5975096	0.6574013	5.206011
29154	-1482.949	-1579.681	96.73216	0.7968011	0.6831997	3.847018
29160	-1487.557	-1583.9	96.34221	0.7985553	0.473169	4.248493
29166	-1486.511	-1581.428	94.91704	0.7985553	0.5133294	5.009986
29172	-1492.608	-1587.633	95.02546	0.6901359	0.5133294	5.009986
29178	-1477.326	-1572.451	95.12446	0.5943504	0.6173396	4.920349
29184	-1471.925	-1566.717	94.79241	0.6487848	0.8355462	4.920349
29190	-1485.678	-1580.399	94.7212	0.3965539	0.5377384	5.319377
29196	-1486.794	-1581.436	94.64127	0.5557431	0.5221478	5.289288
29202	-1484.734	-1579.822	95.08829	0.6048571	0.7011409	4.871178
29208	-1493.444	-1588.57	95.12576	0.8498247	0.5463486	4.836115
29214	-1497.468	-1593.642	96.17418	0.9911568	0.7984622	3.972882
29220	-1477.672	-1573.219	95.54657	0.7688824	0.6069537	4.595298
29226	-1486.773	-1579.995	93.22172	0.5740749	0.7448334	5.886768
29232	-1484.455	-1580.487	96.0318	0.5655384	0.4492426	4.578536
29238	-1498.613	-1593.785	95.17198	0.5655384	0.5949977	4.927885
29244	-1491.783	-1587.929	96.14677	0.883556	0.7671641	4.071407
29250	-1480.732	-1575.946	95.21407	0.641502	0.5918179	4.864739
29256	-1484.969	-1580.509	95.53943	0.641502	0.5918179	4.683029
29262	-1485.575	-1581.981	96.40657	0.6132392	0.4365686	4.353495
29268	-1492.096	-1585.951	93.85466	0.4359745	0.5675261	5.748793
29274	-1491.532	-1586.609	95.07756	0.6991547	0.5840812	4.915016
29280	-1482.326	-1576.633	94.30668	0.6505665	0.7802034	5.224772
29286	-1491.639	-1585.01	93.37137	0.5924059	0.7514141	5.790448
29292	-1497.407	-1591.128	93.72103	0.4099009	0.5629791	5.839961
29298	-1499.534	-1594.098	94.56383	0.4099009	0.4627278	5.467142
29304	-1486.726	-1582.289	95.56283	0.5894808	0.7041686	4.612331
29310	-1491.927	-1587.112	95.18456	0.8327241	0.814141	4.612331
29316	-1487.846	-1583.98	96.13332	0.7707411	0.452424	4.402776
29322	-1490.072	-1585.881	95.80943	0.8655098	0.5950845	4.402776
29328	-1484.538	-1579.224	94.68557	0.5927522	0.5279665	5.239227
29334	-1486.002	-1580.947	94.94467	0.3602579	0.5114349	5.239227
29340	-1488.934	-1583.272	94.33816	0.6670348	0.5770756	5.348221
29346	-1488.243	-1584.219	95.97531	0.7811772	0.5914312	4.35977
29352	-1493.8	-1585.902	92.1014	0.6656865	0.5819664	6.566219
29358	-1497.763	-1590.05	92.28738	0.4133857	0.6278373	6.566219
29364	-1487.381	-1580.99	93.60986	0.4880627	0.6790173	5.767812
29370	-1475.922	-1571.589	95.667	0.5764205	0.6790173	4.579738
29376	-1486.746	-1579.735	92.98896	0.3971791	0.6511169	6.176797
29382	-1489.053	-1582.163	93.10977	0.3644428	0.6714838	6.113826
29388	-1497.272	-1591.091	93.81939	0.3169003	0.4435647	5.944696
29394	-1486.707	-1581.403	94.69628	0.4317273	0.5805877	5.277548
29400	-1485.619	-1579.54	93.92109	0.7039474	0.5904534	5.546593
29406	-1484.478	-1579.602	95.12434	0.6238488	0.569745	4.942816
29412	-1484.376	-1580.026	95.65044	0.8249652	0.5269816	4.573525
29418	-1480.88	-1575.99	95.10975	0.7026077	0.8601721	4.697691
29424	-1476.663	-1572.185	95.52198	0.6610211	0.5727816	4.697691
29430	-1477.259	-1572.043	94.7843	0.4887382	0.5906858	5.189115
29436	-1488.33	-1583.356	95.02594	0.6013171	0.382266	5.189115
29442	-1487.734	-1582.416	94.68139	0.6018143	0.382266	5.379121
29448	-1489.348	-1584.342	94.99406	0.7279212	0.841087	4.760259
29454	-1483.288	-1579.11	95.82157	0.9124349	0.604844	4.36143
29460	-1476.995	-1573.957	96.9624	0.8979746	0.4648866	3.846093
29466	-1485.701	-1583.091	97.39012	1.091987	0.8330912	3.183615
29472	-1492.915	-1590.021	97.10578	1.033418	0.4659849	3.68423
29478	-1494.824	-1592.112	97.28775	0.97085	0.759878	3.366689
29484	-1483.392	-1578.679	95.28618	0.685738	0.4916686	4.887273
29490	-1485.166	-1579.37	94.20351	0.8333607	0.6497031	5.273329
29496	-1479.81	-1575.593	95.78342	0.657068	0.4909742	4.626107
29502	-1481.541	-1575.965	94.42428	0.612944	0.6183817	5.297314
29508	-1486.9	-1581.674	94.77391	0.5527262	0.4375366	5.297314
29514	-1487.008	-1581.57	94.56152	0.6882513	0.4813616	5.297314
29520	-1493.345	-1588.544	95.19835	0.5469978	0.4462151	5.056922
29526	-1498.462	-1593.083	94.62156	0.7656624	0.3973005	5.305475
29532	-1494.041	-1589.085	95.04474	0.7696916	0.6759125	4.822084
29538	-1495.99	-1591.443	95.45373	1.026919	0.7796501	4.374607
29544	-1498.487	-1592.57	94.08312	0.6973237	0.7607979	5.335422
29550	-1510.64	-1604.747	94.10726	0.8140538	0.5429873	5.423147
29556	-1491.667	-1585.385	93.71775	0.4530626	0.5833213	5.801434
29562	-1500.504	-1595.512	95.00834	0.6180281	0.6007052	4.985067
29568	-1491.53	-1586.548	95.01803	0.7735901	0.4943719	4.985067
29574	-1496.508	-1591.819	95.31116	0.3726812	0.5620622	4.985067
29580	-1490.842	-1585.855	95.01243	0.6495584	0.5765399	4.985067
29586	-1489.013	-1583.716	94.70324	0.9103685	0.6095385	4.985067
29592	-1482.286	-1577.898	95.61211	0.6451907	0.4125915	4.806429
29598	-1494.735	-1590.343	95.60793	0.5007528	0.4966135	4.806429
29604	-1500.768	-1597.513	96.74497	0.586233	0.4800314	4.133713
29610	-1498.704	-1592.475	93.77014	0.7025064	0.9343049	5.396698
29616	-1492.343	-1586.86	94.51775	0.4973051	0.5366426	5.376973
29622	-1483.687	-1577.822	94.1344	0.4990194	0.6543366	5.492218
29628	-1488.17	-1581.724	93.55427	0.8063928	0.7758936	5.556433
29634	-1487.835	-1583.792	95.95783	0.7990642	0.5599213	4.386177
29640	-1489.63	-1586.714	97.08379	0.6975521	0.5287908	3.830467
29646	-1483.009	-1579.808	96.79938	0.8895488	0.5892082	3.830467
29652	-1481.772	-1576.621	94.84863	0.6891041	0.3774408	5.243943
29658	-1481.165	-1577.193	96.02768	0.9390762	0.4025754	4.419238
29664	-1477.162	-1572.735	95.57345	0.6473842	0.6180905	4.639406
29670	-1477.05	-1571.978	94.92745	0.6672649	0.4840827	5.103941
29676	-1486.429	-1581.398	94.96852	0.7025752	0.6815328	4.897804
29682	-1494.236	-1590.071	95.83486	0.9531383	0.8431053	4.158535
29688	-1485.742	-1581.59	95.84791	0.7935065	0.5435517	4.465508
29694	-1487.852	-1581.069	93.2165	0.5800369	0.6403929	5.961231
29700	-1482.805	-1579.216	96.41153	0.8127302	0.5717385	4.111161
29706	-1484.575	-1578.392	93.81683	0.5360734	0.5717385	5.711204
29712	-1478.944	-1572.857	93.91223	0.5939166	0.503528	5.686003
29718	-1479.439	-1573.056	93.61686	0.6176363	0.6342028	5.726471
29724	-1485.752	-1579.231	93.47822	0.4233551	0.6163021	5.92239
29730	-1490.678	-1586.283	95.60529	0.8619196	0.6163021	4.502522
29736	-1486.46	-1581.049	94.58939	0.7535594	0.6500204	5.10373
29742	-1480.17	-1574.379	94.20896	0.4938221	0.7178895	5.407824
29748	-1472.837	-1568.76	95.9227	0.6165648	0.4266261	4.6341
29754	-1476.655	-1571.543	94.8872	0.6436485	0.5159899	5.110096
29760	-1473.487	-1565.661	92.17399	0.4753441	0.5396246	6.664853
29766	-1479.512	-1573.946	94.43367	0.7290148	0.5396246	5.292938
29772	-1488.98	-1580.811	91.8315	0.57202	0.5438605	6.794051
29778	-1491.777	-1584.898	93.1206	0.6114576	0.4734631	6.136431
29784	-1494.966	-1589.815	94.84885	0.8205831	0.8126747	4.807871
29790	-1489.003	-1582.371	93.3681	0.3020408	0.532521	6.11717
29796	-1487.211	-1581.442	94.23099	0.5598979	0.532521	5.503978
29802	-1490.785	-1585.698	94.9132	0.6242656	0.7097922	4.95161
29808	-1481.524	-1576.503	94.97879	0.5586774	0.7097922	4.95161
29814	-1484.583	-1579.43	94.84702	0.6885633	0.7894801	4.897732
29820	-1491.285	-1583.832	92.54691	0.5396948	0.6041016	6.375496
29826	-1487.513	-1580.83	93.31673	0.5448953	0.6041016	5.953768
29832	-1483.839	-1578.256	94.41724	0.6647354	0.5722691	5.309837
29838	-1483.785	-1577.407	93.62273	0.5960876	0.8522887	5.58543
29844	-1486.964	-1581.677	94.71301	0.6254992	0.5362412	5.198702
29850	-1489.171	-1581.375	92.20348	0.4371803	0.5362412	6.672412
29856	-1484.875	-1579.289	94.41441	0.5441405	0.5362412	5.408462
29862	-1489.275	-1584.002	94.72673	0.6796453	0.6448517	5.072506
29868	-1490.798	-1585.95	95.15217	0.4568381	0.5096084	5.072506
29874	-1487.264	-1584.267	97.00306	0.782965	0.6012763	3.764398
29880	-1478.971	-1573.221	94.25083	0.6182417	0.550523	5.445469
29886	-1483.554	-1578.308	94.7545	0.7006511	0.410175	5.254338
29892	-1485.789	-1581.083	95.29448	0.4277743	0.6728065	4.875785
29898	-1484.635	-1579.543	94.90833	0.5639824	0.6728065	5.014816
29904	-1489.364	-1584.374	95.00947	0.558076	0.8335178	4.851261
29910	-1490.953	-1586.061	95.10796	0.6553791	0.6749913	4.851261
29916	-1492.49	-1588.969	96.4781	0.7876377	0.4108356	4.241331
29922	-1492.202	-1588.789	96.58666	0.6856722	0.6766261	3.999084
29928	-1487.606	-1584.01	96.40426	0.8878185	0.7926938	3.904215
29934	-1501.68	-1597.899	96.21887	0.6894237	0.5287311	4.328113
29940	-1494.908	-1590.928	96.02041	0.7117798	0.7162333	4.276865
29946	-1490.099	-1585.556	95.45736	0.7815622	0.6768773	4.583861
29952	-1482.856	-1579.427	96.57096	0.7790916	0.4626005	4.140074
29958	-1489.707	-1584.112	94.40469	0.623415	0.8894936	5.116296
29964	-1492.591	-1588.85	96.25936	0.8356487	0.531362	4.220021
29970	-1483.276	-1579.113	95.83719	0.8356487	0.531362	4.458606
29976	-1493.555	-1586.709	93.15407	0.6093904	0.7785324	5.881905
29982	-1485.219	-1578.849	93.62997	0.6428171	0.4325653	5.881027
29988	-1489.535	-1585.002	95.46755	0.8041534	0.6059521	4.620644
29994	-1491.183	-1586.234	95.05126	0.6252383	0.4641643	5.077546
30000	-1480.627	-1575.285	94.65844	0.6553254	0.6185265	5.144282
30006	-1478.899	-1573.582	94.68244	0.6806557	0.5845393	5.144282
30012	-1481.13	-1575.649	94.51846	0.6697804	0.7168078	5.140432
30018	-1484.232	-1579.405	95.1734	0.5843804	0.6018916	4.91102
30024	-1478.81	-1572.338	93.52721	0.3073192	0.5542678	6.009104
30030	-1478.842	-1572.305	93.46288	0.5759927	0.4321874	6.009104
30036	-1490.734	-1583.685	92.95129	0.3905143	0.5152766	6.310707
30042	-1478.163	-1572.884	94.72061	0.523387	0.5967228	5.20029
30048	-1472.054	-1563.804	91.75074	0.5005783	0.5967228	6.833163
30054	-1474.922	-1569.785	94.86345	0.6945801	0.5967228	5.02625
30060	-1489.619	-1585.433	95.81441	0.8675229	0.7837998	4.257959
30066	-1483.725	-1577.694	93.96907	0.7073555	0.5230333	5.575193
30072	-1487.824	-1583.987	96.16354	0.5243567	0.5396002	4.442808
30078	-1481.064	-1574.944	93.87958	0.4719132	0.4767182	5.795333
30084	-1487.069	-1581.239	94.17023	0.5477061	0.6105279	5.479475
30090	-1484.342	-1579.999	95.65634	0.5333395	0.5234103	4.736775
30096	-1481.54	-1575.316	93.77592	0.5008523	0.7347971	5.630276
30102	-1477.968	-1572.428	94.45994	0.4440713	0.4617813	5.506407
30108	-1475.427	-1569.752	94.32508	0.462231	0.5900459	5.457677
30114	-1479.788	-1573.993	94.20442	0.5828925	0.5900459	5.457677
30120	-1477.863	-1572.711	94.84889	0.487935	0.4372112	5.292015
30126	-1483.8	-1579.522	95.7219	0.6770226	0.4095222	4.73057
30132	-1479.503	-1574.006	94.50268	0.5333733	0.5152922	5.384179
30138	-1486.3	-1583.28	96.9806	0.7362599	0.5859087	3.817202
30144	-1486.607	-1583.672	97.06586	0.7182409	0.5416688	3.817202
30150	-1485.092	-1581.977	96.88548	0.865834	0.5629339	3.817202
30156	-1478.459	-1573.199	94.73934	0.6674852	0.6626907	5.058724
30162	-1479.418	-1575.045	95.62677	0.6155839	0.4993389	4.729237
30168	-1494.957	-1589.752	94.79472	0.8542361	0.9656537	4.725886
30174	-1485.692	-1579.41	93.71739	0.5293838	0.5661732	5.773929
30180	-1484.546	-1579.605	95.05847	0.6221056	0.6722434	4.899417
30186	-1485.827	-1580.948	95.12106	0.7158694	0.6443781	4.833417
30192	-1490.258	-1585.98	95.72265	0.7158694	0.6501461	4.492025
30198	-1479.999	-1575.819	95.81974	0.6467502	0.6299967	4.492025
30204	-1472.174	-1567.351	95.17622	0.6949923	0.6299967	4.825467
30210	-1480.656	-1574.505	93.84963	0.5665303	0.7179207	5.565483
30216	-1479.722	-1574.881	95.15898	0.838412	0.8396603	4.607001
30222	-1489.068	-1583.951	94.88298	0.5147549	0.6787172	5.051835
30228	-1488.185	-1582.797	94.61214	0.5708538	0.7788707	5.10068
30234	-1489.743	-1583.87	94.12663	0.5568929	0.4635367	5.625851
30240	-1480.676	-1575.159	94.48304	0.7235027	0.5112359	5.293759
30246	-1485.574	-1580.109	94.5343	0.6722416	0.5112359	5.293759
30252	-1470.209	-1565.662	95.4525	0.6076204	0.5321752	4.801349
30258	-1471.96	-1567.481	95.52121	0.7338805	0.6245126	4.615102
30264	-1473.041	-1568.561	95.5202	0.6105051	0.6273785	4.682522
30270	-1479.502	-1575.188	95.68545	0.6162896	0.5556473	4.645776
30276	-1491.646	-1588.519	96.87319	1.139318	0.8690091	3.436362
30282	-1492.253	-1588.392	96.13917	0.7300647	0.6380454	4.258313
30288	-1491.067	-1585.547	94.47998	0.5254556	0.6282946	5.307122
30294	-1489.285	-1583.583	94.29836	0.3975579	0.5799936	5.516145
30300	-1487.962	-1581.988	94.02612	0.7339879	0.8070077	5.31609
30306	-1495.592	-1589.482	93.89043	0.6226809	0.554822	5.637464
30312	-1489.974	-1583.474	93.50085	0.5786536	0.6764992	5.779731
30318	-1491.869	-1587.793	95.92408	0.6151451	0.4181613	4.64293
30324	-1493.069	-1590.155	97.08595	0.9451885	0.6567736	3.577342
30330	-1484.417	-1581.472	97.0546	0.9298347	0.6567736	3.604472
30336	-1493.563	-1589.086	95.52256	0.7491197	0.6009795	4.624697
30342	-1491.414	-1586.98	95.56613	0.6505831	0.4616347	4.779386
30348	-1481.022	-1576.049	95.02675	0.5126327	0.5541165	5.072025
30354	-1487.178	-1583.232	96.05357	0.6169253	0.4668295	4.520081
30360	-1489.997	-1584.466	94.46886	0.6643302	0.7447474	5.151408
30366	-1488.871	-1583.77	94.8989	0.6051082	0.6206082	5.037158
30372	-1485.665	-1580.574	94.90882	0.6625579	0.7191158	4.926097
30378	-1476.395	-1570.525	94.12965	0.6269457	0.5804088	5.48243
30384	-1480.176	-1574.704	94.52881	0.6933286	0.573543	5.231352
30390	-1480.969	-1575.59	94.62054	0.603134	0.5725203	5.231352
30396	-1487.979	-1582.981	95.00244	0.092701	0.6626794	5.231352
30402	-1492.491	-1587.833	95.34217	0.4998544	0.4352697	5.014217
30408	-1489.005	-1582.239	93.23402	0.4532624	0.6246963	6.032814
30414	-1495.638	-1589.19	93.55169	0.02310076	0.4840408	6.212186
30420	-1494.946	-1589.091	94.14525	0.5036471	0.6310608	5.501424
30426	-1494.154	-1588.141	93.98648	0.6575336	0.4654037	5.645744
30432	-1492.329	-1587.604	95.27444	0.4422595	0.3926993	5.128217
30438	-1489.586	-1586.359	96.77295	0.69966	0.3909745	4.14559
30444	-1476.663	-1573.013	96.34969	0.85661	0.3946343	4.292598
30450	-1475.711	-1569.242	93.53118	0.4001792	0.535506	5.97221
30456	-1484.625	-1580.763	96.13799	0.7650335	0.5468778	4.31497
30462	-1481.615	-1577.174	95.55913	0.6098092	0.5468778	4.727688
30468	-1489.132	-1584.63	95.49828	0.7334375	0.5074845	4.727688
30474	-1482.615	-1577.21	94.59489	0.5864351	0.6071983	5.226545
30480	-1481.729	-1576.446	94.71692	0.5173132	0.5712803	5.226545
30486	-1482.754	-1577.547	94.79277	0.4263902	0.5813539	5.226545
30492	-1491.66	-1586.371	94.7116	0.5563234	0.5999283	5.184468
30498	-1480.986	-1575.852	94.86604	0.5601197	0.5894783	5.105301
30504	-1482.914	-1578.368	95.45424	0.563594	0.5894783	4.776139
30510	-1476.008	-1571.915	95.90677	0.5999048	0.5084892	4.572726
30516	-1485.444	-1581.443	95.99943	0.7626089	0.7559939	4.231694
30522	-1478.801	-1573.925	95.124	0.4773693	0.54578	5.044784
30528	-1481.483	-1576.484	95.00045	0.629323	0.5277255	5.044784
30534	-1485.438	-1581.796	96.35715	0.7098991	0.4782464	4.285322
30540	-1490.523	-1585.3	94.77672	0.6699835	0.8314017	4.919923
30546	-1485.191	-1580.483	95.29187	0.5190452	0.5555591	4.919923
30552	-1482.601	-1577.716	95.1154	0.7145823	0.4681404	4.988505
30558	-1482.135	-1576.746	94.6111	0.5030731	0.6394456	5.238447
30564	-1490.188	-1584.871	94.68331	0.6976885	0.5398682	5.172039
30570	-1497.238	-1592.856	95.61763	0.575542	0.6414613	4.636518
30576	-1490.413	-1586.816	96.40214	0.7008947	0.3747869	4.373169
30582	-1493.193	-1589.5	96.30638	0.7610213	0.392767	4.373169
30588	-1494.029	-1590.712	96.68292	0.9828249	0.4335656	3.989618
30594	-1491.058	-1588.042	96.98463	1.004119	0.5519868	3.689913
30600	-1495.981	-1590.23	94.24816	0.6720039	0.4015	5.558225
30606	-1488.744	-1584.225	95.48183	0.5858017	0.4427135	4.881244
30612	-1489.722	-1583.786	94.06439	0.4362475	0.4427135	5.746317
30618	-1491.741	-1585.775	94.03394	0.6744506	0.4555508	5.619886
30624	-1489.878	-1585.635	95.75709	0.7680288	0.5911564	4.490421
30630	-1485.697	-1581.246	95.54893	0.5527508	0.5770293	4.739611
30636	-1484.415	-1579.202	94.7871	0.4009909	0.5770293	5.247281
30642	-1493.944	-1589.12	95.176	0.6091076	0.6302906	4.873234
30648	-1485.461	-1581.04	95.57965	0.7491651	0.6302906	4.569171
30654	-1482.515	-1577.165	94.65005	0.8510187	0.4200972	5.218646
30660	-1477.208	-1572.741	95.53233	0.4328716	0.4925233	4.890213
30666	-1471.185	-1568.232	97.04681	0.9149624	0.439198	3.813979
30672	-1480.244	-1578.21	97.96564	0.9928363	0.4841463	3.186457
30678	-1490.466	-1589.255	98.78872	1.322587	0.5310875	2.437697
30684	-1480.254	-1576.82	96.56581	1.137629	0.6186717	3.797584
30690	-1475.811	-1568.764	92.95282	0.7034103	0.4495883	6.2004
30696	-1477.719	-1572.595	94.87586	0.6229806	0.6022165	5.05467
30702	-1488.229	-1582.483	94.25368	0.3714355	0.7289289	5.442875
30708	-1483.104	-1577.653	94.54932	0.5741261	0.5845317	5.276832
30714	-1492.296	-1587.235	94.93938	0.7208817	0.7512344	4.85413
30720	-1497.055	-1592.784	95.72929	0.7138335	0.633389	4.502496
30726	-1479.842	-1574.384	94.54242	0.7138335	0.5661074	5.218688
30732	-1477.195	-1571.619	94.42426	0.7427677	0.6272076	5.218688
30738	-1484.793	-1581.24	96.4468	0.8508124	0.4486752	4.183827
30744	-1475.134	-1571.369	96.23476	0.53133	0.5732856	4.369563
30750	-1476.144	-1571.308	95.16319	0.51582	0.5732856	4.978319
30756	-1483.856	-1578.741	94.88462	0.561557	0.743951	4.978319
30762	-1474.844	-1569.728	94.88468	0.6603209	0.6675902	4.978319
30768	-1477.56	-1571.551	93.9902	0.6288051	0.7434632	5.436205
30774	-1483.49	-1578.54	95.05028	0.5272389	0.5840541	5.025776
30780	-1479.484	-1574.478	94.99408	0.583443	0.5840541	5.025776
30786	-1476.067	-1571.761	95.69381	0.7524218	0.5840541	4.540669
30792	-1476.797	-1570.639	93.84156	0.7685068	0.6638197	5.497973
30798	-1478.629	-1574.735	96.10687	0.8944421	0.7360363	4.109841
30804	-1486.789	-1584.178	97.389	0.8720735	0.5456922	3.537538
30810	-1476.661	-1572.99	96.32893	0.7437948	0.4597526	4.300204
30816	-1477.477	-1573.162	95.68433	0.5837702	0.4835059	4.729658
30822	-1473.89	-1570.227	96.33739	0.7506862	0.7854341	4.025887
30828	-1479.502	-1575.058	95.55582	0.5041444	0.4880212	4.841615
30834	-1489.193	-1583.158	93.9647	0.610831	0.6390229	5.535651
30840	-1484.691	-1582.105	97.41436	1.005918	0.4880212	3.499084
30846	-1488.514	-1584.151	95.63724	0.8329265	0.79293	4.371562
30852	-1482.55	-1577.291	94.74075	0.6364589	0.7147417	5.037121
30858	-1483.452	-1579.692	96.23987	0.7298717	0.3593769	4.466054
30864	-1482.098	-1578.4	96.30262	0.6671234	0.3593769	4.466054
30870	-1484.807	-1580.016	95.20825	0.7017078	0.3593769	5.058199
30876	-1488.369	-1583.206	94.83648	0.571859	0.8068739	4.957094
30882	-1477.411	-1572.36	94.94829	0.7351441	0.5960756	4.957094
30888	-1469.696	-1564.667	94.97088	0.7171073	0.5960756	4.954561
30894	-1478.707	-1573.961	95.254	0.6626855	0.5009632	4.909422
30900	-1474.207	-1568.528	94.32114	0.5669246	0.5251856	5.456928
30906	-1476.126	-1570.684	94.55858	0.8479835	0.5513329	5.148014
30912	-1482.709	-1578.421	95.71235	0.6746685	0.8906633	4.355735
30918	-1486.257	-1582.659	96.40154	0.6949942	0.576916	4.179373
30924	-1492.268	-1587.101	94.83285	0.7014607	0.8775973	4.842183
30930	-1497.023	-1593.229	96.20597	0.666427	0.5408123	4.337633
30936	-1487.892	-1582.106	94.21358	0.6606456	0.6778765	5.342083
30942	-1483.099	-1578.98	95.88114	0.6788371	0.6437859	4.428563
30948	-1482.424	-1577.766	95.3419	0.7158432	0.6013579	4.74414
30954	-1490.37	-1584.643	94.27364	0.5634214	0.6431856	5.388536
30960	-1482.857	-1576.851	93.9942	0.4964867	0.5331987	5.668247
30966	-1487.757	-1583.519	95.76188	0.6175789	0.5315394	4.623288
30972	-1490.753	-1585.189	94.43622	0.398705	0.5315394	5.480609
30978	-1484.066	-1579.689	95.62306	0.7661708	0.5315394	4.617812
30984	-1489.921	-1585.208	95.28786	0.7661708	0.7097541	4.663366
30990	-1497.298	-1591.046	93.7481	0.658035	0.7043055	5.580615
30996	-1496.109	-1592.423	96.3136	0.7188609	0.7043055	4.115135
31002	-1479.403	-1574.088	94.68465	0.5723576	0.6124308	5.180522
31008	-1474.318	-1569.999	95.68125	0.5765758	0.4668377	4.751362
31014	-1476.266	-1572.716	96.45021	0.8008185	0.6944033	3.997842
31020	-1477.397	-1573.233	95.83552	0.5813985	0.5403603	4.594488
31026	-1479.088	-1574.593	95.50524	0.6207015	0.5403603	4.757398
31032	-1478.868	-1574.252	95.38379	0.7425301	0.6000646	4.706847
31038	-1484.707	-1580.955	96.24783	0.6895623	0.5105048	4.32825
31044	-1501.596	-1597.491	95.89472	0.732069	0.5386901	4.478025
31050	-1482.434	-1577.084	94.64966	0.6101543	0.5431534	5.236228
31056	-1488.693	-1584.038	95.3441	0.5388323	0.5431534	4.890521
31062	-1493.068	-1588.346	95.27838	0.6219338	0.5907819	4.84065
31068	-1483.382	-1578.503	95.12106	0.6112385	0.5730072	4.948921
31074	-1493.546	-1588.718	95.17131	0.6176933	0.5730072	4.917372
31080	-1486.294	-1582.453	96.15927	0.6969678	0.4504398	4.431724
31086	-1487.44	-1584.233	96.79314	0.7359793	0.5164852	3.986391
31092	-1491.45	-1587.675	96.22556	0.781912	0.5164852	4.283113
31098	-1476.894	-1573.2	96.306	0.8493941	0.4899826	4.224019
31104	-1477.689	-1573.677	95.98792	0.633067	0.4394656	4.575106
31110	-1478.996	-1573.744	94.74803	0.6229022	0.3995735	5.312043
31116	-1483.567	-1578.635	95.06792	0.4789363	0.5579312	5.064628
31122	-1487.188	-1580.857	93.66901	0.5965677	0.9410021	5.506819
31128	-1492.044	-1585.752	93.70808	0.5143987	0.5484127	5.802119
31134	-1488.956	-1582.543	93.58685	0.5894112	0.5404003	5.834231
31140	-1476.559	-1571.202	94.64233	0.5203283	0.4982685	5.329737
31146	-1478.773	-1573.223	94.45008	0.4751907	0.6565933	5.329737
31152	-1492.505	-1587.525	95.01903	0.4744955	0.4758828	5.167718
31158	-1490.24	-1585.133	94.8927	0.5362074	0.5146956	5.167718
31164	-1490.764	-1586.625	95.86144	0.6201902	0.4986265	4.595886
31170	-1492.557	-1587.293	94.73654	0.5644132	0.5257045	5.228714
31176	-1497.865	-1592.73	94.86493	0.4758906	0.5224518	5.209544
31182	-1492.932	-1586.635	93.70305	0.6357125	0.6287593	5.673511
31188	-1495.736	-1589.072	93.33631	0.4939429	0.4992551	6.059266
31194	-1491.966	-1585.797	93.83117	0.6733415	0.4865944	5.702355
31200	-1491.957	-1586.392	94.43546	0.71053	0.6827165	5.188388
31206	-1483.71	-1578.404	94.69455	0.5442013	0.6152589	5.188388
31212	-1490.396	-1585.099	94.70261	0.5871679	0.4610349	5.294559
31218	-1495.743	-1592.185	96.44157	0.9066341	0.442703	4.161161
31224	-1491.859	-1585.925	94.06655	0.5319057	1.017175	5.28071
31230	-1485.6	-1580.156	94.55574	0.5673385	0.5971371	5.266801
31236	-1485.564	-1580.686	95.12203	0.7829187	0.554353	4.868591
31242	-1488.492	-1582.516	94.02428	0.4801324	0.5105042	5.680695
31248	-1486.078	-1579.584	93.50517	0.6023614	0.7982649	5.680695
31254	-1492.387	-1586.496	94.10831	0.382168	0.5191024	5.680695
31260	-1478.563	-1573.34	94.77683	0.5526852	0.5883496	5.15976
31266	-1476.701	-1572.571	95.87024	0.5872643	0.5883496	4.530766
31272	-1476.424	-1570.038	93.61335	0.470749	0.6258971	5.815188
31278	-1477.568	-1571.485	93.91634	0.2072292	0.5983613	5.815188
31284	-1495.531	-1590.94	95.40926	0.6379948	0.6086178	4.744138
31290	-1489.058	-1582.986	93.92781	0.56239	0.6959013	5.540432
31296	-1495.945	-1589.776	93.83107	0.5708254	0.5636261	5.691078
31302	-1484.521	-1579.67	95.14912	0.5961164	0.628824	4.896591
31308	-1493.561	-1587.29	93.72898	0.2670499	0.427052	6.037603
31314	-1477.658	-1572.163	94.5048	0.512671	0.549539	5.364546
31320	-1482.137	-1577.668	95.53174	0.5130184	0.549539	4.794759
31326	-1486.382	-1582.668	96.28631	0.6523018	0.6689051	4.195033
31332	-1487.327	-1583.23	95.90285	0.8369925	0.8290053	4.195033
31338	-1495.123	-1590.018	94.89525	0.5523462	0.6107248	5.076287
31344	-1492.388	-1587.337	94.94936	0.5684972	0.5631638	5.076287
31350	-1491.415	-1585.864	94.44845	0.6707764	0.8722506	5.076287
31356	-1486.455	-1580.205	93.75055	0.6727445	0.6960421	5.577093
31362	-1509.985	-1603.949	93.96398	0.5980952	0.4383668	5.716961
31368	-1494.602	-1588.596	93.99423	0.5126871	0.4695585	5.716961
31374	-1496.18	-1591.217	95.03742	0.4702734	0.5388828	5.102715
31380	-1488.959	-1583.563	94.6046	0.499912	0.5868205	5.285421
31386	-1497.178	-1591.802	94.62396	0.4805481	0.5868205	5.285421
31392	-1492.422	-1587.437	95.01569	0.3492505	0.4283596	5.285421
31398	-1476.328	-1570.376	94.04799	0.5098295	0.5035959	5.657612
31404	-1485.845	-1579.666	93.82002	0.4900732	0.6707371	5.657612
31410	-1487.556	-1582.121	94.56512	0.3942383	0.4994521	5.440713
31416	-1483.71	-1578.174	94.4634	0.3124688	0.6192735	5.440713
31422	-1489.037	-1584.115	95.07845	0.5703176	0.6192735	4.957786
31428	-1482.155	-1577.287	95.13187	0.6025027	0.6389599	4.894752
31434	-1491.484	-1586.995	95.51113	0.5505536	0.4458688	4.881403
31440	-1484.165	-1578.999	94.8336	0.5387705	0.3980031	5.312926
31446	-1497.493	-1592.59	95.09633	0.5387705	0.6414026	4.948112
31452	-1483.036	-1576.832	93.79623	0.6418695	0.5027126	5.724034
31458	-1485.132	-1580.604	95.47143	0.6753658	0.5643977	4.725027
31464	-1484.061	-1578.264	94.20313	0.3210827	0.4821346	5.695692
31470	-1491.656	-1586.241	94.58569	0.5210412	0.7468033	5.164642
31476	-1497.869	-1592.56	94.69114	0.6210274	0.5941502	5.164642
31482	-1492.402	-1587.048	94.64597	0.6661982	0.5941502	5.164642
31488	-1488.336	-1584.246	95.90952	0.7809209	0.5584792	4.424903
31494	-1485.005	-1580.756	95.75033	0.7837523	0.66752	4.424903
31500	-1487.227	-1582.277	95.04985	0.4899648	0.4796956	5.138484
31506	-1496.195	-1591.588	95.39246	0.9047043	0.9696782	4.359356
31512	-1488.666	-1584.349	95.68215	0.7818758	0.8165491	4.359356
31518	-1496.594	-1593.546	96.95212	0.7818758	0.4469276	3.936763
31524	-1474.864	-1570.683	95.81848	0.788565	0.6452348	4.400895
31530	-1486.218	-1582.665	96.447	0.8741756	0.5357656	4.087506
31536	-1484.421	-1580.686	96.265	0.8740664	0.6604895	4.087506
31542	-1476.287	-1572.918	96.63138	0.765502	0.4891999	4.087506
31548	-1476.083	-1571.293	95.21049	0.687306	0.6451774	4.798839
31554	-1485.207	-1579.957	94.75037	0.09914466	0.6338026	5.388861
31560	-1491.297	-1586.021	94.72401	0.165402	0.6057206	5.388861
31566	-1501.1	-1595.806	94.70592	0.3166226	0.5183969	5.388861
31572	-1490.319	-1582.51	92.1914	0.7374162	0.6528952	6.423851
31578	-1493.529	-1585.992	92.46249	0.4866238	0.7376949	6.352647
31584	-1484.224	-1577.341	93.11724	0.4479146	0.530972	6.175646
31590	-1483.909	-1578.353	94.44444	0.459308	0.5780017	5.403387
31596	-1481.435	-1575.924	94.48895	0.6013525	0.4622784	5.403387
31602	-1487.752	-1583.654	95.90115	0.7313922	0.4622784	4.545862
31608	-1483.724	-1579.386	95.66282	0.682431	0.4323588	4.736803
31614	-1488.394	-1584.601	96.2069	0.7374147	0.5686903	4.272705
31620	-1483.556	-1579.055	95.49939	0.8656712	0.5274608	4.634993
31626	-1481.164	-1576.752	95.58775	0.7833117	0.5237018	4.634993
31632	-1497.026	-1594.449	97.42267	0.8666479	0.4305329	3.633911
31638	-1494.906	-1590.931	96.02515	1.037514	0.8189862	4.01783
31644	-1479.553	-1576.471	96.91892	0.9482574	0.4997681	3.808163
31650	-1478.885	-1575.256	96.37135	0.7088757	0.7494598	4.055345
31656	-1488.339	-1584.456	96.11728	0.7798771	0.5103138	4.351161
31662	-1488.048	-1581.557	93.50821	0.6950586	0.5078646	5.847925
31668	-1482.35	-1575.67	93.31995	0.5645957	0.7307088	5.847925
31674	-1483.458	-1576.912	93.45457	0.5135119	0.4753477	6.006069
31680	-1480.333	-1574.736	94.40289	0.5541345	0.4078231	5.531324
31686	-1480.811	-1575.255	94.44417	0.4489958	0.4423385	5.531324
31692	-1492.334	-1586.995	94.66118	0.5856757	0.5846968	5.208488
31698	-1479.3	-1573.962	94.66118	0.5856757	0.5846968	5.208488
31704	-1479.174	-1573.64	94.46589	0.7069092	0.6362528	5.208488
31710	-1479.708	-1574.163	94.45494	0.5675518	0.540142	5.369845
31716	-1483.692	-1579.577	95.88489	0.7049438	0.540142	4.497536
31722	-1483.869	-1578.012	94.14318	0.5629905	0.6249743	5.474627
31728	-1488.422	-1582.15	93.72762	0.7378978	0.6188534	5.611653
31734	-1487.214	-1581.207	93.99289	0.4726284	0.6188534	5.611653
31740	-1485.29	-1581.056	95.76575	0.8219397	0.6769151	4.38757
31746	-1489.791	-1587.85	98.05943	1.087015	0.64276	2.929396
31752	-1491.212	-1587.779	96.56673	1.015391	0.9432974	3.640398
31758	-1481.571	-1579.094	97.52344	1.097237	0.5014883	3.368677
31764	-1487.5	-1585.503	98.00256	0.8633787	0.4061852	3.323757
31770	-1492.178	-1588.086	95.90773	0.8633787	0.3961299	4.53636
31776	-1482.354	-1576.782	94.4277	0.7414847	0.8517515	5.061277
31782	-1478.792	-1573.398	94.60641	0.5285683	0.5351062	5.312159
31788	-1481.917	-1576.577	94.65945	0.4046926	0.5647718	5.325925
31794	-1489.243	-1583.924	94.68133	0.6123271	0.6058706	5.16546
31800	-1498.922	-1593.369	94.44649	0.5848743	0.5259798	5.377294
31806	-1491.962	-1588.353	96.39158	0.7730498	0.425138	4.283447
31812	-1480.504	-1576.043	95.53891	0.4329758	0.5436524	4.840513
31818	-1479.694	-1574.966	95.2727	0.5172077	0.4496283	5.028808
31824	-1487.71	-1582.072	94.36139	0.6971067	0.4134674	5.469636
31830	-1481.136	-1576.8	95.66409	0.5512985	0.5301578	4.716386
31836	-1478.418	-1573.42	95.00218	0.4707123	0.4904783	5.165458
31842	-1481.521	-1576.218	94.69768	0.7333674	0.5158962	5.165458
31848	-1488.903	-1584.236	95.33249	0.7507163	0.385943	4.932097
31854	-1483.421	-1578.625	95.20491	0.7507163	0.5456345	4.847862
31860	-1486.25	-1581.767	95.51648	0.7405388	0.5030318	4.717624
31866	-1485.61	-1580.566	94.95614	0.5670266	0.5612497	5.074959
31872	-1477.025	-1571.923	94.89837	0.3922021	0.4637253	5.29153
31878	-1483.699	-1577.519	93.82062	0.4988489	0.7134372	5.621728
31884	-1483.813	-1577.187	93.37408	0.450216	0.7134372	5.892867
31890	-1489.367	-1582.642	93.27516	0.5491395	0.7134372	5.892867
31896	-1493.828	-1586.851	93.0237	0.3249698	0.6455235	6.20136
31902	-1483.135	-1577.66	94.52426	0.4933115	0.6705195	5.268381
31908	-1479.254	-1574.409	95.15566	0.8263173	0.4500138	4.921663
31914	-1487.272	-1584.096	96.82416	0.8828795	0.4039451	3.997658
31920	-1487.325	-1582.179	94.85384	0.3324477	0.4824357	5.331345
31926	-1478.353	-1572.562	94.20856	0.4740741	0.6118511	5.497849
31932	-1479.647	-1574.9	95.25215	0.6754586	0.5166988	4.889027
31938	-1477.473	-1572.493	95.02039	0.6121277	0.4643539	5.101745
31944	-1480.69	-1576.003	95.31337	0.7470274	0.7492182	4.631871
31950	-1480.602	-1576.427	95.82537	0.600012	0.6092844	4.531685
31956	-1480.816	-1575.625	94.8091	0.3696985	0.5736345	5.25523
31962	-1489.871	-1586.106	96.23537	0.5481325	0.4439945	4.479177
31968	-1490.429	-1587.163	96.73395	0.6193229	0.5852457	4.026132
31974	-1492.158	-1586.885	94.72635	0.6491903	0.4803546	5.228768
31980	-1482.376	-1576.535	94.15874	0.6652869	0.4308894	5.580739
31986	-1482.627	-1576.841	94.21387	0.4976578	0.4945598	5.581458
31992	-1488.347	-1582.847	94.50004	0.5037738	0.6195431	5.314844
31998	-1486.64	-1581.261	94.6215	0.26271	0.5905355	5.40392
32004	-1488.767	-1583.248	94.48092	0.3665504	0.6158991	5.40392
32010	-1484.286	-1578.076	93.78957	0.6206415	0.6158991	5.644312
32016	-1479.08	-1573.163	94.08271	0.4716372	0.5206415	5.644312
32022	-1493.295	-1590.599	97.30357	0.9043593	0.525466	3.586984
32028	-1499.515	-1595.482	95.9665	0.8843711	0.4250996	4.46063
32034	-1489.696	-1585.924	96.22777	0.6829451	0.5674532	4.292781
32040	-1479.209	-1575.276	96.06683	0.8695937	0.550638	4.292781
32046	-1473.469	-1568.702	95.23246	0.6741634	0.5458838	4.874953
32052	-1483.44	-1577.837	94.39682	0.4446686	0.6928134	5.349253
32058	-1485.822	-1580.506	94.68416	0.4746977	0.4794715	5.349253
32064	-1493.607	-1589.331	95.72362	1.153101	0.5044469	4.368128
32070	-1484.023	-1578.301	94.2777	0.4456082	0.5228453	5.549603
32076	-1485.103	-1579.053	93.9498	0.7735038	0.5228453	5.549603
32082	-1485.385	-1580.429	95.04365	0.67471	0.597337	4.936646
32088	-1485.291	-1580.798	95.50782	0.7720226	0.6759426	4.561592
32094	-1486.363	-1581.163	94.80024	0.6065693	0.4266413	5.264042
32100	-1492.675	-1586.986	94.31162	0.6000183	0.4637096	5.500365
32106	-1494.041	-1588.371	94.33	0.5748794	0.560172	5.417588
32112	-1489.244	-1584.46	95.2159	0.7862975	0.4869435	4.874821
32118	-1502.703	-1596.527	93.82456	0.5940238	0.7208043	5.562132
32124	-1492.422	-1587.68	95.25747	0.499377	0.5467129	4.957607
32130	-1479.898	-1573.982	94.08395	0.3438839	0.5172469	5.716671
32136	-1482.157	-1575.79	93.63232	0.5036397	0.677353	5.7482
32142	-1500.579	-1598.874	98.2958	1.006887	0.450274	3.016263
32148	-1485.794	-1584.127	98.33268	0.970542	0.5751391	2.893515
32154	-1471.816	-1567.671	95.85515	0.7978421	0.489221	4.508442
32160	-1474.894	-1571.029	96.13471	0.7978421	0.489221	4.350878
32166	-1476.369	-1572.554	96.18481	0.8076368	0.5834446	4.232919
32172	-1481.563	-1578.863	97.30071	1.015583	0.444795	3.603265
32178	-1490.004	-1583.998	93.99387	0.8047921	0.4502127	5.575514
32184	-1485.8	-1581.89	96.08999	0.9822492	0.5612438	4.206593
32190	-1489.224	-1584.903	95.67903	0.9477612	0.7758332	4.294608
32196	-1483.469	-1577.484	94.01562	0.6272279	0.5476866	5.57229
32202	-1481.987	-1577.919	95.93115	0.6564658	0.581189	4.463537
32208	-1486.693	-1582.157	95.46364	0.6974544	0.7224	4.594279
32214	-1487.811	-1583.52	95.70902	0.5981422	0.6139952	4.594279
32220	-1505.856	-1603.738	97.88251	1.214118	0.4837659	3.104707
32226	-1489.437	-1582.973	93.53558	0.7760732	0.7921788	5.572639
32232	-1492.948	-1587.114	94.16556	0.7569452	0.5969192	5.377661
32238	-1488.345	-1584.086	95.74088	0.622592	0.7230587	4.480085
32244	-1484.196	-1580.526	96.32952	0.6640327	0.6659255	4.166114
32250	-1485.918	-1581.867	95.94908	0.8065302	0.6222219	4.335173
32256	-1487.039	-1582.756	95.71727	1.03915	0.8257634	4.187744
32262	-1483.421	-1578.798	95.37776	0.8054159	0.6555131	4.631287
32268	-1489.743	-1586.592	96.84937	0.7326006	0.5849857	3.895478
32274	-1487.584	-1584.5	96.91606	0.6448131	0.510319	3.973957
32280	-1497.505	-1594.686	97.18065	0.7268474	0.6782139	3.632351
32286	-1495.131	-1591.663	96.53152	0.6506979	0.6782139	4.049326
32292	-1484.438	-1580.534	96.09638	0.7243994	0.6200903	4.300031
32298	-1493.946	-1590.423	96.47669	0.786647	0.6600116	4.016998
32304	-1488.405	-1583.111	94.70579	0.7636852	0.6600116	5.025968
32310	-1489.371	-1584.716	95.34516	0.7114768	0.7229875	4.652422
32316	-1492.579	-1587.413	94.83436	0.6238657	0.7229875	4.986279
32322	-1488.529	-1583.402	94.87237	0.4533108	0.7021295	5.074737
32328	-1504.627	-1598.206	93.57907	0.3929252	0.7021295	5.820103
32334	-1484.673	-1580.948	96.27536	0.7528526	0.436866	4.348443
32340	-1485.649	-1582.055	96.4069	0.8286603	0.8088207	3.925707
32346	-1488.793	-1585.973	97.18076	0.848009	0.8088207	3.466971
32352	-1481.204	-1575.996	94.79199	0.6542649	0.7236279	4.992478
32358	-1491.824	-1588.455	96.63075	0.800251	0.4632156	4.093394
32364	-1491.467	-1587.631	96.16337	0.8778874	0.4460186	4.331749
32370	-1495.436	-1591.904	96.46737	0.8479812	0.8943862	3.824508
32376	-1494.685	-1591.316	96.63077	0.8291627	0.6104368	3.944156
32382	-1487.144	-1582.69	95.54653	0.659978	0.6389782	4.630971
32388	-1500.806	-1595.266	94.46023	0.3896697	0.6389782	5.384674
32394	-1494.962	-1589.302	94.33926	0.5106333	0.6389782	5.384674
32400	-1500.226	-1593.963	93.73728	0.4391291	0.6389782	5.754641
32406	-1492.45	-1586.136	93.68632	0.4900917	0.6389782	5.754641
32412	-1484.087	-1578.738	94.65119	0.5161781	0.5502126	5.28125
32418	-1486.928	-1581.431	94.50321	0.5161781	0.6152384	5.30963
32424	-1488.847	-1584.015	95.16877	0.6796395	0.7145848	4.774888
32430	-1490.309	-1588.455	98.14609	0.9453879	0.5132798	3.078608
32436	-1483.35	-1580.781	97.43156	0.9453879	0.4613742	3.55095
32442	-1491.249	-1588.36	97.1112	0.8777837	0.4983158	3.739343
32448	-1489.266	-1584.779	95.51295	0.7371155	0.6718952	4.581347
32454	-1482.267	-1576.555	94.28797	0.6657874	0.6490341	5.319729
32460	-1496.733	-1592.489	95.75536	0.7226145	0.7280344	4.412027
32466	-1499.871	-1593.777	93.90532	0.7040512	0.6923419	5.477465
32472	-1486.798	-1583.058	96.26057	0.6171013	0.5509142	4.325773
32478	-1485.747	-1582.739	96.99178	0.6530942	0.5455478	3.893718
32484	-1494.054	-1590.089	96.03532	0.6841821	0.6522903	4.331916
32490	-1491.051	-1584.655	93.60388	0.5333935	0.5799353	5.822538
32496	-1479.892	-1572.738	92.84616	0.6064172	0.5799353	6.195966
32502	-1474.804	-1568.029	93.225	0.397175	0.4737406	6.195966
32508	-1471.74	-1567.759	96.019	0.5899355	0.556929	4.472155
32514	-1483.945	-1580.27	96.32532	0.7744699	0.5811332	4.17395
32520	-1483.267	-1579.693	96.4258	0.7694997	0.5193848	4.17395
32526	-1487.308	-1582.017	94.70898	0.6238754	0.6714368	5.093215
32532	-1497.832	-1594.552	96.71963	0.9492947	0.6580894	3.785883
32538	-1494.518	-1590.899	96.38118	0.7946259	0.6580894	4.068428
32544	-1508.85	-1604.414	95.56418	0.5661983	0.465544	4.823769
32550	-1493.497	-1591.065	97.56786	0.8152041	0.5105343	3.499051
32556	-1485.548	-1581.175	95.62683	0.6040883	0.677551	4.587851
32562	-1495.239	-1590.637	95.39825	0.5914623	0.6244339	4.763691
32568	-1481.782	-1577.089	95.30692	0.6649127	0.5235332	4.858263
32574	-1479.748	-1575.815	96.06696	0.8707661	0.9823459	3.98812
32580	-1473.884	-1567.833	93.94905	0.4221359	0.4581676	5.802144
32586	-1478.809	-1574.074	95.26527	0.6896761	0.65155	4.762036
32592	-1479.426	-1574.993	95.56712	0.535662	0.5499117	4.762036
32598	-1475.306	-1570.579	95.27361	0.7560844	0.6221656	4.743143
32604	-1478.155	-1573.005	94.84995	0.8018824	0.6221656	4.953799
32610	-1480.873	-1575.721	94.84859	0.5751401	0.6364159	5.069369
32616	-1481.598	-1575.912	94.31434	0.5914055	0.5827116	5.398421
32622	-1492.963	-1588.077	95.11376	0.5525784	0.4626051	5.084685
32628	-1485.242	-1580.376	95.13466	0.4667128	0.5008811	5.084685
32634	-1477.966	-1574.874	96.90826	0.8029179	0.382583	4.019087
32640	-1471.354	-1568.337	96.9827	0.7284783	0.382583	4.019087
32646	-1474.587	-1571.269	96.68127	0.805704	0.5981465	3.938847
32652	-1479.604	-1573.543	93.93851	0.5638904	0.6055575	5.601866
32658	-1475.094	-1569.826	94.73185	0.7962849	0.6055575	5.035728
32664	-1487.951	-1583.147	95.19587	0.5462436	0.6404213	4.889312
32670	-1481.363	-1575.725	94.36164	0.4312086	0.4785651	5.551594
32676	-1486.614	-1579.502	92.88816	0.5923157	0.6381685	6.13519
32682	-1485.055	-1580.278	95.22325	0.5997511	0.515021	4.948764
32688	-1480.055	-1574.261	94.20548	0.5317304	0.515021	5.548891
32694	-1480.953	-1575.202	94.24867	0.4069126	0.567173	5.548891
32700	-1486.79	-1581.013	94.22292	0.4478989	0.5571721	5.548891
32706	-1494.742	-1588.981	94.23925	0.4538266	0.5427747	5.548891
32712	-1496.403	-1591.715	95.312	0.6272971	0.6345244	4.783928
32718	-1492.672	-1586.67	93.99852	0.435524	0.6687376	5.591063
32724	-1487.059	-1582.256	95.19684	0.45962	0.491087	5.063164
32730	-1482.913	-1579.211	96.29834	0.9008002	0.5278772	4.164049
32736	-1484.456	-1579.793	95.33717	0.8687555	0.5278772	4.723707
32742	-1486.591	-1582.135	95.54352	0.5979853	0.6855944	4.63201
32748	-1487.782	-1583.158	95.3768	0.4720072	0.4559383	4.989889
32754	-1488.506	-1582.637	94.13115	0.6286928	0.4559383	5.591268
32760	-1487.436	-1582.08	94.64484	0.3968127	0.4828736	5.410675
32766	-1488.968	-1583.412	94.44404	0.5261638	0.5263517	5.410675
32772	-1484.035	-1577.979	93.94376	0.2225002	0.557145	5.825515
32778	-1476.736	-1570.637	93.90045	0.2165057	0.6247186	5.798124
32784	-1475.969	-1570.847	94.87812	0.7809517	0.6522083	4.926498
32790	-1476.406	-1571.498	95.0924	0.842122	0.6522083	4.77294
32796	-1486.475	-1581.655	95.18059	0.6108223	0.6562619	4.849703
32802	-1487.458	-1581.838	94.37989	0.7150272	0.5188147	5.34859
32808	-1486.819	-1581.512	94.69323	0.6571242	0.5125014	5.213152
32814	-1483.924	-1579.527	95.60229	0.6608044	0.6147575	4.618381
32820	-1483.074	-1578.603	95.52898	0.6261703	0.5807483	4.706608
32826	-1478.029	-1573.367	95.33853	0.5112144	0.606048	4.856441
32832	-1479.752	-1573.916	94.16383	0.468654	0.6260703	5.514312
32838	-1469.915	-1564.939	95.02354	0.6033703	0.6260703	4.96459
32844	-1473.062	-1568.001	94.93941	0.4112477	0.6862607	5.072405
32850	-1468.758	-1564.699	95.94153	0.5934183	0.4538167	4.608986
32856	-1470.925	-1566.623	95.69794	0.6114123	0.8777724	4.407542
32862	-1481.187	-1577.913	96.72632	0.900342	0.6056284	3.852497
32868	-1473.733	-1568.879	95.14576	0.5771289	0.5739453	4.953372
32874	-1486.006	-1579.992	93.98626	0.4552103	0.6156857	5.627327
32880	-1491.904	-1587.836	95.93253	0.799988	0.4515414	4.500281
32886	-1478.995	-1574.95	95.95452	0.6496496	0.5423447	4.487535
32892	-1488.675	-1584.566	95.89125	0.5054169	0.4636951	4.676759
32898	-1485.937	-1581.064	95.12729	0.6537267	0.6255741	4.879213
32904	-1482.583	-1577.504	94.92121	0.8598025	0.6255741	4.879213
32910	-1478.495	-1573.409	94.91396	0.4525039	0.6310065	5.10532
32916	-1477.597	-1572.858	95.26106	0.6967286	0.4768884	4.909054
32922	-1483.538	-1580.456	96.91858	0.8322428	0.4768884	3.897115
32928	-1478.732	-1574.719	95.98647	0.8559112	0.6221454	4.286158
32934	-1481.993	-1577.68	95.68727	0.8559112	0.854904	4.289819
32940	-1479.232	-1574.432	95.1999	0.5493439	0.4543742	5.046709
32946	-1479.661	-1573.535	93.87401	0.6030758	0.7127341	5.535658
32952	-1483.394	-1578.967	95.57298	0.7868122	0.7127341	4.489576
32958	-1487.015	-1583.577	96.56171	0.7868122	0.6179579	4.001728
32964	-1482.089	-1578.624	96.53531	0.8859811	0.4154306	4.148113
32970	-1498.622	-1593.471	94.84911	0.6555358	0.5912384	5.06034
32976	-1498.964	-1594.056	95.0922	0.6932044	0.49251	4.990247
32982	-1489.859	-1587.379	97.5206	1.073894	0.715198	3.201592
32988	-1485.393	-1581.333	95.9396	0.839891	0.4546721	4.470735
32994	-1499.3	-1594.777	95.47726	0.6730443	0.5736974	4.715212
33000	-1484.513	-1579.547	95.03363	0.6864182	0.6426567	4.899873
33006	-1483.861	-1578.551	94.69017	0.4947309	0.6426567	5.196872
33012	-1495.377	-1592.57	97.1938	0.9018387	0.7492036	3.469837
33018	-1484.028	-1576.898	92.87003	0.568973	0.5703826	6.211132
33024	-1487.313	-1582.988	95.67502	0.7815652	0.4726614	4.634499
33030	-1479.044	-1576.152	97.10809	0.9148447	0.6746482	3.568087
33036	-1481.303	-1577.622	96.31934	0.6222279	0.6442178	4.21245
33042	-1493.581	-1588.936	95.35442	0.7458923	0.7897967	4.581844
33048	-1501.371	-1596.267	94.89618	0.6811466	0.5036434	5.095498
33054	-1478.517	-1573.808	95.29108	0.6103521	0.6440075	4.797713
33060	-1487.241	-1580.477	93.23578	0.6103521	0.4608293	6.086237
33066	-1477.321	-1571.493	94.1714	0.244724	0.51061	5.728983
33072	-1479.938	-1574.394	94.4554	0.3946325	0.6659415	5.364247
33078	-1487.982	-1582.086	94.10412	0.50548	0.6063441	5.542358
33084	-1487.893	-1582.731	94.83737	0.496548	0.5925579	5.153895
33090	-1481.32	-1575.488	94.16887	0.6279833	0.6703027	5.390325
33096	-1480.496	-1576.512	96.01636	0.7647607	0.5554564	4.376362
33102	-1485.381	-1581.613	96.23197	0.7647607	0.5253248	4.281155
33108	-1482.88	-1579.589	96.70899	0.7516475	0.5253248	4.017407
33114	-1496.128	-1592.475	96.34697	0.7196459	0.5253248	4.241566
33120	-1486.837	-1581.369	94.53226	0.7182446	0.6594951	5.14778
33126	-1483.58	-1577.618	94.03731	0.599883	0.6594951	5.486278
33132	-1481.513	-1576.207	94.69402	0.6772516	0.6488378	5.088928
33138	-1480.025	-1575.071	95.04573	0.6772516	0.6488378	4.893491
33144	-1486.568	-1581.605	95.03732	0.6856642	0.6488378	4.893491
33150	-1480.616	-1576.231	95.61524	0.5028184	0.6174156	4.697498
33156	-1483.783	-1578.403	94.61983	0.6078484	0.658281	5.161334
33162	-1483.918	-1578.899	94.98055	0.7345333	0.6101373	4.928158
33168	-1481.904	-1577.202	95.29811	0.6788139	0.4463074	4.928158
33174	-1464.448	-1559.633	95.18565	0.6688912	0.5076209	4.93792
33180	-1483.154	-1576.769	93.61542	0.7199451	0.7630347	5.57891
33186	-1476.84	-1572.502	95.66234	0.6646021	0.5567177	4.630736
33192	-1477.205	-1572.678	95.47243	0.7518486	0.6265869	4.630736
33198	-1479.538	-1575.195	95.65731	0.9210705	1.005124	4.179826
33204	-1476.505	-1572.617	96.11179	0.9056797	0.662136	4.15543
33210	-1472.01	-1566.027	94.01745	0.4359838	0.6143998	5.621772
33216	-1473.62	-1567.481	93.86109	0.5631288	0.6350804	5.621772
33222	-1472.208	-1567.295	95.08665	0.6370253	0.4867801	5.029877
33228	-1479.611	-1573.342	93.73144	0.5046372	0.4867801	5.849123
33234	-1476.21	-1571.28	95.07078	0.7057457	0.475798	5.010881
33240	-1469.622	-1565.395	95.77257	0.5670662	0.605909	4.582575
33246	-1478.373	-1573.651	95.27783	0.4954083	0.5285079	4.964396
33252	-1470.068	-1564.95	94.88214	0.5921134	0.5683524	5.096103
33258	-1478.666	-1573.438	94.77202	0.505589	0.5683524	5.204996
33264	-1483.544	-1577.803	94.25872	0.7022813	0.5592241	5.387463
33270	-1478.597	-1574.755	96.15845	0.8347577	0.4511359	4.353746
33276	-1482.762	-1578.066	95.30396	0.8145361	0.453931	4.841745
33282	-1489.928	-1586.846	96.91826	0.7723286	0.5348121	3.877131
33288	-1483.141	-1580.003	96.86216	1.03175	0.5696459	3.729153
33294	-1480.056	-1575.408	95.35164	0.5894411	0.6340913	4.783273
33300	-1483.007	-1578.362	95.35539	0.5370378	0.6695931	4.783273
33306	-1489.959	-1583.915	93.95543	0.5653914	0.6174646	5.582376
33312	-1489.723	-1584.321	94.59827	0.5571166	0.6162336	5.233725
33318	-1486.812	-1580.846	94.03403	0.536604	0.56004	5.601506
33324	-1479.264	-1573.113	93.84945	0.5119755	0.56004	5.716251
33330	-1479.362	-1576.179	96.81659	0.9337214	0.6357605	3.756697
33336	-1476.148	-1571.659	95.51103	0.8418444	0.8035853	4.430619
33342	-1504.088	-1597.865	93.77773	0.3531643	0.735281	5.709938
33348	-1497.274	-1591.296	94.02171	0.4650775	0.4889045	5.709938
33354	-1494.83	-1591.719	96.8892	0.9235968	0.9178492	3.521949
33360	-1490.329	-1586.799	96.46952	1.229825	0.5746796	3.83689
33366	-1489.273	-1586.409	97.13628	1.197127	0.5921042	3.454437
33372	-1489.516	-1587.74	98.22387	1.023965	0.6856645	2.832967
33378	-1483.831	-1582.141	98.30964	1.038507	0.4628091	2.975732
33384	-1485.8	-1580.212	94.41221	0.4847499	0.6059716	5.3845
33390	-1484.17	-1580.332	96.16158	0.7783606	0.5810902	4.264659
33396	-1479.935	-1576.64	96.70508	0.7901985	0.5855261	3.944702
33402	-1488.514	-1583.447	94.93368	0.5969351	0.4749659	5.148053
33408	-1497.551	-1593.422	95.87094	0.695739	0.764114	4.336643
33414	-1495.046	-1590.32	95.27394	0.5462322	0.6338228	4.850937
33420	-1493.244	-1588.545	95.30087	0.7678779	1.033134	4.452423
33426	-1491.502	-1586.296	94.79415	0.5819954	0.50701	5.203842
33432	-1482.244	-1576.012	93.76753	0.5140453	0.5960481	5.730538
33438	-1488.69	-1584.454	95.76387	0.8092369	0.5495376	4.498721
33444	-1489.671	-1583.028	93.35634	0.6185215	0.6483511	5.857823
33450	-1492.23	-1586.478	94.2486	0.4384224	0.5608343	5.536907
33456	-1498.491	-1591.358	92.86664	0.2893491	0.4285733	6.49255
33462	-1480.139	-1574.752	94.61327	0.5731224	0.5770457	5.24821
33468	-1496.183	-1590.78	94.59667	0.5436538	0.7087897	5.172666
33474	-1480.672	-1576.404	95.73196	0.7018204	0.6511783	4.493895
33480	-1484.496	-1580.198	95.70243	0.7018204	0.4642042	4.672013
33486	-1487.452	-1583.2	95.74757	0.7018204	0.5800262	4.542254
33492	-1501.156	-1596.547	95.39088	0.8004857	0.4794968	4.776337
33498	-1499.563	-1593.19	93.62626	0.551548	0.5806777	5.799754
33504	-1491.323	-1587.288	95.96509	0.5701302	0.4968888	4.567427
33510	-1484.943	-1579.848	94.90583	0.6262841	0.5286618	5.098128
33516	-1483.026	-1578.609	95.58217	0.7979335	0.6570973	4.51953
33522	-1489.894	-1583.557	93.66282	0.6062134	0.7829579	5.602087
33528	-1483.087	-1576.816	93.7292	0.5657763	0.7615439	5.602087
33534	-1487.368	-1582.715	95.3461	0.7654822	0.6403422	4.683086
33540	-1487.823	-1583.362	95.53888	0.6970353	0.4942578	4.737553
33546	-1479.003	-1574.184	95.1812	0.7771023	0.4947614	4.891981
33552	-1474.301	-1570.153	95.85152	0.6752382	0.5531197	4.521675
33558	-1493.629	-1588.733	95.10382	0.7139041	0.5924079	4.885345
33564	-1488.463	-1583.111	94.64767	0.6060544	0.5924079	5.198401
33570	-1483.217	-1578.957	95.73979	0.7144087	0.4757409	4.63288
33576	-1480.26	-1575.118	94.8573	0.6850611	0.5444474	5.078673
33582	-1480.46	-1575.582	95.12187	0.6144939	0.5274537	4.985829
33588	-1490.473	-1584.908	94.43554	0.540524	0.6995837	5.270088
33594	-1498.345	-1592.786	94.44163	0.6706866	0.4611474	5.392344
33600	-1490.232	-1587.937	97.70473	0.9579967	0.4466481	3.399244
33606	-1482.609	-1580.174	97.56445	0.9781529	0.5173999	3.399244
33612	-1480.073	-1577.048	96.97468	0.9781529	0.5173999	3.74219
33618	-1487.421	-1584.134	96.71323	0.8561572	0.5217843	3.958477
33624	-1483.136	-1578.939	95.8031	0.6906139	0.7826545	4.36519
33630	-1476.052	-1572.054	96.00159	0.6906139	0.6809501	4.325506
33636	-1477.392	-1571.65	94.25797	0.506049	0.6809501	5.40059
33642	-1494.341	-1588.426	94.08475	0.6480009	0.5641279	5.509009
33648	-1493.718	-1589.32	95.60211	0.4883717	0.4019747	4.910673
33654	-1492.768	-1587.676	94.90819	0.5226671	0.4721861	5.205906
33660	-1473.736	-1568.508	94.772	0.4844233	0.5813949	5.205906
33666	-1478.886	-1574.909	96.02341	0.7696479	0.4831844	4.435324
33672	-1484.249	-1580.597	96.34819	0.5996624	0.3084434	4.540695
33678	-1479.734	-1575.504	95.77057	0.6293025	0.615902	4.540695
33684	-1477.843	-1572.918	95.07547	0.7266266	0.615902	4.875113
33690	-1494.799	-1590.598	95.7994	0.7765235	0.5108275	4.531683
33696	-1494.61	-1589.321	94.7109	0.5972585	0.7049289	5.082445
33702	-1499.463	-1595.02	95.55716	0.8827834	0.7049289	4.450119
33708	-1501.273	-1598.536	97.26293	0.9080278	0.5485541	3.587369
33714	-1498.494	-1590.896	92.40255	0.7018199	0.5746514	6.389385
33720	-1495.763	-1591.282	95.51895	0.7339102	0.7759036	4.505499
33726	-1494.674	-1590.413	95.73986	0.6827819	0.5931729	4.54637
33732	-1484.748	-1581.282	96.53425	0.7834548	0.4544828	4.166561
33738	-1486.149	-1582.591	96.44158	0.8761302	0.4544828	4.166561
33744	-1490.084	-1585.259	95.1742	0.6782726	0.4765819	4.967932
33750	-1488.99	-1584.616	95.62597	0.8533568	0.7199376	4.417058
33756	-1495.438	-1592.275	96.83751	0.8560547	0.7562592	3.698415
33762	-1486.233	-1583.664	97.43126	1.194262	0.4962391	3.370937
33768	-1489.479	-1586.671	97.19171	1.206681	0.7236068	3.311093
33774	-1498.474	-1595.021	96.54657	0.9649627	0.7819194	3.785476
33780	-1482.538	-1577.709	95.17131	0.8078064	0.5699675	4.813978
33786	-1484.271	-1580.245	95.97341	0.8381496	0.5699675	4.346702
33792	-1484.97	-1580.182	95.21227	0.611843	0.5699675	4.900376
33798	-1482.54	-1578.283	95.74343	0.6854515	0.7541388	4.42133
33804	-1480.15	-1576.135	95.98494	0.6208896	0.5117939	4.51399
33810	-1478.881	-1572.454	93.57299	0.4985681	0.4714316	5.953281
33816	-1477.758	-1571.6	93.84272	0.5696838	0.5327641	5.711537
33822	-1475.376	-1569.91	94.53441	0.4634889	0.5327641	5.389803
33828	-1485.85	-1580.12	94.27005	0.4897722	0.5711345	5.488291
33834	-1483.176	-1578.621	95.44557	0.4958547	0.4601748	4.934249
33840	-1474.583	-1569.035	94.45161	0.647422	0.715714	5.190591
33846	-1480.421	-1576.068	95.64709	0.5636461	0.502506	4.743986
33852	-1486.668	-1581.373	94.70462	0.6477339	0.7355948	5.036238
33858	-1481.066	-1575.944	94.87869	0.6805125	0.5836972	5.036238
33864	-1483.705	-1578.259	94.55423	0.6616226	0.6047138	5.209437
33870	-1474.261	-1568.834	94.573	0.6428535	0.6047138	5.209437
33876	-1470.716	-1565.697	94.98061	0.6124126	0.7215548	4.912316
33882	-1480.705	-1575.738	95.03342	0.6124126	0.5206686	5.042139
33888	-1479.448	-1575.068	95.62021	0.5768179	0.6322923	4.641513
33894	-1482.046	-1575.674	93.62842	0.4260334	0.6322923	5.82649
33900	-1491.669	-1585.317	93.64869	0.4899886	0.5228601	5.869966
33906	-1491.712	-1585.241	93.52893	0.6097487	0.5228601	5.869966
33912	-1482.105	-1576.639	94.53413	0.6097487	0.8274155	5.090685
33918	-1486.961	-1581.845	94.88378	0.6435903	0.5401737	5.090685
33924	-1490.273	-1585.396	95.12328	0.639014	0.5673969	4.936944
33930	-1494.057	-1590.242	96.18456	0.8925879	0.6588743	4.124008
33936	-1490.544	-1586.333	95.78926	0.6972535	0.7090956	4.420845
33942	-1486.886	-1584.37	97.48349	0.7625669	0.4745986	3.613706
33948	-1504.903	-1601.678	96.77543	0.6795085	0.5018158	4.042439
33954	-1481.924	-1576.646	94.7226	0.7592294	0.8047653	4.917588
33960	-1490.84	-1586.35	95.51061	0.6677488	0.5084206	4.756656
33966	-1490.633	-1588.164	97.53148	1.041232	0.4336504	3.46566
33972	-1485.353	-1581.786	96.4333	0.8342259	0.5844202	4.075739
33978	-1481.016	-1577.844	96.82813	0.8110344	0.5844202	3.863132
33984	-1486.343	-1582.116	95.77224	0.8462716	0.8526455	4.248592
33990	-1489.45	-1585.252	95.80156	0.7828972	0.8051872	4.298782
33996	-1480.229	-1576.55	96.32088	0.6345796	0.5316884	4.298782
34002	-1487.33	-1583.178	95.84792	0.742694	0.8532082	4.264039
34008	-1484.364	-1578.707	94.34283	0.6055466	0.4952022	5.450641
34014	-1475.878	-1571.891	96.01288	0.6559305	0.5979643	4.403858
34020	-1482.419	-1577.112	94.69265	0.6499699	0.4783076	5.248897
34026	-1490.55	-1585.82	95.26966	0.5044922	0.5723681	4.92617
34032	-1486.536	-1582.102	95.5658	0.6186001	0.6365845	4.645228
34038	-1481.421	-1576.923	95.50179	0.6809571	0.637771	4.645228
34044	-1473.24	-1568.008	94.76835	0.6555301	0.637771	5.068241
34050	-1475.624	-1570.373	94.74899	0.6748881	0.637771	5.068241
34056	-1481.3	-1577.521	96.22092	0.6613718	0.5110188	4.358912
34062	-1481.893	-1577.502	95.60899	0.6913548	0.6012577	4.608399
34068	-1478.368	-1573.37	95.00194	0.6763685	0.5191574	5.025457
34074	-1477.031	-1571.999	94.96799	0.5208622	0.6465195	5.025457
34080	-1472.925	-1568.383	95.45776	0.5805381	0.6465195	4.719309
34086	-1473.471	-1568.868	95.397	0.5791067	0.6627248	4.741706
34092	-1474.754	-1568.628	93.87371	0.4809849	0.5347839	5.741408
34098	-1476.629	-1571.489	94.86062	0.68746	0.5887066	5.038302
34104	-1477.883	-1572.589	94.70592	0.7381132	0.7969291	4.943761
34110	-1482.671	-1578.519	95.84815	0.8601419	0.7514482	4.265326
34116	-1482.349	-1578.407	96.05748	0.8028131	0.6355773	4.265326
34122	-1483.224	-1577.599	94.37434	0.567998	0.5618173	5.395569
34128	-1486.033	-1580.138	94.1045	0.6224648	0.6502584	5.44381
34134	-1479.722	-1573.979	94.25653	0.5582448	0.7587859	5.317841
34140	-1478.184	-1572.397	94.2129	0.6018712	0.7587859	5.317841
34146	-1486.887	-1581.629	94.742	0.5658125	0.7904019	5.02377
34152	-1476.556	-1571.35	94.79426	0.5796212	0.6320185	5.100421
34158	-1480.64	-1575.806	95.16591	0.503919	0.6883934	4.893458
34164	-1479.793	-1573.927	94.13379	0.4306887	0.585949	5.58351
34170	-1489.078	-1582.064	92.98683	0.5154126	0.5341405	6.207136
34176	-1486.334	-1582.006	95.6721	0.6487968	0.5228131	4.663896
34182	-1491.824	-1587.259	95.43542	0.7087125	0.3970363	4.886107
34188	-1481.772	-1576.773	95.00035	0.6164064	0.5442546	5.037562
34194	-1490.456	-1583.85	93.39437	0.7040425	0.5084917	5.904671
34200	-1486.705	-1582.766	96.06083	0.8787324	0.4328639	4.402601
34206	-1481.025	-1577.571	96.54602	0.8554768	0.3556847	4.226444
34212	-1485.446	-1580.413	94.96669	0.5844082	0.5174743	5.097541
34218	-1490.63	-1585.937	95.30676	0.49511	0.3776202	5.097541
34224	-1485.296	-1581.262	95.96587	0.7769845	0.3920578	4.556685
34230	-1486.023	-1581.963	95.93931	0.8153869	0.6185495	4.338639
34236	-1489.322	-1585.313	95.99149	0.7112886	0.6558201	4.338639
34242	-1489.941	-1585.581	95.64023	0.8128726	0.8582501	4.338639
34248	-1486.606	-1580.108	93.5023	0.6822428	0.633649	5.754257
34254	-1503.436	-1596.876	93.44066	0.5969082	0.7452198	5.754257
34260	-1486.708	-1582.072	95.36401	0.6400777	0.4271813	4.932362
34266	-1483.831	-1580.474	96.64292	0.5685151	0.4772061	4.204492
34272	-1483.475	-1578.871	95.39618	0.5327169	0.6656848	4.765845
34278	-1485.251	-1580.73	95.47908	0.7622703	0.540362	4.692867
34284	-1484.582	-1578.896	94.31379	0.4648693	0.5782251	5.472081
34290	-1477.823	-1572.721	94.89774	0.3437998	0.4887243	5.294991
34296	-1466.765	-1561.107	94.34204	0.417267	0.476251	5.572191
34302	-1473.057	-1568.279	95.22253	0.5858754	0.5252393	4.947742
34308	-1478.614	-1573.431	94.81723	0.4702546	0.513543	5.246977
34314	-1483.518	-1578.174	94.65589	0.4377525	0.6262712	5.259978
34320	-1483.619	-1579.664	96.04472	0.7340159	0.6477909	4.301911
34326	-1476.086	-1572.091	96.00447	0.9112405	0.6477909	4.224327
34332	-1476.722	-1572.173	95.45106	0.6055416	0.6477909	4.708092
34338	-1477.64	-1572.931	95.2905	0.6530316	0.6320116	4.783528
34344	-1490.274	-1586.032	95.75828	0.8560758	0.4770687	4.541727
34350	-1485.745	-1583.401	97.65656	0.8052308	0.5109381	3.452691
34356	-1492.165	-1588.382	96.21715	0.5803369	0.5951868	4.333495
34362	-1482.472	-1579.665	97.19357	0.712184	0.5942783	3.701163
34368	-1479.994	-1576.163	96.16847	0.7196875	0.4750701	4.38949
34374	-1488.419	-1584.107	95.688	0.7081437	0.5584535	4.590436
34380	-1499.843	-1594.309	94.46595	0.6772641	0.6348382	5.225938
34386	-1491.906	-1589.057	97.15126	0.6456734	0.6348382	3.730539
34392	-1483.389	-1577.909	94.52049	0.6268747	0.7194965	5.161167
34398	-1485.589	-1582.638	97.04912	0.8508416	0.5078188	3.781656
34404	-1489.457	-1584.155	94.69849	0.7065884	0.8176714	4.951902
34410	-1478.414	-1573.716	95.30141	0.8396791	0.507052	4.778723
34416	-1487.915	-1580.19	92.27483	0.2774282	0.7477505	6.56094
34422	-1493.479	-1587.718	94.23977	0.3165278	0.4391499	5.719353
34428	-1494.961	-1590.315	95.35362	0.8595353	0.4391499	4.803685
34434	-1488.181	-1584.43	96.24913	0.7433798	0.5079632	4.299421
34440	-1475.833	-1572.391	96.55814	0.7433798	0.34202	4.299421
34446	-1485.594	-1580.468	94.87464	0.7121096	0.7773273	4.877345
34452	-1491.582	-1586.943	95.36097	1.064599	0.7773273	4.407262
34458	-1484.899	-1582.239	97.33989	0.9895672	0.3852073	3.660639
34464	-1483.963	-1579.923	95.9596	0.7728565	0.6870645	4.298165
34470	-1493.917	-1588.518	94.60161	0.7529802	0.6144251	5.124909
34476	-1484.667	-1579.05	94.38345	0.886186	0.6144251	5.171954
34482	-1479.973	-1574.575	94.60187	0.6677663	0.6144251	5.171954
34488	-1479.868	-1575.27	95.40188	0.7277654	0.6144251	4.693404
34494	-1480.346	-1574.742	94.39647	0.6991834	0.5041176	5.361371
34500	-1477.217	-1571.716	94.49904	0.3957036	0.637123	5.361371
34506	-1488.213	-1582.587	94.37318	0.5215661	0.637123	5.361371
34512	-1482.757	-1577.536	94.77877	0.4111305	0.637123	5.198354
34518	-1480.965	-1574.771	93.80598	0.6042007	0.6855707	5.591849
34524	-1484.462	-1578.908	94.44637	0.5391994	0.6855707	5.274989
34530	-1478.404	-1572.813	94.40897	0.5391994	0.8013655	5.215863
34536	-1480.413	-1575.374	94.96072	0.3764339	0.5176295	5.215863
34542	-1490.953	-1585.692	94.7389	0.8634992	0.675818	4.940268
34548	-1478.894	-1574.773	95.87958	0.9153536	1.013314	4.051946
34554	-1479.532	-1575.788	96.25607	0.892272	0.901305	3.916095
34560	-1478.262	-1573.934	95.67153	0.892272	0.7261503	4.364939
34566	-1485.594	-1580.988	95.39422	0.6796482	0.7261503	4.640519
34572	-1491.063	-1586.246	95.18319	0.6242071	0.5568801	4.920755
34578	-1500.747	-1597.633	96.88643	0.7099034	0.4729144	3.989475
34584	-1494.348	-1588.539	94.19169	0.5325986	0.5021983	5.567501
34590	-1492.687	-1587.123	94.43635	0.6378315	0.5926272	5.297447
34596	-1493.03	-1587.73	94.70007	0.4274032	0.5695734	5.286954
34602	-1490.199	-1585.172	94.97245	0.5520945	0.5356638	5.096183
34608	-1485.779	-1577.968	92.1894	0.3574386	0.5356638	6.723601
34614	-1470.888	-1565.118	94.23055	0.4851332	0.4630583	5.608656
34620	-1472.377	-1566.252	93.87545	0.5863348	0.6253443	5.608656
34626	-1494.568	-1588.355	93.78658	0.5911735	0.6869457	5.608656
34632	-1478.102	-1573.101	94.99886	0.5880029	0.6869457	4.940701
34638	-1478.326	-1574.014	95.68789	0.6471601	0.6584571	4.543813
34644	-1480.709	-1574.95	94.2409	0.3766673	0.6117667	5.533691
34650	-1477.24	-1570.18	92.93988	0.4165894	0.6260001	6.211929
34656	-1472.131	-1566.774	94.64318	0.5529649	0.7219017	5.132454
34662	-1480.548	-1576.126	95.57758	0.6177128	0.6308382	4.643628
34668	-1479.726	-1576.261	96.53482	0.8859586	0.5793191	3.992598
34674	-1486.416	-1582.776	96.36023	0.9671132	0.6444537	3.992598
34680	-1496.456	-1593.199	96.7433	0.810822	0.6063226	3.893563
34686	-1495.674	-1591.577	95.90274	0.7363122	0.8297605	4.251706
34692	-1490.273	-1584.735	94.46219	0.6424688	0.5281432	5.334975
34698	-1492.243	-1588.141	95.89842	0.7598609	0.3873512	4.609333
34704	-1489.763	-1585.489	95.72585	0.7944787	0.600329	4.48557
34710	-1485.874	-1581.849	95.97488	0.7801172	0.600329	4.353271
34716	-1478.831	-1576.645	97.81345	0.8806083	0.4127833	3.41732
34722	-1483.957	-1580.166	96.2093	0.9129769	0.4127833	4.320466
34728	-1480.786	-1576.83	96.0444	0.7347613	0.4464722	4.479118
34734	-1486.147	-1582.057	95.90975	0.8372825	0.6213484	4.34072
34740	-1481.005	-1577.211	96.2052	0.8000737	0.4573559	4.34072
34746	-1471.896	-1566.072	94.17609	0.6187625	0.4594839	5.568614
34752	-1477.499	-1573.328	95.82975	0.7783421	0.6253551	4.41595
34758	-1483.015	-1579.611	96.5962	0.8683526	0.4010861	4.139018
34764	-1497.932	-1593.426	95.4934	0.6128116	0.5293469	4.778121
34770	-1485.724	-1580.952	95.22836	0.6178639	0.5534533	4.902074
34776	-1485.429	-1580.448	95.01855	0.6276742	0.5229128	5.039922
34782	-1484.481	-1580.882	96.40086	0.7393435	0.7207934	4.041668
34788	-1483.64	-1580.786	97.1457	1.039806	0.8157891	3.370414
34794	-1481.404	-1578.746	97.34189	0.8721731	0.4614497	3.645458
34800	-1484.089	-1578.312	94.22264	0.6535375	0.8933647	5.198081
34806	-1490.146	-1584.152	94.00686	0.4746795	0.9768217	5.367546
34812	-1490.043	-1584.548	94.50522	0.8377248	0.6664345	5.09135
34818	-1493.213	-1587.414	94.20096	0.4595478	0.4274357	5.673952
34824	-1490.811	-1585.092	94.28194	0.4888592	0.4951676	5.548346
34830	-1498.335	-1593.554	95.21855	0.5329769	0.4951676	5.00661
34836	-1502.985	-1598.348	95.36298	0.6090491	0.4177632	4.959923
34842	-1484.111	-1579.093	94.98162	0.7221573	0.4416706	5.084508
34848	-1473.366	-1569.137	95.77075	0.6571346	0.5943742	4.542435
34854	-1475.51	-1571.188	95.67758	0.7822107	0.6226542	4.501614
34860	-1474.393	-1569.53	95.13679	0.5401207	0.5790893	4.974656
34866	-1472.959	-1568.063	95.1047	0.5401207	0.6054314	4.971011
34872	-1478.392	-1574.936	96.54439	0.6968332	0.4602012	4.204282
34878	-1487.278	-1583.067	95.78914	0.5821222	0.5795308	4.586541
34884	-1491.142	-1587.029	95.88731	0.7911059	0.5448235	4.443555
34890	-1484.937	-1579.208	94.27155	0.5703536	0.3265844	5.685732
34896	-1487.198	-1581.089	93.89078	0.6047526	0.5103146	5.685732
34902	-1487.258	-1581.042	93.78369	0.5113585	0.6441254	5.685732
34908	-1493.627	-1589.583	95.95533	0.7596102	0.4631466	4.498687
34914	-1484.901	-1580.027	95.12597	0.6930827	0.747555	4.768066
34920	-1473.53	-1568.829	95.29919	0.6930827	0.5736172	4.80357
34926	-1487.953	-1583.557	95.60387	0.4948305	0.4486821	4.857973
34932	-1489.221	-1584.822	95.60063	0.595462	0.5605601	4.700719
34938	-1488.26	-1583.635	95.37543	0.4944683	0.6166067	4.836765
34944	-1477.452	-1572.52	95.06785	0.4696814	0.5052887	5.116053
34950	-1472.553	-1568.538	95.98492	0.6631487	0.5052887	4.496212
34956	-1483.257	-1577.091	93.83379	0.5777936	0.594575	5.66046
34962	-1489.769	-1583.918	94.14979	0.6267876	0.594575	5.45993
34968	-1489.446	-1582.293	92.8471	0.2879393	0.568857	6.377478
34974	-1487.533	-1581.341	93.80843	0.5811501	0.5485528	5.710502
34980	-1503.63	-1597.905	94.27528	0.7053648	0.7292139	5.246567
34986	-1485.576	-1581.504	95.92883	0.5707699	0.5646766	4.52701
34992	-1485.7	-1579.834	94.13408	0.4852601	0.5646766	5.570884
34998	-1482.886	-1577.247	94.36107	0.6663318	0.6230489	5.299077
35004	-1486.149	-1580.565	94.416	0.6114022	0.6230489	5.299077
35010	-1489.595	-1584.826	95.23102	0.6686159	0.5128373	4.90809
35016	-1481.381	-1576.589	95.2081	0.8398225	0.5536891	4.789419
35022	-1491.327	-1585.836	94.50939	0.7296134	0.569502	5.225387
35028	-1497.377	-1593.224	95.84717	0.6613779	0.7714503	4.364446
35034	-1482.049	-1577.196	95.14673	0.4982794	0.5534045	5.014007
35040	-1485.415	-1580.533	95.11839	0.5477246	0.5786038	4.981062
35046	-1482.683	-1577.951	95.26718	0.5681216	0.8046323	4.720477
35052	-1487.818	-1582.795	94.97755	0.6110255	0.6261691	4.985819
35058	-1476.845	-1570.537	93.69192	0.6271898	0.7868344	5.572043
35064	-1480.859	-1574.958	94.09823	0.4867243	0.4228734	5.719987
35070	-1476.462	-1570.53	94.06772	0.5814029	0.5932809	5.531074
35076	-1484.875	-1579.882	95.00665	0.5013337	0.5695167	5.076426
35082	-1476.701	-1571.315	94.61391	0.6729504	0.7300796	5.076426
35088	-1489.758	-1585.581	95.82278	0.6593902	0.5375159	4.560368
35094	-1488.702	-1584.01	95.30745	0.7695882	0.5375159	4.787206
35100	-1484.559	-1580.234	95.67465	0.6483136	0.6207298	4.580028
35106	-1485.739	-1582.356	96.61742	0.8202983	0.7094459	3.879736
35112	-1495.045	-1590.577	95.53185	0.8909203	0.8352838	4.370457
35118	-1485.583	-1579.234	93.65104	0.7351657	0.4314989	5.820087
35124	-1490.776	-1584.976	94.20069	0.7112749	0.7563122	5.265854
35130	-1489.492	-1583.706	94.21363	0.4209732	0.5993286	5.534201
35136	-1504.102	-1598.314	94.21237	0.2879547	0.6968301	5.534201
35142	-1488.428	-1583.517	95.08862	0.1986254	0.5483915	5.216563
35148	-1488.904	-1583.873	94.96876	0.5587136	0.4080751	5.216563
35154	-1489.905	-1584.749	94.84329	0.5587136	0.4080751	5.285901
35160	-1477.819	-1572.552	94.73301	0.4631047	0.5265422	5.285901
35166	-1477.956	-1572.181	94.22517	0.6341321	0.6026946	5.407862
35172	-1478.883	-1573.054	94.17127	0.461419	0.7257109	5.440946
35178	-1466.105	-1561.018	94.91299	0.5997404	0.5582184	5.083317
35184	-1484.137	-1579.264	95.12656	0.469752	0.4878474	5.099536
35190	-1481.106	-1574.506	93.39958	0.8245442	0.8490273	5.584534
35196	-1480.161	-1574.648	94.48673	0.6861423	0.4741293	5.346557
35202	-1490.229	-1585.803	95.574	0.6256462	0.522676	4.731861
35208	-1471.474	-1566.981	95.50637	0.7459395	0.4905377	4.731861
35214	-1478.706	-1575.242	96.53535	0.9027212	0.7750249	3.832535
35220	-1499.338	-1594.62	95.28239	0.6204289	0.6089269	4.824537
35226	-1493.262	-1587.609	94.34746	0.3742236	0.5427607	5.53318
35232	-1485.599	-1579.965	94.36599	0.7650808	0.5389982	5.310937
35238	-1484.734	-1578.544	93.80959	0.7650808	0.7071372	5.485957
35244	-1485.562	-1580.784	95.22284	0.683738	0.7071372	4.747748
35250	-1487.541	-1582.467	94.92625	0.7680334	0.7520312	4.834608
35256	-1481.985	-1576.364	94.37889	0.6423506	0.477412	5.427037
35262	-1484.205	-1578.383	94.17764	0.646687	0.6028083	5.427037
35268	-1476.588	-1572.364	95.77667	0.6822906	0.7760484	4.389296
35274	-1504.61	-1600.902	96.29151	0.878546	0.5622217	4.150191
35280	-1490.503	-1583.953	93.45019	0.4709548	0.6675877	5.872874
35286	-1478.492	-1572.185	93.6933	0.6056136	0.426465	5.872874
35292	-1476.404	-1570.116	93.71208	0.2332828	0.6497768	5.872874
35298	-1484.171	-1578.275	94.10357	0.3445572	0.6497768	5.597481
35304	-1489.976	-1584.156	94.17966	0.6515739	0.4649232	5.543408
35310	-1480.08	-1575.225	95.14476	0.4787142	0.3977238	5.174433
35316	-1478.226	-1572.816	94.58982	0.7542831	0.5066176	5.221918
35322	-1483.198	-1577.889	94.6911	0.5724166	0.5066176	5.26646
35328	-1478.437	-1572.583	94.14545	0.6707285	0.4846461	5.533101
35334	-1480.715	-1576.413	95.69773	0.7695203	0.4366282	4.664188
35340	-1479.397	-1575.939	96.54199	0.7035158	0.4857238	4.17694
35346	-1491.987	-1586.682	94.69514	0.772116	0.6199782	5.058054
35352	-1491.551	-1586.603	95.05289	0.6883765	0.6914487	4.851413
35358	-1491.48	-1586.904	95.42371	0.7244136	0.5960446	4.697923
35364	-1490.57	-1583.606	93.03626	0.2941	0.6850944	6.182262
35370	-1501.672	-1596.086	94.41388	0.7414909	0.4251213	5.404314
35376	-1504.85	-1599.301	94.45068	0.5098487	0.6136802	5.343339
35382	-1492.463	-1585.822	93.35951	0.6016304	0.4730301	6.012021
35388	-1485.118	-1580.24	95.12199	0.6752084	0.4730301	5.002036
35394	-1487.676	-1584.991	97.31553	0.9111468	0.627533	3.487038
35400	-1475.941	-1571.642	95.7013	0.6983004	0.646939	4.516394
35406	-1485.902	-1581.819	95.91679	0.8583548	0.646939	4.30461
35412	-1485.227	-1581.331	96.10456	0.8493279	0.4575227	4.369581
35418	-1482.428	-1578.635	96.20739	0.7625624	0.8069378	4.078737
35424	-1485.357	-1581.108	95.75082	0.7262444	0.5836833	4.52365
35430	-1488.918	-1584.408	95.48948	0.5916123	0.5515497	4.772734
35436	-1481.651	-1577.058	95.40708	0.4586085	0.5515497	4.892866
35442	-1484.806	-1580.178	95.37227	0.6687505	0.4459138	4.892866
35448	-1491.109	-1586.761	95.65204	0.6464614	0.3974081	4.79963
35454	-1494.039	-1589.451	95.41168	0.9568333	0.4826622	4.674273
35460	-1476.235	-1572.761	96.52556	0.9204945	0.7108632	3.873899
35466	-1483.235	-1577.824	94.58923	0.8208891	0.3566758	5.337828
35472	-1479.119	-1572.579	93.4595	0.5887452	0.6203761	5.839072
35478	-1486.803	-1582.108	95.30522	0.5704323	0.5567226	4.882885
35484	-1485.248	-1581.694	96.44632	0.7323773	0.5180663	4.184591
35490	-1491.219	-1584.269	93.04993	0.4800522	0.4098152	6.308703
35496	-1486.784	-1581.521	94.73666	0.5467763	0.4267948	5.332001
35502	-1485.341	-1579.536	94.19513	0.5403943	0.4894002	5.57302
35508	-1485.415	-1579.594	94.17869	0.5282561	0.6844471	5.429473
35514	-1478.631	-1573.321	94.68972	0.6683506	0.53509	5.188885
35520	-1480.35	-1576.14	95.79032	0.7688092	0.53509	4.519272
35526	-1485.177	-1580.748	95.57087	0.589559	0.4923002	4.781553
35532	-1477.018	-1572.571	95.55363	0.7585475	0.5121784	4.678387
35538	-1481.935	-1577.226	95.29156	0.9694859	0.5149706	4.704469
35544	-1480.971	-1578.004	97.03298	0.9457937	0.5954569	3.657911
35550	-1484.342	-1581.567	97.2249	0.8929624	0.4994477	3.663754
35556	-1496.38	-1591.949	95.56873	0.8929624	0.4994477	4.606311
35562	-1485.902	-1581.566	95.66359	0.5906482	0.6292744	4.611818
35568	-1486.495	-1583.257	96.7614	0.8571643	0.6319234	3.835652
35574	-1492.545	-1586.734	94.18913	0.6528054	0.6319234	5.394484
35580	-1488.283	-1584.519	96.23622	0.9482064	0.8012763	3.960065
35586	-1485.976	-1582.35	96.37486	0.8095617	0.8012763	3.960065
35592	-1479.105	-1574.587	95.48238	0.752738	0.7330011	4.545188
35598	-1480.657	-1576.202	95.54484	0.7243423	0.7062933	4.545188
35604	-1476.938	-1571.736	94.7979	0.5748694	0.735174	5.025195
35610	-1478.221	-1573.551	95.33036	0.5650234	0.5523521	4.875637
35616	-1479.476	-1574.084	94.60787	0.4818144	0.6881445	5.215568
35622	-1482.057	-1577.89	95.83334	0.9937964	0.6710347	4.256632
35628	-1475.904	-1572.727	96.82262	0.9937964	0.8940886	3.53474
35634	-1475.942	-1573.344	97.40136	0.955678	0.4892482	3.53474
35640	-1488.554	-1583.399	94.8449	0.7146771	0.4732619	5.133632
35646	-1489.561	-1584.455	94.89469	0.6270793	0.4956274	5.133632
35652	-1481.851	-1577.63	95.77908	0.7109955	0.6291411	4.47943
35658	-1479.927	-1575.737	95.80946	0.7109955	0.7041145	4.405336
35664	-1487.316	-1582.496	95.18016	0.6249194	0.8421427	4.713136
35670	-1485.552	-1581.248	95.69546	0.4766836	0.5617096	4.713136
35676	-1480.879	-1575.385	94.50589	0.5830419	0.6135052	5.272597
35682	-1491.281	-1585.731	94.44985	0.6932857	0.4948485	5.343646
35688	-1484.3	-1578.55	94.25072	0.5139124	0.5575021	5.497034
35694	-1487.233	-1580.887	93.65426	0.3536493	0.6018372	5.875666
35700	-1487.281	-1581.558	94.27686	0.5366034	0.5509743	5.475694
35706	-1479.053	-1573.967	94.91395	0.3224525	0.5509743	5.24246
35712	-1485.029	-1579.127	94.09819	0.4358328	0.7598436	5.471844
35718	-1484.39	-1580.124	95.7336	0.526771	0.4616692	4.754962
35724	-1488.626	-1584.069	95.44283	0.7293125	0.5141035	4.754962
35730	-1502.048	-1597.915	95.86689	0.5417679	0.6103987	4.540184
35736	-1481.293	-1576.79	95.49693	0.5238539	0.6385942	4.735235
35742	-1486.327	-1581.72	95.39358	0.6688479	0.4864044	4.841758
35748	-1484.661	-1580.886	96.22448	0.5819702	0.4864044	4.424712
35754	-1484.404	-1581.282	96.8787	0.7281566	0.4864044	3.970329
35760	-1487.799	-1583.218	95.4192	0.5723439	0.8262374	4.618906
35766	-1474.869	-1568.634	93.76578	0.5481941	0.6310073	5.685366
35772	-1490.154	-1585.366	95.2124	0.8016302	0.5245144	4.833862
35778	-1483.715	-1579.99	96.27504	0.9050438	0.5245144	4.177922
35784	-1471.942	-1569.806	97.8635	0.8207718	0.4232865	3.411546
35790	-1476.65	-1575.001	98.35083	1.002281	0.5495497	2.886904
35796	-1485.732	-1582.198	96.46648	1.004152	0.5032014	4.032184
35802	-1476.97	-1572.671	95.70038	0.5193562	0.707918	4.571781
35808	-1478.564	-1573.71	95.14526	0.6758095	0.707918	4.794939
35814	-1477.802	-1573.851	96.04925	0.6782218	0.4830692	4.472376
35820	-1476.535	-1570.826	94.29075	0.5925479	0.4978753	5.484011
35826	-1485.648	-1581.03	95.38282	0.5075897	0.5147086	4.911534
35832	-1499.756	-1592.235	92.47969	0.4922412	0.6951243	6.369828
35838	-1489.621	-1582.414	92.79223	0.3713504	0.559351	6.369828
35844	-1491.087	-1586.252	95.16546	0.612105	0.7291124	4.804116
35850	-1486.973	-1582.269	95.29566	0.5815985	0.6532441	4.804116
35856	-1481.136	-1576.251	95.11499	0.7622678	0.6532441	4.804116
35862	-1482.161	-1576.668	94.50781	0.7712157	0.7009781	5.101438
35868	-1477.681	-1572.585	94.90452	0.4666585	0.6326355	5.101438
35874	-1474.681	-1570.03	95.34937	0.6108732	0.6326355	4.773709
35880	-1479.143	-1574.695	95.55219	0.5655695	0.5270564	4.773709
35886	-1482.428	-1576.577	94.14918	0.5945343	0.5192142	5.541593
35892	-1484.089	-1578.819	94.7299	0.6337027	0.5015226	5.21577
35898	-1486.105	-1581.401	95.29634	0.6867969	0.8075009	4.635827
35904	-1489.846	-1585.823	95.97661	1.021037	0.8054657	4.063933
35910	-1473.339	-1569.738	96.39983	0.7958593	0.649317	4.063933
35916	-1483.468	-1580.313	96.84455	0.7311091	0.6030056	3.883961
35922	-1486.122	-1581.218	95.09633	0.8004172	0.6109298	4.82632
35928	-1484.091	-1579.545	95.45403	0.7281449	0.4968999	4.765127
35934	-1488.311	-1582.717	94.40595	0.4069137	0.6245565	5.416214
35940	-1490.397	-1585.901	95.50455	0.5372991	0.7103935	4.669725
35946	-1499.742	-1595.494	95.75197	0.6298209	0.4796272	4.669725
35952	-1485.752	-1581.835	96.08332	0.6424327	0.506222	4.45162
35958	-1491.707	-1586.818	95.11103	0.517082	0.5644814	5.013984
35964	-1481.143	-1577.247	96.10427	0.5136926	0.5537184	4.469846
35970	-1485.103	-1579.001	93.89722	0.9497428	0.5537184	5.45493
35976	-1479.684	-1574.574	94.88993	0.6821206	0.6867191	4.949102
35982	-1481.888	-1576.313	94.42416	0.6527834	0.6867191	5.223651
35988	-1483.77	-1579.027	95.25687	0.7686493	0.6867191	4.696136
35994	-1481.144	-1576.038	94.89413	0.6626778	0.5685554	5.050144
36000	-1478.643	-1572.638	93.99485	0.5541291	0.7284259	5.485127
36006	-1485.048	-1579.126	94.07843	0.6687191	0.5834672	5.485127
36012	-1487.888	-1582.252	94.3639	0.5575938	0.7788707	5.245424
36018	-1489.144	-1585.638	96.49386	0.8596339	0.7773941	3.879486
36024	-1499.681	-1595.759	96.07801	0.6680095	0.7139625	4.270686
36030	-1479.008	-1572.626	93.61784	0.4325432	0.6309829	5.829719
36036	-1481.723	-1575.491	93.76825	0.5021442	0.4874722	5.829719
36042	-1487.222	-1581.308	94.08637	0.2903504	0.6450129	5.640269
36048	-1488.083	-1583.025	94.94242	0.7827025	0.6885538	4.862534
36054	-1490.646	-1585.709	95.06288	0.7898256	0.686657	4.79277
36060	-1472.673	-1567.591	94.91812	0.5010131	0.587963	5.110429
36066	-1475.637	-1570.82	95.18282	0.7726619	0.6214526	4.785164
36072	-1489.488	-1584.996	95.50853	0.7495771	0.432672	4.785164
36078	-1479.716	-1576.506	96.78941	0.9753516	0.4705878	3.89532
36084	-1492.647	-1587.702	95.05506	0.5202094	0.629208	4.990836
36090	-1487.754	-1583.195	95.44131	1.122114	0.526343	4.524655
36096	-1488.801	-1586.607	97.80544	1.102034	0.526343	3.175611
36102	-1478.397	-1576.088	97.69095	1.04432	0.4279024	3.376642
36108	-1481.523	-1577.389	95.86651	0.889907	0.6573553	4.307129
36114	-1480.78	-1576.857	96.07646	0.679964	0.6573553	4.307129
36120	-1476.814	-1570.578	93.76398	0.8146992	0.6127791	5.55427
36126	-1477.443	-1571.959	94.51559	0.6290041	0.4243916	5.410997
36132	-1480.525	-1574.178	93.65256	0.5328883	0.4243916	5.936948
36138	-1473.351	-1566.966	93.61543	0.3757658	0.5385373	5.936948
36144	-1476.835	-1572.031	95.19633	0.5350924	0.468061	5.04332
36150	-1475.227	-1570.516	95.28923	0.6919713	0.5366402	4.841444
36156	-1474.574	-1569.547	94.97319	0.8486954	0.5029326	4.960362
36162	-1482.122	-1577.381	95.25952	0.5980142	0.5068198	4.936984
36168	-1476.369	-1571.501	95.13189	0.5980142	0.7118685	4.842963
36174	-1492.263	-1587.492	95.22899	0.5526229	0.7604205	4.78012
36180	-1474.736	-1568.065	93.32848	0.4249707	0.7239944	5.924201
36186	-1476.326	-1570.357	94.03024	0.4421292	0.5861866	5.63388
36192	-1483.456	-1577.873	94.41744	0.5405491	0.5861866	5.366788
36198	-1474.536	-1568.677	94.14096	0.7559845	0.628533	5.366788
36204	-1479.106	-1573.736	94.62977	0.7100621	0.6832419	5.080623
36210	-1494.817	-1588.375	93.55869	0.5172073	0.4747359	5.947813
36216	-1487.002	-1581.711	94.70823	0.5562521	0.5513637	5.226607
36222	-1486.974	-1582.44	95.46588	0.8006058	0.6374692	4.598516
36228	-1473.935	-1569.727	95.79241	0.7921434	0.6772284	4.389102
36234	-1473.729	-1568.947	95.21824	0.6142884	0.4102721	5.045256
36240	-1484.81	-1579.782	94.97223	0.7326381	0.4102721	5.116053
36246	-1484.402	-1580.106	95.70407	0.815848	0.4483128	4.622898
36252	-1480.811	-1576.221	95.41023	0.7394331	0.6917491	4.622898
36258	-1481.672	-1576.755	95.08312	0.743574	0.3513374	5.113672
36264	-1479.579	-1576.235	96.65603	0.7082451	0.5690417	4.033674
36270	-1482.606	-1577.373	94.76746	0.9751556	0.6007114	4.920414
36276	-1487.213	-1582.33	95.11692	0.6512734	0.5832895	4.920414
36282	-1486.123	-1582.793	96.66961	0.8276951	0.4680671	4.050798
36288	-1487.802	-1583.062	95.25966	0.7620122	0.6977318	4.690206
36294	-1484.337	-1579.65	95.31328	0.6045919	0.5378793	4.875657
36300	-1489.546	-1586.665	97.11878	0.7384142	0.4411606	3.872051
36306	-1488.36	-1584.17	95.81052	0.4775525	0.612339	4.606317
36312	-1486.478	-1580.976	94.49809	0.4775525	0.5755378	5.365792
36318	-1475.882	-1570.672	94.79025	0.5769679	0.5145844	5.201954
36324	-1478.362	-1573.369	95.00665	0.3605745	0.5145844	5.201954
36330	-1480.396	-1574.052	93.65656	0.451735	0.7914632	5.684698
36336	-1483.916	-1578.533	94.61692	0.5404419	0.4930217	5.337475
36342	-1487.493	-1584.679	97.18585	0.9707563	0.5771203	3.570446
36348	-1480.78	-1578.012	97.23233	1.07406	0.6500635	3.422126
36354	-1486.839	-1581.702	94.86306	0.8248916	0.4759159	5.059938
36360	-1486.088	-1581.566	95.47777	0.6939653	0.6091483	4.674075
36366	-1479.93	-1575.906	95.97664	0.9607305	0.6091483	4.242864
36372	-1480.748	-1575.124	94.37551	0.6656047	0.6044954	5.306159
36378	-1486.098	-1580.34	94.24124	0.4414835	0.686807	5.441095
36384	-1489.872	-1584.794	94.92243	0.6061674	0.4976255	5.128008
36390	-1493.298	-1587.084	93.78586	0.5344071	0.6195052	5.690821
36396	-1486.002	-1579.805	93.80228	0.517985	0.6195052	5.690821
36402	-1477.225	-1572.049	94.82424	0.5907594	0.5851817	5.115
36408	-1484.528	-1579.605	95.07643	0.6683436	0.637027	4.890457
36414	-1482.43	-1580.24	97.80982	0.8367591	0.5449696	3.312483
36420	-1484.524	-1582.213	97.68914	1.054893	0.5449696	3.255001
36426	-1476.94	-1572.51	95.56942	0.6364628	0.4772608	4.770358
36432	-1484.31	-1580.147	95.83681	0.7410557	0.4223282	4.616918
36438	-1495.154	-1589.744	94.59048	0.7904992	0.7150711	5.034794
36444	-1484.906	-1577.968	93.06215	0.44361	0.4764767	6.256705
36450	-1487.141	-1580.656	93.51551	0.3831336	0.4764767	6.042878
36456	-1485.401	-1580.979	95.57828	0.6227276	0.3702609	4.883997
36462	-1479.637	-1574.704	95.067	0.5118601	0.5546904	5.049631
36468	-1479.113	-1574.034	94.92053	0.658333	0.5546904	5.049631
36474	-1488.97	-1584.464	95.49453	0.7101553	0.5546904	4.70094
36480	-1487.061	-1580.927	93.8666	0.5590576	0.468211	5.762747
36486	-1484.895	-1579.185	94.28972	0.5590576	0.735089	5.315307
36492	-1482.985	-1578.067	95.08194	0.6408809	0.5418448	4.980736
36498	-1476.036	-1570.922	94.88648	0.4857695	0.5131009	5.200502
36504	-1479.706	-1574.357	94.6511	0.8254056	0.9234268	4.846776
36510	-1476.611	-1572.123	95.51159	0.629966	0.4599633	4.822967
36516	-1478.163	-1571.192	93.02983	0.3487461	0.5123789	6.293292
36522	-1478.403	-1571.903	93.49983	0.6405636	0.7101824	5.722216
36528	-1477.403	-1571.249	93.84628	0.481684	0.5749653	5.722216
36534	-1493.142	-1587.826	94.68408	0.7407629	0.465568	5.215563
36540	-1484.141	-1579.427	95.28571	0.7766038	0.465568	4.861697
36546	-1488.617	-1580.972	92.35487	0.4157674	0.497294	6.636175
36552	-1478.284	-1573.412	95.12833	0.669733	0.5505325	4.931384
36558	-1481.822	-1576.354	94.53145	0.669733	0.6533921	5.17969
36564	-1492.708	-1587.734	95.02624	0.6819879	0.553855	4.978498
36570	-1486.818	-1581.973	95.15523	0.7829606	0.7174139	4.722692
36576	-1484.818	-1581.295	96.47636	0.7829606	0.7174139	3.976087
36582	-1482.511	-1578.331	95.81958	0.9303584	0.6470366	4.318787
36588	-1481.099	-1577.011	95.91172	0.580482	0.5743904	4.522929
36594	-1495.753	-1589.24	93.48753	0.7365228	0.5743904	5.779591
36600	-1488.816	-1582.934	94.11774	0.6717636	0.6511014	5.408734
36606	-1487.804	-1584.222	96.41867	0.7865956	0.6639173	4.04712
36612	-1496.941	-1590.871	93.93052	0.7739535	0.7554534	5.380937
36618	-1496.389	-1591.013	94.6244	0.6756622	0.8714937	4.976346
36624	-1489.377	-1585.577	96.20031	0.7678004	0.7324519	4.131299
36630	-1481.527	-1578.034	96.50748	0.791021	0.5020988	4.131299
36636	-1482.444	-1579.586	97.14226	1.023498	0.6291708	3.521223
36642	-1480.573	-1578.766	98.19309	0.8712923	0.6640766	2.96126
36648	-1473.788	-1570.171	96.38311	0.8712923	0.7031934	3.989366
36654	-1481.262	-1576.336	95.0748	0.742148	0.4917921	4.973387
36660	-1477.846	-1572.332	94.4854	0.6519731	0.5740364	5.277783
36666	-1479.3	-1575.48	96.18087	0.7877564	0.5740364	4.254377
36672	-1482.942	-1576.923	93.98088	0.70677	0.5740364	5.525581
36678	-1492.993	-1586.646	93.65296	0.7666045	0.3999602	5.834236
36684	-1482.07	-1576.196	94.12593	0.6285918	0.3490429	5.707071
36690	-1479.963	-1573.916	93.95304	0.5935252	0.4571699	5.707071
36696	-1485.066	-1578.659	93.59333	0.4128986	0.6698374	5.824702
36702	-1489.227	-1583.109	93.88263	0.199832	0.490803	5.929364
36708	-1484.987	-1577.61	92.62245	0.1823655	0.6175965	6.517739
36714	-1486.074	-1580.828	94.7542	0.6723827	0.7181169	5.007306
36720	-1487.022	-1581.954	94.93211	0.4524022	0.5893661	5.128467
36726	-1493.775	-1588.815	95.03946	0.7191639	0.5893661	4.920737
36732	-1511.099	-1605.633	94.53407	0.703841	0.6566378	5.156903
36738	-1507.773	-1602.61	94.83728	0.5559172	0.549595	5.156903
36744	-1491.302	-1585.636	94.33373	0.6996608	0.6816848	5.251408
36750	-1482.341	-1577.829	95.48885	0.717071	0.6051066	4.658193
36756	-1491.321	-1585.98	94.65961	0.6441396	0.9317473	4.93809
36762	-1493.974	-1588.561	94.58697	0.652076	0.8024584	5.054017
36768	-1480.756	-1575.669	94.91334	0.348779	0.5213713	5.25401
36774	-1477.956	-1572.758	94.80238	0.4566344	0.5233042	5.25401
36780	-1477.607	-1571.041	93.4342	0.3435687	0.6371909	5.973904
36786	-1480.126	-1575.618	95.49183	0.5980098	0.5528296	4.766749
36792	-1492.071	-1587.347	95.27644	0.4793341	0.5528296	4.952942
36798	-1486.248	-1581.189	94.94063	0.6854711	0.5322074	5.042875
36804	-1498.043	-1591.324	93.28078	0.4452782	0.5949133	6.035013
36810	-1481.632	-1575.456	93.82433	0.4110552	0.5949133	5.756745
36816	-1483.286	-1577.628	94.34162	0.776902	0.5949133	5.27111
36822	-1482.824	-1579.086	96.26157	0.6726306	0.5949133	4.25636
36828	-1478.866	-1575.165	96.29942	0.8729088	0.6835321	4.050945
36834	-1486.158	-1581.577	95.41954	0.509307	0.5103606	4.89407
36840	-1491.511	-1587.484	95.97287	0.6072285	0.837996	4.279756
36846	-1492.857	-1587.564	94.70713	0.6795998	0.5628465	5.149226
36852	-1498.096	-1592.866	94.76963	0.4705688	0.5212938	5.266189
36858	-1482.662	-1577.079	94.41693	0.4350444	0.5441505	5.460325
36864	-1486.374	-1580.787	94.41291	0.5372287	0.4836705	5.460325
36870	-1486.105	-1580.62	94.51486	0.5261715	0.4240892	5.468322
36876	-1493.03	-1587.558	94.52772	0.4297979	0.4708445	5.468322
36882	-1495.872	-1589.635	93.76308	0.2398017	0.5085132	5.956812
36888	-1479.316	-1572.938	93.62206	0.3634952	0.5191988	5.956812
36894	-1471.581	-1565.791	94.21013	0.5127951	0.6611642	5.437845
36900	-1475.603	-1569.076	93.47304	0.5142466	0.613757	5.877548
36906	-1491.083	-1586.524	95.44093	0.8281457	0.613757	4.615831
36912	-1480.008	-1575.761	95.75349	0.704178	0.5473387	4.565513
36918	-1476.256	-1571.73	95.47451	0.6078563	0.5088347	4.809876
36924	-1487.56	-1584.445	96.88435	0.6078563	0.6609982	3.885215
36930	-1475.756	-1571.362	95.60596	0.5511935	0.5196699	4.758313
36936	-1481.503	-1576.384	94.88089	0.6272882	0.4558643	5.178853
36942	-1478.764	-1574.069	95.30476	0.702973	0.5290157	4.833374
36948	-1484.605	-1577.89	93.2852	0.5970825	0.7303622	5.849405
36954	-1481.954	-1577.466	95.51232	0.7314426	0.5704778	4.665617
36960	-1481.887	-1578.104	96.21694	1.01665	0.98309	3.81802
36966	-1484.75	-1578.383	93.63337	0.6451889	1.026195	5.452198
36972	-1483.409	-1577.471	94.06187	0.5611729	0.7172381	5.452198
36978	-1483.392	-1577.555	94.16371	0.5443975	0.6529036	5.452198
36984	-1476.86	-1571.633	94.77256	0.8394439	0.7391327	4.889401
36990	-1487.813	-1582.795	94.98221	0.6217834	0.7455552	4.889401
36996	-1478.037	-1574.122	96.08505	0.7932779	0.4679507	4.401954
37002	-1488.281	-1584.489	96.20788	0.8743851	0.3599661	4.401954
37008	-1485.116	-1580.644	95.52852	0.8000222	0.4412973	4.737071
37014	-1480.415	-1576.057	95.64274	0.8000222	0.4412973	4.673172
37020	-1487.863	-1583.867	96.00419	0.8000222	0.3940935	4.519977
37026	-1487.535	-1582.936	95.40135	0.9888445	1.127849	4.220223
37032	-1486.002	-1581.201	95.19987	0.8786315	0.5651553	4.762552
37038	-1477.229	-1572.008	94.77862	0.8786315	0.5891084	4.977333
37044	-1486.643	-1583.011	96.36844	0.8704392	0.7598418	3.957399
37050	-1490.475	-1588.512	98.03608	1.09282	0.4720118	3.097425
37056	-1485.968	-1583.518	97.54969	0.9086779	0.6341273	3.345909
37062	-1481.632	-1577.489	95.85765	0.6668166	0.493324	4.576796
37068	-1492.644	-1587.879	95.23485	0.646559	0.8269922	4.680124
37074	-1491.673	-1586.823	95.14952	0.798642	0.8269922	4.642732
37080	-1481.444	-1578.008	96.56381	0.90885	0.5243378	4.011441
37086	-1478.629	-1574.742	96.11281	0.8834004	0.545049	4.263842
37092	-1474.636	-1571.773	97.13723	0.8902984	0.5641998	3.656645
37098	-1483.803	-1579.23	95.427	0.6383151	0.5704241	4.765468
37104	-1476.659	-1573.13	96.4709	0.8539211	0.5449871	4.077204
37110	-1486.471	-1580.349	93.8785	0.4593126	0.6448776	5.661714
37116	-1485.665	-1580.542	94.87731	0.4553698	0.5532116	5.18731
37122	-1486.128	-1580.794	94.66573	0.5567619	0.6281004	5.18731
37128	-1483.916	-1579.597	95.68099	0.7282035	0.6761464	4.488728
37134	-1484.993	-1582.625	97.63241	0.9690715	0.6580196	3.242128
37140	-1481.927	-1578.793	96.86578	0.8804469	0.4155108	3.962707
37146	-1484.427	-1580.571	96.14443	0.7237648	0.5667567	4.317431
37152	-1487.069	-1583.727	96.65793	0.9413201	0.7867367	3.731561
37158	-1491.059	-1587.946	96.88727	1.049784	0.5524025	3.71942
37164	-1486.023	-1583.169	97.14655	0.7355485	0.5888734	3.71942
37170	-1482.85	-1578.473	95.62366	0.8498805	0.5497317	4.554516
37176	-1484.596	-1581.673	97.07704	1.126632	0.5013001	3.612237
37182	-1481.086	-1577.277	96.19027	0.7836982	0.5310423	4.28889
37188	-1481.483	-1576.667	95.18379	0.5609254	0.4812962	5.023341
37194	-1495.495	-1590.397	94.90153	0.446625	0.7141954	5.053634
37200	-1492.632	-1585.469	92.83693	0.3897275	0.5441308	6.348341
37206	-1482.756	-1575.659	92.90338	0.2686758	0.5441308	6.37797
37212	-1489.95	-1582.643	92.69377	0.2938364	0.6719474	6.37797
37218	-1481.895	-1576.321	94.42615	0.3428697	0.6719474	5.404451
37224	-1481.23	-1575.072	93.84132	0.4678172	0.6773885	5.653257
37230	-1491.123	-1585.919	94.79568	0.6793598	0.8200345	4.911447
37236	-1492.719	-1587.209	94.49053	0.7219764	0.5417219	5.263608
37242	-1489.086	-1581.78	92.69468	0.308367	0.6325179	6.398888
37248	-1491.252	-1584.213	92.96106	0.2404327	0.6182907	6.302082
37254	-1485.459	-1579.098	93.63839	0.3834042	0.6634218	5.820918
37260	-1476.102	-1570.706	94.6037	0.4523195	0.6252916	5.281526
37266	-1484.714	-1578.008	93.29397	0.6351679	0.695992	5.84791
37272	-1477.883	-1572.958	95.07456	0.5149684	0.649097	4.967554
37278	-1484.221	-1579.4	95.17829	0.6804746	0.649097	4.817609
37284	-1491.534	-1584.551	93.01695	0.5188323	0.649097	6.096847
37290	-1491.201	-1584.144	92.94305	0.2095013	0.5667259	6.369727
37296	-1489.15	-1582.024	92.87428	0.2782744	0.5667259	6.369727
37302	-1491.366	-1585.948	94.58242	0.5862466	0.85525	5.059378
37308	-1485.023	-1579.033	94.00947	0.6286078	0.4833341	5.632133
37314	-1491.197	-1586.28	95.08334	0.3059421	0.5407513	5.166691
37320	-1491.794	-1585.846	94.05282	0.6149351	0.6145174	5.503933
37326	-1489.955	-1585.293	95.33779	0.7601186	0.708604	4.639611
37332	-1487.797	-1583.219	95.42209	0.6804876	0.6412666	4.687404
37338	-1487.813	-1582.724	94.91099	0.724383	1.04843	4.687404
37344	-1476.463	-1570.968	94.50537	0.5202587	0.5558316	5.354701
37350	-1478.917	-1573.598	94.68083	0.4635625	0.5419766	5.301006
37356	-1479.848	-1574.38	94.53161	0.5603976	0.5762431	5.301006
37362	-1472.352	-1566.887	94.53489	0.5571205	0.5762431	5.301006
37368	-1477.822	-1574.854	97.03188	0.8858381	0.7552537	3.569173
37374	-1486.406	-1583.297	96.89056	0.8688792	0.5439935	3.829303
37380	-1475.162	-1570.583	95.42045	0.8242229	0.5962373	4.643703
37386	-1479.282	-1576.914	97.63231	1.030306	0.8172348	3.087121
37392	-1482.551	-1578.425	95.87437	0.6010819	0.6164263	4.497783
37398	-1486.117	-1581.673	95.55649	0.6530941	0.4151555	4.830356
37404	-1470.397	-1564.867	94.46984	0.6756958	0.6577286	5.207201
37410	-1475.946	-1570.35	94.40376	0.6443832	0.6580202	5.260822
37416	-1480.436	-1574.942	94.506	0.7039305	0.5466124	5.260822
37422	-1475.377	-1569.448	94.07133	0.7194249	0.5466124	5.491907
37428	-1474.64	-1568.88	94.24066	0.6362534	0.4930878	5.491907
37434	-1481.737	-1578.23	96.49241	0.6257385	0.4930878	4.242192
37440	-1479.012	-1573.54	94.52797	0.4827528	0.5706268	5.35051
37446	-1477.884	-1572.93	95.04685	0.6810344	0.6566075	4.884838
37452	-1484.452	-1579.47	95.01785	0.722648	0.6345337	4.894777
37458	-1481.368	-1576.382	95.0143	0.749419	0.6180635	4.894777
37464	-1495.525	-1590.385	94.85996	0.6963743	0.6118059	5.015078
37470	-1493.288	-1587.37	94.08117	0.6646153	0.4545196	5.600358
37476	-1490.358	-1585.907	95.54879	0.6799757	0.5532241	4.688729
37482	-1494.543	-1589.804	95.26124	0.6921323	0.6479313	4.765687
37488	-1487.237	-1582.726	95.48899	0.5939861	0.5585387	4.765687
37494	-1485.065	-1580.34	95.27477	0.8245429	0.5324386	4.779235
37500	-1490.998	-1587.396	96.39844	0.9756027	0.6175873	3.987441
37506	-1480.446	-1576.646	96.19992	0.9756027	0.6131909	4.10428
37512	-1488.254	-1585.863	97.60896	1.201165	0.9755874	2.895227
37518	-1482.331	-1579.693	97.36138	1.022449	0.6902868	3.344996
37524	-1485.126	-1580.598	95.47193	0.6494298	0.5598638	4.743107
37530	-1483.509	-1579.821	96.3116	0.6280431	0.4476602	4.387483
37536	-1484.782	-1580.345	95.56378	0.7677857	0.770937	4.46459
37542	-1479.235	-1574.092	94.85702	0.7677857	0.7320798	4.887198
37548	-1476.167	-1571.255	95.08872	0.7336431	0.5938414	4.88159
37554	-1487.725	-1583.238	95.51288	0.6646545	0.6986793	4.602185
37560	-1477.783	-1572.741	94.95763	0.5062308	0.5540724	5.113931
37566	-1488.692	-1582.673	93.98101	0.5482345	0.728995	5.49559
37572	-1481.343	-1575.97	94.62747	0.5717906	0.667325	5.170287
37578	-1474.748	-1568.529	93.78129	0.3837832	0.6437582	5.757221
37584	-1483.632	-1577.372	93.74022	0.359812	0.6920639	5.757221
37590	-1484.074	-1577.756	93.6818	0.5312396	0.7505142	5.654494
37596	-1484.382	-1578.46	94.07827	0.6846267	0.9297196	5.239175
37602	-1489.303	-1584.739	95.43593	0.6966833	0.6182852	4.688659
37608	-1493.816	-1589.226	95.41011	0.7623007	0.7848966	4.544644
37614	-1495.935	-1587.49	91.55485	0.7810035	0.9327635	6.563793
37620	-1488.582	-1582.972	94.38976	0.5769969	0.848293	5.175612
37626	-1484.881	-1578.339	93.45847	0.5189832	0.6112846	5.884858
37632	-1480.898	-1574.827	93.92849	0.2623435	0.6112846	5.768153
37638	-1481.698	-1575.589	93.89099	0.5729362	0.5855383	5.639038
37644	-1481.285	-1576.794	95.50929	0.6918376	0.5451854	4.711155
37650	-1486.28	-1581.986	95.7064	0.6511533	0.4817135	4.681313
37656	-1485.786	-1580.279	94.49283	0.6931919	0.6318287	5.204591
37662	-1489.861	-1582.811	92.9491	0.2073458	0.4807252	6.442362
37668	-1483.181	-1576.662	93.48133	0.5909965	0.6695301	5.788767
37674	-1482.715	-1579.921	97.20606	0.9330275	0.4980848	3.652769
37680	-1482.015	-1579.206	97.19087	0.7545438	0.6982412	3.595043
37686	-1477.187	-1573.562	96.3759	0.8012	0.6982412	4.037197
37692	-1491.489	-1587.024	95.5354	0.9770145	0.8308251	4.322692
37698	-1488.375	-1583.503	95.12846	0.7255816	0.8241159	4.697294
37704	-1477.519	-1572.555	95.03614	0.7222424	0.811374	4.759052
37710	-1479.986	-1575.479	95.49332	0.5305973	0.6062903	4.759052
37716	-1481.652	-1577.006	95.35368	0.6953071	0.5602308	4.783222
37722	-1485.989	-1580.077	94.08803	0.5925302	0.6472223	5.471651
37728	-1484.204	-1578.886	94.68163	0.3729438	0.6434443	5.268317
37734	-1479.088	-1572.584	93.49603	0.311373	0.6984927	5.912653
37740	-1484.596	-1579.846	95.24967	0.4205668	0.5296492	5.020624
37746	-1477.044	-1571.18	94.13589	0.6202233	0.5289389	5.526223
37752	-1480.975	-1576.461	95.48616	0.5214953	0.4145674	4.943445
37758	-1486.246	-1583.441	97.1949	0.8133893	0.7808439	3.498299
37764	-1482.054	-1578.537	96.48318	0.8611804	0.8782576	3.817971
37770	-1481.793	-1577.816	96.02367	0.7957402	0.476368	4.42701
37776	-1477.16	-1573.736	96.57561	0.7581532	0.6179153	4.010196
37782	-1480.892	-1577.249	96.35706	0.9404998	0.6179153	4.030865
37788	-1481.897	-1578.684	96.78712	0.9675401	0.6179153	3.768693
37794	-1477.504	-1574.676	97.17116	0.8704445	0.6631667	3.566208
37800	-1476.55	-1572.561	96.01128	0.8828412	0.6631667	4.224667
37806	-1471.764	-1565.963	94.19882	0.5013339	0.5732215	5.519383
37812	-1486.621	-1580.75	94.12905	0.7397933	0.9230985	5.184457
37818	-1491.686	-1587.347	95.66061	0.6897708	0.9230985	4.356718
37824	-1496.51	-1591.195	94.68511	0.9259768	0.9952304	4.730278
37830	-1476.274	-1572.114	95.83974	0.6917316	0.5160947	4.551857
37836	-1487.483	-1583.419	95.93551	1.086447	1.062705	3.894616
37842	-1488.39	-1585.361	96.97154	1.011101	0.7041349	3.568957
37848	-1483.322	-1576.965	93.64282	0.8289601	0.7041349	5.544667
37854	-1489.59	-1586.202	96.61214	0.9867994	0.4762385	3.984729
37860	-1488.998	-1582.92	93.92173	0.3026384	0.5708673	5.782312
37866	-1487.209	-1581.068	93.85922	0.6050673	0.6048801	5.623326
37872	-1483.078	-1577.816	94.73815	0.4412137	0.6048801	5.229478
37878	-1483.243	-1577.912	94.66923	0.6560672	0.5097578	5.229478
37884	-1478.279	-1572.494	94.21508	0.4941163	0.4537385	5.621201
37890	-1500.678	-1596.472	95.79408	0.7361062	0.496573	4.570546
37896	-1491.822	-1586.304	94.48128	0.6695517	0.7655279	5.127459
37902	-1495.432	-1588.695	93.26369	0.5129839	0.6220627	5.986095
37908	-1485.031	-1579.191	94.15992	0.5645573	0.6220627	5.466822
37914	-1489.053	-1581.525	92.47141	0.6633403	0.8994356	6.149545
37920	-1475.452	-1569.207	93.75447	0.5661509	0.6082025	5.699488
37926	-1488.018	-1581.974	93.95542	0.2665329	0.6082025	5.753538
37932	-1484.567	-1580.105	95.53829	0.393385	0.5889629	4.82465
37938	-1485.989	-1580.575	94.5858	0.6396576	0.6507575	5.16825
37944	-1480.87	-1576.539	95.66847	0.6866934	0.4433869	4.720083
37950	-1480.767	-1576.647	95.87988	0.6162725	0.575833	4.519489
37956	-1479.822	-1575.099	95.27709	0.6162725	0.5433462	4.884546
37962	-1491.152	-1586.183	95.03163	0.576236	0.5433462	5.04328
37968	-1489.458	-1584.689	95.2312	0.4348843	0.5172745	5.033933
37974	-1490.036	-1583.433	93.39711	0.4309268	0.5086643	6.052045
37980	-1492.848	-1586.704	93.85637	0.4386982	0.6382649	5.690174
37986	-1487.982	-1582.549	94.56758	0.5294496	0.5799795	5.295155
37992	-1482.393	-1577.821	95.42859	0.6440257	0.7331835	4.636245
37998	-1488.949	-1584.651	95.70187	0.5978442	0.5681466	4.636245
38004	-1487.387	-1583.58	96.19254	0.7481359	0.5681466	4.275232
38010	-1488.755	-1582.59	93.83484	0.5554252	0.6768351	5.609148
38016	-1485.428	-1579.834	94.40603	0.5277928	0.6768351	5.309963
38022	-1485.739	-1580.615	94.87596	0.5277928	0.6768351	5.049887
38028	-1481.593	-1576.33	94.73705	0.643954	0.6940532	5.049887
38034	-1485.701	-1581.291	95.59016	0.7018669	0.6940532	4.541301
38040	-1495.503	-1589.937	94.43426	0.4726204	0.5143144	5.456203
38046	-1502.399	-1598.359	95.95986	0.7885469	0.6479997	4.318903
38052	-1499.989	-1593.881	93.8924	0.7527036	0.6879742	5.46096
38058	-1499.275	-1595.199	95.92441	0.6420757	0.5874354	4.470222
38064	-1499.106	-1594.862	95.75546	0.8590977	0.5555007	4.470222
38070	-1487.85	-1582.742	94.89228	0.8590977	0.485882	5.015335
38076	-1478.588	-1572.122	93.53355	0.5527908	0.5500197	5.875203
38082	-1490.582	-1583.966	93.38355	0.6833069	0.5627203	5.875203
38088	-1488.522	-1582.649	94.12695	0.4725359	0.4947113	5.642821
38094	-1487.745	-1581.712	93.96718	0.4911726	0.5846501	5.642821
38100	-1489.741	-1584.075	94.33446	0.5251673	0.5505755	5.450628
38106	-1483.844	-1578.289	94.44474	0.480011	0.5095553	5.450628
38112	-1489.712	-1583.863	94.15121	0.5548154	0.8569062	5.314354
38118	-1498.297	-1591.914	93.61637	0.4466206	0.4924511	5.93849
38124	-1488.571	-1584.298	95.72697	0.8094782	0.8548672	4.293652
38130	-1481.559	-1576.851	95.29207	0.6919631	0.6839912	4.72136
38136	-1482.59	-1575.241	92.65169	0.5760108	0.6519087	6.26235
38142	-1489.755	-1585.624	95.86887	0.8148823	0.8198332	4.232861
38148	-1491.372	-1588.807	97.43547	1.071776	0.4591479	3.477264
38154	-1489.517	-1586.093	96.57594	1.024056	0.7261069	3.774153
38160	-1493.608	-1587.166	93.55808	0.6947647	0.6338449	5.716694
38166	-1486.712	-1583.71	96.99742	1.188875	0.7419876	3.422057
38172	-1481.273	-1576.683	95.40983	1.079365	1.166334	4.144296
38178	-1475.021	-1569.493	94.47263	0.3784597	0.538091	5.466029
38184	-1488.535	-1582.958	94.4231	0.4279939	0.538091	5.466029
38190	-1496.897	-1590.675	93.77784	0.4754032	0.6156662	5.730545
38196	-1482.523	-1577.552	95.0287	0.4996112	0.6040236	5.036858
38202	-1473.357	-1568.587	95.23014	0.6645454	0.3859539	5.036858
38208	-1471.631	-1566.629	94.99748	0.6001294	0.5574681	5.036858
38214	-1482.507	-1578.964	96.45764	0.6446827	0.5574681	4.192796
38220	-1482.806	-1578.568	95.76221	0.7166875	0.5072021	4.589495
38226	-1489.685	-1585.689	96.00355	0.6025351	0.684799	4.371279
38232	-1496.045	-1592.525	96.47978	0.6835317	0.5321836	4.180518
38238	-1496.534	-1591.667	95.13335	0.7476735	0.6247347	4.824124
38244	-1478.946	-1575.391	96.44448	0.8923122	0.5380569	4.076556
38250	-1484.823	-1581.028	96.20452	0.5905306	0.5191126	4.400755
38256	-1486.823	-1582.831	96.00798	0.8378299	0.6064876	4.296886
38262	-1482.816	-1578.812	95.99563	0.6914446	0.5824229	4.406451
38268	-1481.724	-1577.772	96.04773	0.7212073	0.7477161	4.233578
38274	-1481.8	-1577.587	95.78688	0.7367673	0.5748807	4.504832
38280	-1480.08	-1575.928	95.84817	0.6404009	0.5986297	4.504832
38286	-1481.114	-1575.079	93.96507	0.5661482	0.5986297	5.591557
38292	-1475.777	-1569.736	93.95926	0.5553716	0.6100983	5.591557
38298	-1469.206	-1565.047	95.84027	0.7055651	0.5179079	4.542142
38304	-1470.328	-1566.166	95.83855	0.6583006	0.4049483	4.680654
38310	-1488.47	-1583.541	95.07031	0.4556131	0.5580318	5.076157
38316	-1478.515	-1573.854	95.33896	0.62158	0.5261249	4.862249
38322	-1487.848	-1581.378	93.53001	0.4843061	0.5161756	5.943772
38328	-1488.264	-1583.059	94.79489	0.704197	0.5459974	5.10133
38334	-1489.563	-1585.49	95.92709	0.8225452	0.4078689	4.535756
38340	-1495.208	-1591.328	96.1201	0.8843481	0.7903142	4.070271
38346	-1485.023	-1582.833	97.81068	1.010882	0.5197875	3.232727
38352	-1478.323	-1575.385	97.06272	0.8294367	0.5147926	3.779611
38358	-1480.1	-1574.791	94.69083	0.2971593	0.6474948	5.301999
38364	-1478.716	-1572.571	93.85563	0.3861052	0.4663191	5.865153
38370	-1476.876	-1570.892	94.01652	0.3700416	0.4663191	5.785943
38376	-1479.682	-1574.884	95.2025	0.3519585	0.5925775	5.0316
38382	-1488.291	-1583.224	94.93329	0.5015915	0.4532445	5.221961
38388	-1483.926	-1578.283	94.3571	0.5015915	0.5762379	5.429656
38394	-1484.745	-1579.307	94.56164	0.4800023	0.4628336	5.429656
38400	-1483.146	-1578.096	94.95007	0.7985248	0.516005	4.989244
38406	-1487.4	-1583.845	96.44494	0.8600092	0.516005	4.11471
38412	-1481.593	-1574.957	93.36362	0.4872571	0.6673723	5.911428
38418	-1485.025	-1579.073	94.04759	0.4579892	0.5960899	5.607668
38424	-1476.349	-1570.206	93.85641	0.6106973	0.6334683	5.599465
38430	-1486.239	-1581.596	95.35722	0.6106973	0.3594471	5.025947
38436	-1485.165	-1581.434	96.26871	0.8826285	0.5535617	4.168367
38442	-1479.143	-1574.965	95.82233	0.8822736	0.7941918	4.238092
38448	-1487.199	-1582.939	95.73994	0.7156491	0.8283832	4.356392
38454	-1481.879	-1576.507	94.62766	0.7211817	0.5384553	5.191063
38460	-1492.055	-1586.923	94.86802	0.6672696	0.6829874	4.972288
38466	-1492.051	-1586.823	94.77174	0.878076	0.4645077	5.092009
38472	-1486.75	-1580.735	93.98486	0.7053613	0.723598	5.410741
38478	-1490.163	-1586.823	96.66044	1.001217	1.048231	3.532993
38484	-1482.046	-1578.89	96.84353	0.839073	0.8853622	3.618059
38490	-1478.584	-1575.824	97.24023	0.839073	0.5740023	3.618059
38496	-1483.082	-1579.395	96.31337	0.6120605	0.5740023	4.278866
38502	-1479.595	-1575.363	95.76862	0.7105271	0.5740023	4.53059
38508	-1476.743	-1572.878	96.13542	0.7888533	0.5740023	4.279523
38514	-1479.763	-1574.784	95.02011	0.4587422	0.6304302	5.043428
38520	-1480.858	-1575.424	94.56537	0.477637	0.7479431	5.199122
38526	-1478.361	-1573.791	95.43031	0.5629264	0.4841072	4.882479
38532	-1485.142	-1579.859	94.7165	0.733976	0.9644472	4.83741
38538	-1486.199	-1583.384	97.18515	0.7871973	0.5500009	3.701167
38544	-1488.747	-1582.538	93.7914	0.5544705	0.5326066	5.748121
38550	-1489.327	-1583.62	94.2929	0.4713	0.661074	5.415181
38556	-1490.528	-1587.009	96.48061	0.7122213	0.467821	4.224206
38562	-1479.981	-1575.873	95.89195	0.7389439	0.4322076	4.576952
38568	-1475.963	-1571.4	95.4377	0.685881	0.6751177	4.649852
38574	-1491.437	-1586.111	94.67414	0.6378343	0.6928312	5.089066
38580	-1500.946	-1597.057	96.11085	0.8704075	0.6351105	4.197106
38586	-1491.514	-1587.187	95.67346	0.7859475	0.450117	4.655006
38592	-1475.98	-1572.571	96.59157	0.9604174	0.6082094	3.893228
38598	-1487.78	-1582.998	95.21836	0.8285012	0.6082094	4.744685
38604	-1476.202	-1570.917	94.71488	0.6274787	0.567888	5.169557
38610	-1492.854	-1587.572	94.7181	0.6242628	0.567888	5.169557
38616	-1495.181	-1590.19	95.00854	0.7875241	0.5402845	4.94137
38622	-1479.444	-1574.302	94.8588	0.6818335	0.470534	5.146724
38628	-1484.141	-1578.496	94.3546	0.4665404	0.6167642	5.417747
38634	-1488.779	-1583.923	95.1445	0.7315737	0.7562637	4.730189
38640	-1492.587	-1587.854	95.26744	0.7280101	0.5311944	4.838298
38646	-1482.661	-1575.85	93.18832	0.5631257	0.4760803	6.123436
38652	-1478.338	-1572.102	93.76478	0.4538643	0.562401	5.792462
38658	-1482.798	-1577.159	94.36081	0.5783089	0.6896251	5.297686
38664	-1481.89	-1577.107	95.21636	0.4754507	0.7583676	4.83164
38670	-1484.851	-1579.389	94.53828	0.4315378	0.6076292	5.343009
38676	-1483.731	-1579.361	95.63028	0.6616473	0.58702	4.624804
38682	-1490.277	-1585.216	94.93897	0.788942	0.6550327	4.886022
38688	-1499.73	-1596.433	96.70297	1.098527	0.7824732	3.617467
38694	-1503.058	-1597.994	94.93582	0.5386836	0.5502105	5.111338
38700	-1500.084	-1593.902	93.81834	0.444982	0.6282689	5.715236
38706	-1494.387	-1588.695	94.30778	0.6919189	0.877546	5.139295
38712	-1481.459	-1576.15	94.69016	0.5495665	0.6789071	5.139295
38718	-1492.306	-1587.667	95.3608	0.5508004	0.4064354	5.005399
38724	-1500.217	-1594.984	94.7675	0.6255124	0.4608859	5.237673
38730	-1499.597	-1594.837	95.24072	0.7029502	0.5462295	4.854012
38736	-1483.537	-1577.861	94.32405	0.6338787	0.5786403	5.372997
38742	-1485.942	-1581.191	95.24873	0.4381112	0.4817698	5.055024
38748	-1487.729	-1582.787	95.05778	0.6292931	0.4816286	5.055024
38754	-1484.555	-1581.728	97.17333	0.9291906	0.5174408	3.655612
38760	-1486.557	-1582.753	96.19601	0.8526952	0.9717718	3.930767
38766	-1488.46	-1583.651	95.19106	0.5500283	0.5438705	4.968824
38772	-1486.225	-1581.029	94.80421	0.6835524	0.6735728	5.005664
38778	-1473.319	-1568.188	94.86844	0.6835524	0.6267813	5.005664
38784	-1471.623	-1566.247	94.62466	0.4071906	0.6135193	5.304112
38790	-1470.958	-1566.374	95.41623	0.715637	0.6792795	4.642101
38796	-1474.729	-1568.992	94.26309	0.5883536	0.5298976	5.472957
38802	-1482.52	-1576.858	94.33738	0.3191963	0.5193317	5.589357
38808	-1488.729	-1582.62	93.89065	0.3271642	0.5261367	5.823831
38814	-1485.661	-1579.444	93.78288	0.4349382	0.5261367	5.823831
38820	-1488.162	-1582.234	94.0727	0.3962589	0.5356988	5.678002
38826	-1486.159	-1581.567	95.40817	0.5539595	0.6008385	4.797964
38832	-1486.454	-1581.141	94.68696	0.4188619	0.5889578	5.282957
38838	-1481.371	-1575.942	94.57147	0.5455007	0.5814198	5.282957
38844	-1494.936	-1589.324	94.38794	0.4363787	0.6670975	5.377566
38850	-1479.116	-1573.61	94.49391	0.6922411	0.5310388	5.287455
38856	-1477.596	-1572.404	94.80827	0.6754279	0.4282193	5.219934
38862	-1476.882	-1572.075	95.19245	0.7656661	0.5178562	4.870991
38868	-1479.971	-1575.403	95.43226	0.7585334	0.5178562	4.741144
38874	-1477.611	-1572.634	95.02269	0.6066142	0.439269	5.128189
38880	-1491.638	-1586.2	94.56279	0.6800165	0.5882171	5.20785
38886	-1482.213	-1576.61	94.39689	0.6800165	0.3405246	5.540093
38892	-1490.256	-1585.223	94.96657	0.6800165	0.7261713	4.879222
38898	-1483.153	-1577.567	94.41389	0.4958884	0.4377693	5.526731
38904	-1489.663	-1586.418	96.75478	0.7241782	0.4404102	4.089117
38910	-1489.216	-1585.782	96.56605	0.8465938	0.7136644	3.89101
38916	-1487.733	-1582.706	94.97285	0.7555919	0.6463932	4.892326
38922	-1479.499	-1574.794	95.29569	0.6211556	0.4612883	4.946839
38928	-1488.113	-1580.552	92.4398	0.608198	0.648125	6.362752
38934	-1484.886	-1580.802	95.91655	0.7988786	0.4475168	4.513924
38940	-1475.917	-1568.913	92.99666	0.4996566	0.5069531	6.234126
38946	-1474.794	-1569.135	94.34077	0.4977489	0.5069531	5.500416
38952	-1478.85	-1575.354	96.50397	0.6261086	0.5435271	4.189271
38958	-1481.027	-1575.835	94.80791	0.6038828	0.5090579	5.182265
38964	-1476.001	-1571.286	95.28517	0.7704865	0.5849916	4.758714
38970	-1472.072	-1566.964	94.89175	0.7524743	0.5884771	4.985089
38976	-1480.111	-1575.031	94.91946	0.6833674	0.6170453	4.985089
38982	-1489.038	-1584.84	95.80258	0.6759909	0.6173435	4.495295
38988	-1482.919	-1578.901	95.98205	0.6428097	0.5205808	4.495295
38994	-1481.713	-1577.173	95.46035	0.680898	0.4927488	4.791842
39000	-1482.133	-1576.934	94.80009	0.70876	0.4437412	5.190417
39006	-1480.667	-1574.714	94.04711	0.5383101	0.519683	5.628107
39012	-1487.82	-1582.469	94.64896	0.5421328	0.5218285	5.29284
39018	-1486.354	-1580.509	94.15462	0.4824958	0.4573235	5.657276
39024	-1482.821	-1578.51	95.68911	0.4812913	0.4917808	4.776466
39030	-1487.133	-1583.417	96.28397	0.6217717	0.4867666	4.368346
39036	-1493.74	-1587.607	93.86746	0.6162796	0.7512789	5.505302
39042	-1494.765	-1589.459	94.69458	0.436474	0.5269284	5.321475
39048	-1493.637	-1588.437	94.79995	0.5597916	0.5466061	5.177985
39054	-1490.504	-1582.825	92.32156	0.5644802	0.4939839	6.57673
39060	-1491.285	-1585.44	94.15569	0.662496	0.4397126	5.57513
39066	-1490.221	-1586.127	95.90536	0.7455859	0.5573271	4.448151
39072	-1488.236	-1583.363	95.12772	0.7958161	0.6804436	4.757805
39078	-1486.649	-1580.434	93.7847	0.5294256	0.5387224	5.76023
39084	-1487.28	-1582.625	95.34498	0.7456138	0.5795025	4.743743
39090	-1477.803	-1573.131	95.32807	0.6282302	0.6747375	4.743743
39096	-1471.572	-1567.345	95.77339	0.6206074	0.3997739	4.743743
39102	-1475.847	-1570.195	94.34723	0.4943277	0.4194148	5.582765
39108	-1481.563	-1575.237	93.67359	0.4407537	0.6009533	5.818174
39114	-1484.099	-1579.181	95.08146	0.449676	0.6009533	5.037763
39120	-1493.36	-1588.451	95.09118	0.4212423	0.5425512	5.09691
39126	-1484.478	-1579.667	95.18926	0.2335147	0.6021493	5.09691
39132	-1490.632	-1585.906	95.27401	0.5331055	0.4549527	5.014014
39138	-1504.841	-1599.7	94.85897	0.6170726	0.7923343	4.928983
39144	-1487.851	-1582.509	94.65795	0.4909946	0.5454144	5.295534
39150	-1478.161	-1572.679	94.5179	0.4673905	0.5454144	5.385814
39156	-1491.064	-1586.261	95.19602	0.4663976	0.5787146	4.983026
39162	-1489.804	-1582.922	93.11832	0.7431208	0.4908979	6.049855
39168	-1477.617	-1573.02	95.40226	0.5428899	0.6534289	4.766071
39174	-1484.85	-1581.676	96.82636	0.7095365	0.4074034	4.091529
39180	-1494.817	-1589.201	94.38455	0.6718583	0.5222175	5.366805
39186	-1488.661	-1582.899	94.2386	0.6718583	0.6189518	5.366805
39192	-1488.61	-1582.958	94.34842	0.6267905	0.5745965	5.366805
39198	-1482.268	-1578.271	96.00342	0.6267905	0.4622568	4.547192
39204	-1488.406	-1581.838	93.43153	0.6297961	0.527208	5.908433
39210	-1479.732	-1575.952	96.21965	0.4958944	0.527208	4.438263
39216	-1475.88	-1571.758	95.87801	0.6497568	0.4349489	4.631995
39222	-1479.848	-1576.458	96.60908	0.6662049	0.6874853	3.989169
39228	-1484.648	-1579.376	94.72836	0.4360086	0.722518	5.149619
39234	-1494.564	-1588.794	94.22983	0.6003475	0.7667854	5.303941
39240	-1480.521	-1575.817	95.29626	0.710996	0.8838158	4.573781
39246	-1476.981	-1572.933	95.95218	0.7474481	0.3986356	4.573781
39252	-1477.872	-1572.17	94.29856	0.6445659	0.48713	5.46097
39258	-1481.063	-1576.865	95.80157	0.567341	0.5063919	4.651905
39264	-1495.382	-1590.659	95.27654	0.6407686	0.6136912	4.812638
39270	-1490.493	-1584.165	93.67203	0.7039851	0.8426896	5.50501
39276	-1479.937	-1575.279	95.34239	0.5650323	0.5759068	4.848987
39282	-1494.028	-1590.265	96.23643	0.9565531	1.023004	3.818465
39288	-1503.319	-1598.992	95.67278	0.8866513	0.5575455	4.499476
39294	-1494.218	-1590.171	95.95284	0.5986014	0.5691769	4.494025
39300	-1487.017	-1582.526	95.50939	0.7138206	0.6732624	4.595388
39306	-1483.364	-1578.839	95.47548	0.8363435	0.6732624	4.545637
39312	-1485.579	-1581.653	96.07442	0.6339693	0.4731048	4.492677
39318	-1493.308	-1588.807	95.49929	0.6069193	0.4286806	4.873966
39324	-1489.127	-1584.809	95.68244	0.526248	0.4921198	4.754762
39330	-1492.288	-1584.582	92.29481	0.4941888	0.4873003	6.635277
39336	-1488.121	-1582.02	93.89931	0.6289668	0.7087404	5.510338
39342	-1488.107	-1582.426	94.31937	0.6779102	0.6014026	5.332823
39348	-1485.988	-1582.256	96.26757	0.8568048	0.6014026	4.143051
39354	-1488.998	-1585.662	96.66374	0.6351223	0.4894564	4.143051
39360	-1483.412	-1579.836	96.42424	0.6797352	0.5174226	4.227582
39366	-1482.512	-1578.588	96.07607	0.6797352	0.76701	4.227582
39372	-1478.266	-1574.476	96.20946	0.630341	0.5372725	4.359185
39378	-1483.994	-1580.045	96.05064	0.6895101	0.7365467	4.257784
39384	-1497.292	-1590.935	93.64345	0.2157516	0.6022965	5.956519
39390	-1477.721	-1573.61	95.8888	0.6935438	0.4917827	4.545743
39396	-1482.005	-1577.316	95.31159	0.6500229	0.714631	4.711583
39402	-1481.641	-1576.237	94.5952	0.6528915	0.5023841	5.278825
39408	-1487.685	-1581.37	93.68535	0.4727254	0.6260333	5.774602
39414	-1478.084	-1572.587	94.50354	0.4727254	0.6476017	5.308394
39420	-1482.323	-1576.608	94.28526	0.6236659	0.6978701	5.308394
39426	-1476.218	-1570.668	94.44989	0.5236183	0.649608	5.308394
39432	-1487.423	-1581.689	94.26617	0.5596716	0.7637245	5.308394
39438	-1491.201	-1585.344	94.14288	0.6727581	0.7721146	5.308394
39444	-1491.307	-1585.956	94.64898	0.6163891	0.7721146	5.059519
39450	-1481.492	-1576.977	95.48495	0.848487	0.7669524	4.466262
39456	-1486.523	-1578.802	92.27901	0.7035596	0.5328998	6.490254
39462	-1490.924	-1582.751	91.82718	0.479352	0.6425013	6.768255
39468	-1495.33	-1588.776	93.44629	0.4905352	0.4479367	6.049235
39474	-1495.546	-1588.217	92.67122	0.7137008	0.5465071	6.260387
39480	-1480.132	-1572.9	92.76759	0.6173255	0.5465071	6.260387
39486	-1478.545	-1572.289	93.74428	0.5446581	0.5689021	5.748584
39492	-1476.792	-1571.314	94.52168	0.7861406	0.5689021	5.187827
39498	-1478.439	-1575.67	97.23185	0.8809615	0.6270556	3.553787
39504	-1485.577	-1582.901	97.32455	0.7494704	0.6689459	3.542811
39510	-1484.819	-1580.263	95.44425	0.8129391	0.870915	4.44122
39516	-1486.545	-1581.616	95.07113	0.7313971	0.6279288	4.865381
39522	-1486.41	-1583.882	97.47165	0.8809963	0.4778984	3.54848
39528	-1481.827	-1579.027	97.19945	0.9318466	0.620433	3.54848
39534	-1489.218	-1587.85	98.63109	0.9908213	0.5839542	2.691393
39540	-1483.106	-1577.977	94.87073	0.6726988	0.6519829	4.990975
39546	-1479.842	-1575.911	96.06862	0.6638672	0.5447235	4.413164
39552	-1492.874	-1587.163	94.28924	0.7830975	0.7606963	5.174198
39558	-1488.639	-1582.422	93.78271	0.7830975	0.5853481	5.58327
39564	-1487.387	-1582.319	94.93175	0.9568298	0.6299371	4.81582
39570	-1491.163	-1586.172	95.00904	0.7943133	0.509243	4.964914
39576	-1496.101	-1588.7	92.5994	0.4902883	0.509243	6.452802
39582	-1502.928	-1598.19	95.26161	0.4409112	0.5032829	5.026362
39588	-1499.73	-1594.495	94.76472	0.6024878	0.4442083	5.268263
39594	-1486.917	-1580.959	94.04152	0.802046	0.6694198	5.365229
39600	-1489.214	-1586.557	97.34287	0.7091227	0.4977541	3.703483
39606	-1490.58	-1586.712	96.13235	0.8671944	0.5017723	4.301197
39612	-1476.856	-1572.826	95.9703	0.7319351	0.5968321	4.385932
39618	-1484.252	-1578.073	93.8205	0.5026897	0.734345	5.605113
39624	-1489.428	-1584.835	95.40624	0.8398967	0.569529	4.665091
39630	-1481.593	-1576.441	94.84772	0.6331281	0.5920395	5.072887
39636	-1473.478	-1568.136	94.65788	0.5238205	0.5920395	5.238527
39642	-1482.118	-1578.152	96.03488	0.4877205	0.5007446	4.570926
39648	-1497.232	-1593.086	95.85307	0.6682793	0.5015022	4.570926
39654	-1478.869	-1574.594	95.72492	0.8160043	0.7045538	4.393469
39660	-1486.604	-1582.657	96.05249	0.753686	0.5202238	4.393469
39666	-1491.034	-1586.131	95.09702	0.805228	0.5825716	4.846334
39672	-1483.54	-1579.245	95.70523	0.7332876	0.4628969	4.654102
39678	-1488.65	-1582.542	93.89212	0.4851695	0.4918378	5.767222
39684	-1487.674	-1581.06	93.3855	0.4363636	0.9118248	5.767222
39690	-1485.504	-1578.772	93.26769	0.5541793	0.9118248	5.767222
39696	-1483.988	-1577.543	93.55538	0.5785769	0.6531026	5.767222
39702	-1479.136	-1574.216	95.07998	0.5133451	0.5510661	5.044705
39708	-1486.502	-1581.519	95.01722	0.6210244	0.5510661	5.019763
39714	-1490.463	-1585.48	95.01722	0.6210244	0.5510661	5.019763
39720	-1484.799	-1579.903	95.10325	0.6045759	0.50445	5.022352
39726	-1484.233	-1580.375	96.142	0.5979001	0.5296985	4.422305
39732	-1481.374	-1577.124	95.7507	0.5979001	0.5660381	4.610624
39738	-1495.17	-1590.689	95.51937	0.8844354	0.6085724	4.544384
39744	-1492.47	-1587.336	94.86604	0.4819534	0.4759826	5.248121
39750	-1500.53	-1595.43	94.89995	0.4640682	0.640975	5.098966
39756	-1487.935	-1583.758	95.82315	0.7426984	0.473258	4.572639
39762	-1493.59	-1590.414	96.82427	0.6424064	0.611873	3.939112
39768	-1488.753	-1584.561	95.80767	0.8078825	0.5989696	4.433059
39774	-1490.438	-1585.904	95.46557	0.6623825	0.4100024	4.881277
39780	-1483.278	-1577.807	94.52856	0.4067141	0.4574709	5.493367
39786	-1493.211	-1588.888	95.67708	0.6648686	0.3554592	4.822407
39792	-1493.004	-1588.02	95.01548	0.7097979	0.7435092	4.823218
39798	-1497.139	-1593.268	96.12834	0.8951533	0.6820786	4.136809
39804	-1499.612	-1593.238	93.62585	0.5658641	0.8783488	5.584374
39810	-1496.926	-1591.17	94.24438	0.4494851	0.470293	5.613743
39816	-1499.695	-1593.732	94.03777	0.6867461	0.601708	5.48286
39822	-1492.941	-1587.081	94.1408	0.5181322	0.6481344	5.48286
39828	-1492.678	-1585.271	92.59307	0.6282283	0.6492716	6.267795
39834	-1483.583	-1577.879	94.29523	0.4797646	0.5987614	5.457437
39840	-1483.791	-1577.572	93.78177	0.4913081	0.5212376	5.797888
39846	-1484.023	-1577.554	93.53085	0.6626443	0.572472	5.797888
39852	-1487.364	-1579.322	91.95828	0.4768049	0.572472	6.753369
39858	-1499.227	-1592.866	93.63901	0.854577	0.558801	5.644829
39864	-1491.789	-1586.824	95.03474	0.4494102	0.4903373	5.15936
39870	-1481.518	-1576.654	95.13586	0.7059061	0.5597852	4.899149
39876	-1493.458	-1587.868	94.40954	0.6816108	0.6512564	5.242164
39882	-1492.706	-1588.39	95.6835	0.5774263	0.6646005	4.58076
39888	-1489.353	-1584.936	95.5826	0.7284608	0.6282322	4.58076
39894	-1482.858	-1578.437	95.57933	0.7172345	0.6520902	4.570305
39900	-1481.316	-1576.011	94.69532	0.4381796	0.6246678	5.239206
39906	-1496.737	-1590.422	93.68469	0.5207137	0.8499791	5.594224
39912	-1484.915	-1579.043	94.12796	0.7143327	0.8948421	5.215932
39918	-1479.426	-1573.814	94.38749	0.6114762	0.6649893	5.282769
39924	-1488.817	-1583.065	94.24824	0.8246404	0.6118543	5.282769
39930	-1483.837	-1577.729	93.89149	0.4740621	0.5683092	5.707107
39936	-1497.136	-1592.432	95.29658	0.6835267	0.5683092	4.814821
39942	-1487.578	-1581.258	93.67976	0.395646	0.5572925	5.87506
39948	-1492.326	-1587.271	94.94451	0.4361602	0.6732986	5.065313
39954	-1483.809	-1578.827	95.01841	0.5976305	0.5132555	5.065313
39960	-1495.768	-1591.678	95.90984	1.091227	0.5846463	4.227022
39966	-1485.008	-1580.769	95.76125	0.6814599	0.4571933	4.65735
39972	-1492.248	-1585.471	93.22362	0.6801785	0.8980213	5.730501
39978	-1485.528	-1579.909	94.38108	0.4380954	0.5765761	5.451137
39984	-1489.246	-1584.379	95.13369	0.4877578	0.4437342	5.128084
39990	-1478.646	-1573.425	94.77843	0.6966509	0.6026693	5.067488
39996	-1485.123	-1580.283	95.16001	0.9145374	0.7955621	4.59246
40002	-1497.509	-1592.954	95.44436	0.7628929	0.5636346	4.691858
40008	-1498.813	-1593.963	95.14983	0.5061314	0.4750182	5.07854
40014	-1485.724	-1581.465	95.74071	0.5939785	0.5681714	4.616616
40020	-1479.57	-1575.915	96.34529	0.7591795	0.8125762	3.998207
40026	-1484.527	-1581.355	96.82812	0.7682485	0.6340476	3.846702
40032	-1486.347	-1582.548	96.2005	0.7764936	0.7606256	4.106338
40038	-1483.755	-1580.414	96.65896	0.7187525	0.4708538	4.116191
40044	-1485.002	-1581.287	96.28472	0.7211955	0.5267206	4.274695
40050	-1482.475	-1577.56	95.08476	0.6626652	0.5494634	4.960474
40056	-1484.263	-1578.293	94.02911	0.5588853	0.6250845	5.539534
40062	-1487.081	-1580.139	93.05793	0.5850778	0.6266564	6.055439
40068	-1491.034	-1585.063	94.02953	0.6437172	0.6266564	5.491437
40074	-1497.791	-1592.048	94.25741	0.7534402	0.83314	5.160746
40080	-1487.204	-1581.479	94.2747	0.8703211	0.4298024	5.405264
40086	-1487.498	-1581.696	94.19809	0.6382744	0.6219925	5.405264
40092	-1486.307	-1582.231	95.92302	0.520848	0.4771873	4.637281
40098	-1489.252	-1584.463	95.21141	0.6185461	0.6517463	4.83165
40104	-1494.632	-1588.891	94.25971	0.5359823	0.4206679	5.606665
40110	-1489.309	-1584.081	94.77141	0.5934626	0.6318963	5.105509
40116	-1489.511	-1584.015	94.504	0.6143853	0.6318963	5.241939
40122	-1489.568	-1585.406	95.83827	0.7781302	0.6318963	4.406075
40128	-1492.845	-1589.176	96.33039	0.5823246	0.6318963	4.238536
40134	-1489.78	-1583.085	93.30458	0.5705855	0.6130495	5.939346
40140	-1480.479	-1575.033	94.55434	0.5396033	0.6886155	5.212868
40146	-1481.292	-1576.086	94.79423	0.545838	0.5191806	5.212868
40152	-1479.498	-1572.754	93.25597	0.6908346	0.5191806	5.977972
40158	-1477.456	-1573.021	95.56593	0.6996484	0.4924389	4.722668
40164	-1489.473	-1585.641	96.1676	0.6135923	0.4682156	4.456444
40170	-1491.367	-1586.417	95.05002	0.5556603	0.714335	4.910408
40176	-1483.816	-1577.772	93.95608	0.5522642	0.4728187	5.713103
40182	-1485.283	-1579.316	94.03311	0.5768541	0.6150639	5.53528
40188	-1480.87	-1574.88	94.01012	0.5414836	0.656908	5.53528
40194	-1490.704	-1585.495	94.79144	0.3937515	0.5156133	5.301628
40200	-1468.438	-1563.172	94.73338	0.6269903	0.6707076	5.078502
40206	-1479.692	-1574.551	94.85913	0.62378	0.5326308	5.121913
40212	-1484.869	-1578.069	93.1998	0.4572557	0.5326308	6.124198
40218	-1480.568	-1574.393	93.82485	0.5638215	0.6179625	5.654515
40224	-1485.144	-1579.593	94.4492	0.7665836	0.4517439	5.34443
40230	-1480.377	-1574.63	94.2526	0.6599305	0.646458	5.34443
40236	-1485.955	-1580.169	94.21367	0.5507209	0.646458	5.426082
40242	-1494.069	-1588.282	94.21335	0.374046	0.5325162	5.615787
40248	-1485.925	-1580.462	94.53713	0.6210896	0.5325162	5.301588
40254	-1484.322	-1578.316	93.9933	0.7133597	0.6138139	5.483088
40260	-1472.34	-1566.657	94.31782	0.6622748	0.6216594	5.326277
40266	-1471.838	-1566.226	94.38808	0.5920112	0.6216594	5.326277
40272	-1483.315	-1577.507	94.19242	0.6928363	0.6912002	5.326277
40278	-1481.61	-1576.502	94.8921	0.5423551	0.6273539	5.07046
40284	-1477.142	-1569.99	92.84775	0.5612698	0.6621126	6.156194
40290	-1478.051	-1571.223	93.17193	0.6079956	0.6621126	5.954049
40296	-1485.58	-1579.577	93.99653	0.6665137	0.4029479	5.697791
40302	-1492.773	-1589.458	96.68522	0.9478281	0.5628645	3.885217
40308	-1495.796	-1592.874	97.07836	0.8041083	0.4613513	3.836936
40314	-1505.802	-1602.017	96.21586	0.8842678	0.4515167	4.292915
40320	-1491.94	-1587.242	95.30181	0.5979568	0.702452	4.754938
40326	-1491.08	-1586.426	95.34665	0.5979568	0.6685172	4.754938
40332	-1481.988	-1576.826	94.83813	0.5962143	0.7115644	5.00766
40338	-1496.589	-1589.036	92.44652	0.4367659	0.7115644	6.406349
40344	-1493.919	-1587.375	93.45625	0.5635499	0.5499804	5.911595
40350	-1495.389	-1588.734	93.34433	0.4543884	0.7066763	5.911595
40356	-1495.033	-1589.982	94.94949	0.6944634	0.6897869	4.906845
40362	-1478.869	-1573.313	94.44354	0.576464	0.7917213	5.18244
40368	-1487.568	-1583.226	95.65773	0.9349659	0.7917213	4.303127
40374	-1482.898	-1578.541	95.64307	0.878541	0.8531684	4.303127
40380	-1480.383	-1575.27	94.88722	0.6316937	0.6790941	4.984264
40386	-1481.394	-1576.196	94.80265	0.6956571	0.7369888	4.954169
40392	-1489.173	-1585.605	96.43183	0.6944714	0.6187311	4.1278
40398	-1489.697	-1586.324	96.62682	0.8160067	0.4230274	4.1278
40404	-1483.154	-1580.058	96.90422	0.7482886	0.4822999	3.948176
40410	-1480.247	-1576.28	96.03218	0.6640758	0.5011245	4.472954
40416	-1484.967	-1579.912	94.94503	0.6735472	0.5057283	5.07072
40422	-1479.608	-1573.624	94.01612	0.5358303	0.5057283	5.65891
40428	-1479.165	-1573.671	94.50621	0.6181535	0.6731505	5.2074
40434	-1485.438	-1580.509	95.07093	0.6638304	0.542736	4.973329
40440	-1491.833	-1587.185	95.35245	0.818321	0.6832099	4.617374
40446	-1491.447	-1585.618	94.17074	0.6708708	0.6832099	5.356166
40452	-1490.368	-1584.249	93.88115	0.7699394	0.8384703	5.356166
40458	-1478.674	-1573.338	94.66377	0.6838543	0.5836208	5.1536
40464	-1485.963	-1580.396	94.43278	0.5427903	0.5836208	5.359187
40470	-1481.863	-1576.404	94.54148	0.4143711	0.6510169	5.31707
40476	-1486.941	-1582.97	96.02947	0.7808889	0.6510169	4.281509
40482	-1482.252	-1578.938	96.68596	0.8721228	0.5240466	3.962875
40488	-1474.82	-1571.619	96.7987	0.8515307	0.4686309	3.962875
40494	-1485.383	-1581.899	96.51559	0.8312627	0.6682667	3.962875
40500	-1478.902	-1575.362	96.45955	0.8709491	0.4501738	4.16363
40506	-1471.037	-1568	96.96325	0.8012514	0.575094	3.799047
40512	-1480.189	-1576.329	96.14047	0.719765	0.6817978	4.229733
40518	-1475.109	-1571.087	95.9782	0.7647698	0.5895275	4.368982
40524	-1470.654	-1566.295	95.64041	0.8439168	0.5895275	4.514712
40530	-1482.751	-1579.723	96.97258	0.8439168	0.5990458	3.748693
40536	-1489.688	-1586.285	96.59671	0.7957094	0.5936421	3.996707
40542	-1487.941	-1582.766	94.82585	0.580094	0.5956301	5.111502
40548	-1495.794	-1590.356	94.56214	0.840855	0.4612896	5.231766
40554	-1494.135	-1588.711	94.57561	0.6015775	0.6035277	5.231766
40560	-1487.61	-1580.801	93.19093	0.6728891	0.6153324	5.943758
40566	-1487.141	-1580.138	92.99731	0.5141946	0.4855476	6.245208
40572	-1485.94	-1582.736	96.79621	0.8666748	0.6527125	3.793584
40578	-1481.602	-1575.272	93.6698	0.6514028	0.614514	5.694207
40584	-1480.079	-1576.501	96.42168	0.9708738	0.7437942	3.88069
40590	-1470.232	-1566.255	96.02231	0.8666131	0.563985	4.308088
40596	-1478.276	-1574.162	95.88643	0.7863387	0.7195623	4.308088
40602	-1481.452	-1577.283	95.83014	0.8426303	0.7195623	4.308088
40608	-1489.729	-1585.235	95.50661	0.7221119	0.4741061	4.760617
40614	-1486.656	-1580.809	94.15311	0.4237717	0.5084454	5.642794
40620	-1510.504	-1605.881	95.37729	0.5388273	0.5079986	4.903306
40626	-1511.209	-1606.367	95.15868	0.7860661	0.8041482	4.659542
40632	-1489.256	-1583.167	93.91154	0.5471227	0.6329811	5.604478
40638	-1482.492	-1577.371	94.87934	0.5471227	0.5268184	5.158286
40644	-1488.344	-1582.653	94.30941	0.6841006	0.5789564	5.353119
40650	-1482.72	-1578.077	95.35699	0.6359669	0.7537941	4.66649
40656	-1486.643	-1582.006	95.36394	0.6359669	0.4844601	4.878433
40662	-1490.228	-1585.49	95.26148	0.7372187	0.449198	4.913168
40668	-1492.643	-1587.367	94.72483	0.6756785	0.4827987	5.212673
40674	-1482.081	-1578.01	95.92947	0.6391181	0.5469336	4.503531
40680	-1477.12	-1571.935	94.8149	0.6391181	0.463494	5.201421
40686	-1479.126	-1575.069	95.94302	0.6391181	0.5315563	4.509475
40692	-1485.271	-1579.119	93.84803	0.4748951	0.5246792	5.767587
40698	-1487.062	-1582.819	95.75697	0.6477328	0.4451624	4.69059
40704	-1481.848	-1577.659	95.8104	0.6501302	0.5737892	4.541234
40710	-1482.687	-1577.201	94.51398	0.5530387	0.5737892	5.316831
40716	-1485.072	-1580.366	95.29353	0.7312882	0.701133	4.685965
40722	-1491.857	-1588.049	96.1923	0.858708	0.6591482	4.138665
40728	-1476.08	-1571.183	95.10243	0.6865394	0.6591482	4.848874
40734	-1483.666	-1578.906	95.24	0.7284434	0.5362778	4.848874
40740	-1489.575	-1583.715	94.14017	0.640577	0.7753863	5.325467
40746	-1495.538	-1590.064	94.5261	0.6154849	0.4907488	5.348278
40752	-1490.895	-1585.823	94.92785	0.5054677	0.6172537	5.079032
40758	-1481.675	-1576.669	94.99448	0.4813478	0.5539405	5.107413
40764	-1478.026	-1573.376	95.34988	0.6982723	0.3970552	4.939511
40770	-1479.72	-1574.864	95.14384	0.7734629	0.4685999	4.939511
40776	-1476.106	-1571.164	95.05874	0.637016	0.609387	4.939511
40782	-1477.317	-1571.612	94.29542	0.637016	0.609387	5.362228
40788	-1475.946	-1571.635	95.68876	0.6433595	0.7346566	4.489484
40794	-1480.276	-1575.61	95.33408	0.886977	0.7346566	4.551917
40800	-1499.137	-1596.868	97.73133	1.277216	0.3132625	3.35329
40806	-1498.957	-1595.135	96.17865	0.7485216	0.6607077	4.207812
40812	-1487.429	-1583.941	96.51258	0.7485216	0.4454641	4.207812
40818	-1479.959	-1577.162	97.20357	1.067964	0.5111341	3.563448
40824	-1484.222	-1580.645	96.42291	1.067964	0.7466592	3.822144
40830	-1487.919	-1584.739	96.81982	1.039319	0.490004	3.822144
40836	-1483.24	-1579.695	96.45542	0.9476662	0.4122138	4.161903
40842	-1481.657	-1576.007	94.34979	0.794821	0.5697087	5.27738
40848	-1481.451	-1577.231	95.77995	0.6266624	0.4369576	4.697799
40854	-1476.014	-1570.727	94.71274	0.6266624	0.4560683	5.27197
40860	-1485.27	-1581.304	96.03391	1.101625	0.4969321	4.228704
40866	-1488.682	-1582.724	94.04191	0.7469203	0.6249335	5.429156
40872	-1488.373	-1582.724	94.35143	0.3090905	0.5521324	5.558804
40878	-1487.453	-1580.077	92.62382	0.4875145	0.6704743	6.311886
40884	-1485.864	-1580.583	94.71975	0.3459933	0.5778695	5.31416
40890	-1496.029	-1591.052	95.02305	0.5993401	0.5778695	5.005967
40896	-1486.316	-1581.367	95.05138	0.5295479	0.4942337	5.102135
40902	-1488.433	-1582.768	94.33487	0.3768297	0.5936004	5.496413
40908	-1483.907	-1578.867	94.96019	0.7606947	0.5936004	4.938278
40914	-1481.033	-1576.854	95.82089	0.6632306	0.6687907	4.452094
40920	-1476.519	-1571.376	94.85666	0.445574	0.598932	5.166278
40926	-1482.893	-1577.714	94.82094	0.6043522	0.5521142	5.136972
40932	-1480.913	-1575.518	94.60459	0.5337468	0.5521142	5.295662
40938	-1483.66	-1577.275	93.61524	0.5554711	0.5369233	5.840249
40944	-1479.155	-1574.021	94.86563	0.4566508	0.5407109	5.203801
40950	-1481.512	-1576.586	95.07346	0.6788807	0.4634435	5.036161
40956	-1486.57	-1582.932	96.36191	0.7119168	0.4634435	4.295929
40962	-1484.368	-1579.627	95.25972	0.5415095	0.6330152	4.862124
40968	-1481.263	-1576.407	95.14404	0.6536044	0.6330152	4.864122
40974	-1492.019	-1588.294	96.27482	0.8759901	0.6134041	4.118176
40980	-1488.112	-1584.482	96.37054	0.8759901	0.6448193	4.038467
40986	-1489.855	-1586.949	97.09345	1.069548	0.582295	3.562248
40992	-1494.149	-1591.097	96.94757	1.069548	0.7667611	3.503086
40998	-1480.915	-1577.895	96.97954	0.9431641	0.6279105	3.663429
41004	-1486.48	-1581.823	95.34316	0.7569007	0.7193198	4.630705
41010	-1480.461	-1575.255	94.79486	0.644156	0.518534	5.158688
41016	-1478.9	-1573.842	94.94269	0.7225416	0.7592043	4.845887
41022	-1465.101	-1560.087	94.98597	0.7225416	0.7423646	4.833368
41028	-1478.694	-1574.251	95.55621	0.9752007	1.041318	4.186296
41034	-1485.154	-1579.71	94.55622	0.6744786	0.492411	5.297564
41040	-1487.383	-1582.315	94.93133	0.6407803	0.9738245	4.764161
41046	-1489.071	-1584.636	95.56425	0.6883428	0.632206	4.610429
41052	-1496.21	-1591.834	95.62431	0.6282908	0.632206	4.610429
41058	-1484.522	-1581.409	96.88689	0.9679238	0.718699	3.632305
41064	-1498.709	-1594.205	95.49507	0.7440774	0.5287451	4.704356
41070	-1495.827	-1590.651	94.82391	0.5616779	0.6082529	5.112636
41076	-1488.738	-1583.648	94.90968	0.5253486	0.5746002	5.112636
41082	-1487.967	-1582.825	94.85875	0.5651808	0.5820356	5.112636
41088	-1484.754	-1580.301	95.54714	0.6946965	0.7543286	4.526491
41094	-1483.229	-1579.247	96.01871	0.6839253	0.4421805	4.526491
41100	-1487.927	-1583.064	95.13627	0.3996409	0.6240465	5.016742
41106	-1491.738	-1585.992	94.25409	0.5255697	0.4136259	5.622703
41112	-1492.927	-1588.043	95.11593	0.6579048	0.7008235	4.826423
41118	-1496.251	-1591.907	95.65692	0.4958762	0.4500818	4.826423
41124	-1483.536	-1578.292	94.75567	0.623809	0.4500818	5.255684
41130	-1488.075	-1582.859	94.78365	0.5679959	0.4500818	5.27106
41136	-1480.6	-1576.379	95.77978	0.8064837	0.7627601	4.326508
41142	-1481.766	-1578.097	96.3311	0.7188764	0.6883368	4.117039
41148	-1486.544	-1582.834	96.29051	0.8497274	0.6222364	4.117039
41154	-1483.621	-1579.264	95.64256	0.9431468	0.6692932	4.394447
41160	-1499.56	-1597.026	97.46564	1.000584	0.4371138	3.524122
41166	-1497	-1591.818	94.81747	0.6815052	0.4189402	5.221002
41172	-1486.891	-1579.629	92.73813	0.5236898	0.3181741	6.556362
41178	-1481.327	-1575.473	94.146	0.5173966	0.6046786	5.514108
41184	-1477.873	-1571.867	93.99402	0.5489057	0.4761693	5.691003
41190	-1482.741	-1578.743	96.0022	0.5215699	0.5797096	4.500705
41196	-1485.292	-1580.564	95.27152	0.4925905	0.5058497	4.989811
41202	-1480.741	-1575.876	95.13459	0.5177853	0.5772633	4.989811
41208	-1479.148	-1574.949	95.80104	0.5795086	0.4217154	4.728036
41214	-1483.588	-1579.073	95.48486	0.4165574	0.5902017	4.84051
41220	-1485.735	-1578.925	93.18966	0.4956243	0.6235205	6.034809
41226	-1484.825	-1579.282	94.4563	0.605057	0.5245528	5.362017
41232	-1485.871	-1582.211	96.34043	0.7741363	0.5747222	4.170992
41238	-1492.231	-1588.213	95.98129	0.8529566	0.5747222	4.329844
41244	-1481.337	-1576.509	95.17133	0.5368517	0.5001292	5.02611
41250	-1488.539	-1582.582	94.04258	0.2302675	0.5001292	5.816832
41256	-1478.028	-1573.715	95.68691	0.4067602	0.5536354	4.763916
41262	-1488.331	-1584.702	96.37061	0.7286246	0.5882678	4.168262
41268	-1495.641	-1591.834	96.1923	0.7286246	0.5882678	4.269409
41274	-1478.01	-1573.443	95.4333	0.7286246	0.5882678	4.696589
41280	-1481.612	-1575.395	93.78353	0.2374545	0.5875506	5.879939
41286	-1488.307	-1581.859	93.55254	0.5954195	0.5875506	5.810517
41292	-1497.417	-1590.258	92.84125	0.4349992	0.5875506	6.285673
41298	-1484.851	-1579.352	94.50137	0.4134083	0.5875506	5.389499
41304	-1485.214	-1578.677	93.46331	0.3611387	0.5875506	5.98725
41310	-1493.541	-1586.834	93.29354	0.3919531	0.6872439	5.98725
41316	-1481.639	-1576.978	95.33875	0.5607043	0.7335502	4.732909
41322	-1484.44	-1579.301	94.86048	0.6826934	0.4877062	5.129113
41328	-1481.892	-1577.409	95.51707	0.8518351	0.4094937	4.74738
41334	-1483.546	-1578.228	94.68183	0.596654	0.8169909	5.02269
41340	-1482.847	-1577.167	94.31992	0.703515	0.6711856	5.264646
41346	-1492.158	-1586.124	93.96599	0.7352261	0.551112	5.537304
41352	-1478.875	-1573.066	94.19074	0.6302718	0.6024135	5.429179
41358	-1498.072	-1592.677	94.60471	0.549544	0.8296975	5.083478
41364	-1488.738	-1583.902	95.16429	0.690918	0.9076632	4.644535
41370	-1495.12	-1590.233	95.11234	0.6907941	0.7322365	4.787644
41376	-1478.501	-1573.348	94.84755	0.601266	0.5920716	5.090627
41382	-1490.059	-1586.724	96.66531	0.9369911	0.5170967	3.943958
41388	-1488.349	-1584.856	96.50679	0.9481538	0.6141554	3.943958
41394	-1489.763	-1585.16	95.39704	0.7158578	0.5337072	4.770533
41400	-1491.752	-1585.433	93.6803	0.4132824	0.5813809	5.845251
41406	-1489.936	-1584.841	94.90455	0.3309692	0.6118277	5.192891
41412	-1482.711	-1578.647	95.9358	0.5263872	0.4973198	4.608008
41418	-1494.992	-1590.852	95.85961	0.7943817	0.4973198	4.50028
41424	-1494.982	-1590.269	95.28711	0.6421825	0.5484511	4.8601
41430	-1493.512	-1588.052	94.54015	0.3985099	0.443209	5.505452
41436	-1484.305	-1579.055	94.74921	0.5810098	0.6228249	5.131787
41442	-1479.732	-1574.196	94.46386	0.4901975	0.4575395	5.482969
41448	-1487.691	-1583.035	95.34417	0.5066622	0.4959921	4.950648
41454	-1486.842	-1582.605	95.76304	0.7017562	0.6684371	4.463245
41460	-1479.415	-1574.829	95.41484	0.7209805	0.5019991	4.786304
41466	-1482.652	-1578.177	95.5248	0.4986043	0.6278795	4.742147
41472	-1482.674	-1578.135	95.46151	0.7538557	0.5016932	4.742147
41478	-1483.073	-1578.897	95.82394	0.7224484	0.4939871	4.563869
41484	-1481.797	-1577.411	95.61392	0.8660402	0.5324312	4.566109
41490	-1490.376	-1584.873	94.49689	0.3816274	0.5324312	5.455848
41496	-1490.995	-1584.755	93.76014	0.3481566	0.5229323	5.886504
41502	-1494.957	-1590.326	95.36907	0.5732397	0.5229323	4.875251
41508	-1479.754	-1573.839	94.08536	0.643107	0.5229323	5.546688
41514	-1481.87	-1577.971	96.10095	0.8156096	0.5157187	4.335239
41520	-1478.77	-1573.2	94.42986	0.4703401	0.5157187	5.45863
41526	-1482.277	-1576.701	94.4242	0.486897	0.5157187	5.452631
41532	-1493.542	-1588.325	94.78293	0.5206286	0.643641	5.130428
41538	-1490.71	-1585.137	94.42622	0.6558424	0.8763995	5.094351
41544	-1478.571	-1573.27	94.6984	0.51657	0.4879053	5.310421
41550	-1476.205	-1570.61	94.40415	0.6593745	0.6403396	5.265748
41556	-1483.141	-1576.245	93.10373	0.5790541	0.4773613	6.159618
41562	-1494.184	-1589.126	94.94238	0.6200787	0.6377833	4.991291
41568	-1504.984	-1599.913	94.92916	0.6742218	0.6088614	4.991291
41574	-1498.156	-1591.366	93.20946	0.6218888	0.5161602	6.043597
41580	-1479.687	-1574.286	94.59852	0.6398768	0.5991966	5.201393
41586	-1490.525	-1585.323	94.79727	0.5964611	0.499022	5.201393
41592	-1480.704	-1573.95	93.24556	0.4382812	0.5962945	6.056922
41598	-1488.941	-1582.049	93.10752	0.5763212	0.5962945	6.056922
41604	-1491.748	-1586.293	94.5447	0.7681632	0.6150389	5.147534
41610	-1476.384	-1571.188	94.8047	0.6205553	0.5389704	5.148313
41616	-1481.762	-1577.055	95.29286	0.6243944	0.5009704	4.909101
41622	-1483.735	-1579.066	95.33137	0.5772888	0.3869832	5.027974
41628	-1481.776	-1576.909	95.13352	0.7423225	0.4583991	4.972458
41634	-1488.219	-1582.686	94.46697	0.8034198	0.6446185	5.148051
41640	-1482.873	-1578.57	95.69666	0.6884136	0.5985531	4.563054
41646	-1480.029	-1576.061	96.03223	0.6256556	0.5346675	4.464085
41652	-1485.045	-1578.689	93.64391	0.7224469	0.5752141	5.700973
41658	-1495.063	-1589.147	94.08352	0.4534787	0.4690345	5.700973
41664	-1486.999	-1581.656	94.6579	0.3806208	0.4885663	5.407111
41670	-1479.497	-1574.29	94.79379	0.4860902	0.6439421	5.143312
41676	-1483.923	-1579.541	95.61746	0.529834	0.6439421	4.660298
41682	-1482.653	-1576.484	93.83067	0.529834	0.6456874	5.648655
41688	-1491.112	-1585.292	94.17993	0.527696	0.6456874	5.457921
41694	-1478.236	-1572.193	93.95748	0.6888481	0.6912421	5.457921
41700	-1500.79	-1596.976	96.1855	0.8235099	0.7687498	4.082453
41706	-1487.193	-1583.853	96.6593	0.6545167	0.5461375	4.082453
41712	-1489.456	-1585.445	95.98896	0.7229902	0.5461375	4.423503
41718	-1491.493	-1587.579	96.08591	0.8572847	0.4109687	4.423503
41724	-1483.467	-1576.35	92.88272	0.5311687	0.7035959	6.123622
41730	-1479.344	-1573.285	93.94027	0.4987538	0.5203571	5.707795
41736	-1483.478	-1577.388	93.9097	0.8086486	0.5550062	5.524592
41742	-1492.335	-1587.704	95.36871	0.8576324	0.795632	4.507139
41748	-1477.148	-1572.26	95.11275	0.4291829	0.6356342	5.00436
41754	-1476.721	-1571.787	95.06586	0.5468037	0.58636	5.00436
41760	-1490.713	-1584.994	94.2804	0.7925545	0.4578238	5.417239
41766	-1483.867	-1579.416	95.54874	0.6395606	0.5847462	4.684737
41772	-1480.054	-1574.158	94.10424	0.5557396	0.4986684	5.606018
41778	-1478.967	-1573.274	94.30717	0.6959548	0.4988863	5.417126
41784	-1483.356	-1579.054	95.69738	0.6225459	0.8093945	4.445342
41790	-1472.654	-1567.454	94.80006	0.4939129	0.6320529	5.144669
41796	-1473.927	-1567.884	93.95676	0.6700089	0.5720027	5.56072
41802	-1472.406	-1567.049	94.64342	0.5844645	0.4857102	5.305333
41808	-1480.401	-1573.796	93.39493	0.4840265	0.5285766	6.006785
41814	-1479.091	-1575.695	96.60406	0.6489384	0.5285766	4.132796
41820	-1473.801	-1570.144	96.34285	0.8169557	0.5895039	4.132796
41826	-1485.91	-1582.608	96.69741	0.9466627	0.4590418	3.975953
41832	-1487.611	-1584.257	96.64654	0.9466627	0.4886757	3.975953
41838	-1477.743	-1574.127	96.38378	0.8628557	0.7275688	3.975953
41844	-1477.336	-1572.994	95.65824	0.782004	0.7275688	4.433625
41850	-1483.569	-1577.156	93.58751	0.7484719	0.6938569	5.626597
41856	-1477.112	-1571.68	94.56802	0.5670949	0.6026119	5.25575
41862	-1487.281	-1582.414	95.13273	0.6145886	0.5306873	4.976885
41868	-1481.039	-1576.069	95.03017	0.5891336	0.6158411	4.976885
41874	-1485.865	-1580.621	94.75601	0.6224178	0.6158411	5.110574
41880	-1487.92	-1583.938	96.01773	0.7015753	0.6022366	4.371858
41886	-1475.464	-1570.897	95.4327	0.6911477	0.591708	4.715058
41892	-1480.7	-1576.473	95.77315	0.5042428	0.6866531	4.554982
41898	-1489.08	-1583.447	94.3668	0.4731176	0.6866531	5.354586
41904	-1477.468	-1572.912	95.44402	0.6944274	0.5746211	4.721069
41910	-1497.067	-1594.687	97.62036	1.232144	0.4162321	3.320478
41916	-1487.084	-1584.978	97.89435	1.067632	0.7231947	2.976256
41922	-1483.682	-1578.92	95.23764	0.7663446	0.6624821	4.726301
41928	-1480.696	-1576.227	95.53061	0.678308	0.6624821	4.611545
41934	-1489.272	-1584.194	94.92243	0.744573	0.5638317	4.992926
41940	-1486.576	-1581.245	94.66889	0.6573243	0.822037	4.992926
41946	-1477.324	-1571.739	94.41456	0.7232387	0.3686185	5.47432
41952	-1471.927	-1566.752	94.82511	0.6016427	0.6057768	5.091797
41958	-1487.489	-1580.995	93.50567	0.5275011	0.4348456	6.009569
41964	-1484.385	-1579.4	95.0158	0.5678177	0.6646009	4.959091
41970	-1477.211	-1572.108	94.8977	0.6859198	0.6646009	4.959091
41976	-1487.338	-1583.38	96.04211	0.7426	0.6290308	4.313293
41982	-1491.785	-1588.141	96.35619	0.8397021	0.6684414	4.048988
41988	-1487.246	-1583.182	95.9362	0.7254205	0.4700234	4.521964
41994	-1483.776	-1579.357	95.58135	0.5923812	0.5180726	4.750487
42000	-1484.831	-1580.859	96.02824	0.7327513	0.6617183	4.301188
42006	-1494.016	-1589.549	95.53323	0.5175011	0.6732213	4.692064
42012	-1488.495	-1582.474	93.97967	0.7714543	0.5077586	5.547736
42018	-1485.066	-1581.608	96.54231	0.7076127	0.5073352	4.154031
42024	-1492.157	-1586.713	94.55651	0.8029022	0.2837956	5.455664
42030	-1487.306	-1583.597	96.2913	0.7295012	0.7521159	4.087345
42036	-1476.949	-1571.588	94.6388	0.7502055	0.7206573	5.026376
42042	-1490.662	-1585.739	95.07727	0.5248506	0.5305711	5.057618
42048	-1479.29	-1574.798	95.50766	0.9258997	0.4670515	4.652832
42054	-1490.314	-1583.064	92.7501	0.6389732	0.5134024	6.286688
42060	-1479.562	-1574.717	95.15517	0.637806	0.5809159	4.908577
42066	-1482.013	-1575.865	93.85137	0.582571	0.5123153	5.717702
42072	-1480.201	-1573.582	93.38121	0.616351	0.5123153	5.956338
42078	-1481.94	-1575.98	94.04035	0.51544	0.5348478	5.631108
42084	-1481.888	-1575.605	93.71661	0.3388703	0.5348478	5.905012
42090	-1482.514	-1576.772	94.25802	0.5161569	0.5116842	5.531545
42096	-1484.152	-1579.298	95.14572	0.8444289	0.7317018	4.683474
42102	-1491.36	-1586.699	95.33949	0.6881338	0.7317018	4.662492
42108	-1483.571	-1578.096	94.52502	0.4709504	0.5902543	5.342533
42114	-1487.451	-1581.498	94.04674	0.5891832	0.5253386	5.595409
42120	-1492.155	-1586.562	94.4074	0.2285192	0.5253386	5.595409
42126	-1480.673	-1575.477	94.80459	0.6461254	0.643904	5.048633
42132	-1487.823	-1581.318	93.49489	0.5519138	0.6897444	5.788025
42138	-1488.1	-1583.136	95.03628	0.3437792	0.5837749	5.135511
42144	-1499.22	-1593.865	94.64527	0.334362	0.6502004	5.304562
42150	-1494.312	-1588.349	94.03672	0.7030756	0.4515853	5.606497
42156	-1494.275	-1587.566	93.29059	0.5825756	0.5737347	5.971891
42162	-1489.19	-1584.455	95.2655	0.613742	0.4546589	4.974226
42168	-1480.246	-1575.449	95.20249	0.5781867	0.5128811	4.974226
42174	-1476.716	-1571.916	95.2001	0.613971	0.503963	4.963763
42180	-1482.463	-1576.394	93.93135	0.402176	0.6658744	5.648349
42186	-1484.293	-1578.824	94.53104	0.5275488	0.6918065	5.230101
42192	-1487.367	-1582.948	95.58054	0.6543272	0.548304	4.689567
42198	-1491.048	-1586.828	95.78013	0.6370087	0.5272088	4.60602
42204	-1493.685	-1588.779	95.09385	0.6269635	0.8414965	4.760649
42210	-1478.565	-1572.674	94.10866	0.5234449	0.6687481	5.482195
42216	-1493.002	-1588.02	95.01761	0.8655409	0.6687481	4.789088
42222	-1480.54	-1575.068	94.52804	0.4744379	0.4692292	5.445109
42228	-1477.468	-1571.87	94.40261	0.4084702	0.5198336	5.50401
42234	-1482.367	-1577.718	95.35038	0.7070569	0.400738	4.930391
42240	-1484.634	-1579.882	95.24786	0.6112233	0.5131327	4.930391
42246	-1479.864	-1574.91	95.04544	0.5306255	0.5550391	5.050882
42252	-1479.18	-1573.348	94.16753	0.4281942	0.5131814	5.628218
42258	-1478.422	-1572.082	93.65918	0.6429626	0.7177318	5.628218
42264	-1489.837	-1583.062	93.22508	0.5590647	0.6102729	5.991193
42270	-1479.216	-1575.086	95.86996	0.5116025	0.5928159	4.569734
42276	-1490.246	-1585.797	95.55116	0.6792277	0.3645135	4.874159
42282	-1482.676	-1577.924	95.24782	0.5960581	0.5882789	4.874159
42288	-1482.863	-1579.49	96.62734	0.6844567	0.4496042	4.174831
42294	-1488.294	-1582.468	94.17365	0.6844567	0.6676194	5.358546
42300	-1503.245	-1597.124	93.87863	0.6208326	0.6544592	5.565767
42306	-1498.371	-1593.721	95.35011	0.6282565	0.6332918	4.763072
42312	-1500.897	-1598.735	97.83796	1.15633	0.831784	2.877777
42318	-1494.969	-1592.46	97.49038	0.9465369	0.5327603	3.446756
42324	-1488.571	-1583.865	95.29406	0.9465369	0.4862043	4.742481
42330	-1483.124	-1577.322	94.19744	0.4706506	0.5050015	5.595828
42336	-1479.614	-1573.556	93.94196	0.5209418	0.641247	5.595828
42342	-1478.504	-1572.543	94.03854	0.4742689	0.5571094	5.635702
42348	-1477.335	-1571.298	93.96325	0.5092462	0.5571094	5.657816
42354	-1488.722	-1582.561	93.83829	0.4426265	0.6924526	5.657816
42360	-1488.555	-1583.108	94.55297	0.6159764	0.5101051	5.315532
42366	-1490.002	-1587.359	97.35765	0.7451569	0.5763497	3.602377
42372	-1495.647	-1590.681	95.03314	0.7771075	0.4367442	5.030374
42378	-1483.146	-1579.784	96.63721	0.8155893	0.4789037	4.065565
42384	-1491.106	-1587.916	96.81008	0.615793	0.494891	4.065565
42390	-1489.174	-1585.482	96.3077	0.6461629	0.6118157	4.231342
42396	-1489.654	-1587.159	97.50449	1.116167	0.6520939	3.235569
42402	-1489.408	-1586.616	97.20817	0.910899	0.4100649	3.754427
42408	-1489.297	-1585.997	96.70017	0.6602907	0.4100649	4.188422
42414	-1498.934	-1594.18	95.24526	0.7418861	0.7816388	4.650769
42420	-1491.476	-1587.081	95.60463	0.972444	0.3910636	4.650769
42426	-1497.84	-1595.413	97.57214	0.8126047	0.3669561	3.649852
42432	-1487.987	-1585.463	97.47628	0.8992832	0.5376569	3.478103
42438	-1491.672	-1587.019	95.34693	0.4702876	0.4469353	5.01631
42444	-1484.503	-1580.012	95.50885	0.6681159	0.6872219	4.610924
42450	-1481.145	-1575.502	94.35722	0.6338702	0.5544961	5.374874
42456	-1489.494	-1583.872	94.37723	0.3858962	0.7174552	5.374874
42462	-1493.884	-1588.515	94.63093	0.41474	0.5197911	5.374874
42468	-1494.16	-1589.723	95.56355	0.5700893	0.5197911	4.771335
42474	-1485.151	-1577.365	92.21363	0.4002054	0.6061936	6.629935
42480	-1482.887	-1574.765	91.87725	0.3846472	0.6061936	6.820042
42486	-1483.289	-1576.036	92.74642	0.4822505	0.7018125	6.225652
42492	-1481.664	-1574.365	92.70168	0.5269859	0.7018125	6.225652
42498	-1487.711	-1581.822	94.11091	0.5358253	0.6878297	5.460163
42504	-1479.364	-1572.694	93.33043	0.5689103	0.5401735	5.985679
42510	-1475.574	-1569.481	93.9067	0.5021768	0.561402	5.689102
42516	-1485.656	-1578.246	92.58967	0.5602596	0.5967499	6.346931
42522	-1488.822	-1585.362	96.54074	0.5757312	0.5295293	4.209494
42528	-1482.298	-1578.351	96.05289	0.7369834	0.5757268	4.354066
42534	-1481.054	-1577.033	95.97901	0.7635408	0.501639	4.446404
42540	-1487.509	-1582.407	94.89766	0.3586634	0.6451003	5.155472
42546	-1483.984	-1577.404	93.4195	0.5103094	0.4614101	6.040088
42552	-1487.202	-1582.256	95.0545	0.6386261	0.5822981	4.962991
42558	-1485.845	-1580.928	95.08323	0.6240479	0.5532875	4.979512
42564	-1480.059	-1575.39	95.33121	0.5965378	0.6483021	4.779715
42570	-1483.515	-1578.051	94.53533	0.5965378	0.6204786	5.243387
42576	-1474.718	-1569.238	94.51982	0.6566932	0.5895841	5.243387
42582	-1485.336	-1578.289	92.95298	0.4641179	0.7305058	6.103139
42588	-1490.154	-1583.176	93.02237	0.5191974	0.636567	6.103139
42594	-1487.969	-1582.438	94.46981	0.6737256	0.4882615	5.349505
42600	-1482.755	-1577.288	94.53255	0.4706393	0.5768631	5.349505
42606	-1482.344	-1578.493	96.14914	0.6565542	0.6260686	4.303782
42612	-1486.082	-1581.462	95.37994	0.6565542	0.516661	4.828374
42618	-1495.998	-1591.966	95.96801	0.6793018	0.4213507	4.578979
42624	-1489.044	-1584.237	95.19274	0.5859345	0.4456918	5.038948
42630	-1492.242	-1586.826	94.58406	0.6108214	0.4790313	5.329793
42636	-1484.14	-1578.523	94.38318	0.5692332	0.63682	5.329793
42642	-1486.924	-1583.05	96.12685	0.8300234	0.3445873	4.490776
42648	-1487.54	-1583.54	95.99965	0.7359637	0.4311775	4.519187
42654	-1487.72	-1579.616	91.89557	0.6582223	0.4311775	6.815535
42660	-1491.01	-1587.75	96.74092	0.6915262	0.5501383	4.011239
42666	-1479.727	-1574.244	94.51749	0.6322983	0.5584862	5.283936
42672	-1484.396	-1579.544	95.14771	0.5877836	0.4346054	5.074017
42678	-1486.383	-1582.118	95.73531	0.7464143	0.3911328	4.704071
42684	-1487.108	-1580.069	92.96178	0.7232123	0.6562421	6.010193
42690	-1482.179	-1576.826	94.6467	0.8973465	0.5035835	5.113998
42696	-1491.989	-1585.919	93.93015	0.6090055	0.5035835	5.667859
42702	-1481.026	-1576.081	95.05518	0.6028065	0.678404	4.907417
42708	-1478.831	-1575.485	96.65351	0.7559002	0.5084074	4.062236
42714	-1479.451	-1574.596	95.14466	0.8133147	0.6511059	4.760681
42720	-1500.308	-1595.028	94.71992	0.5961727	0.5944912	5.162194
42726	-1486.427	-1581.077	94.65006	0.6566275	0.6009425	5.162194
42732	-1494.318	-1589.093	94.77492	0.5933252	0.5596071	5.162194
42738	-1481.01	-1575.444	94.43407	0.6101862	0.8021298	5.162194
42744	-1484.832	-1579.743	94.91077	0.6752424	0.582956	5.021966
42750	-1481.432	-1576.756	95.32483	0.559006	0.4417167	4.984505
42756	-1477.381	-1572.992	95.61067	0.6874008	0.6678852	4.557419
42762	-1471.466	-1565.383	93.91701	0.6221537	0.671982	5.530919
42768	-1484.791	-1580.198	95.40654	0.7209443	0.8130836	4.551172
42774	-1480.177	-1577.251	97.07412	0.9341095	0.6938061	3.561903
42780	-1478.748	-1576.014	97.266	1.038302	0.4928714	3.561903
42786	-1485.057	-1580.856	95.79956	0.8933994	0.6403885	4.356185
42792	-1489.395	-1584.164	94.76922	0.7238632	0.4624755	5.18079
42798	-1484.513	-1580.755	96.2415	0.7357153	0.4270757	4.387352
42804	-1473.449	-1571.046	97.59716	1.044337	0.8392039	3.084638
42810	-1470.021	-1566.507	96.48657	0.8270368	0.7853203	3.896909
42816	-1482.757	-1578.006	95.24875	0.8080667	0.7336305	4.644779
42822	-1487.672	-1584.619	96.94702	0.7474923	0.5875413	3.828672
42828	-1481.803	-1577.858	96.05484	0.789498	0.5542452	4.341712
42834	-1495.654	-1591.134	95.48016	0.6186114	0.366542	4.94512
42840	-1485.206	-1580.361	95.15532	0.786578	0.5957736	4.81337
42846	-1483.942	-1579.129	95.18705	0.7548554	0.5957736	4.81337
42852	-1491.373	-1588.747	97.37355	0.9083263	0.6577625	3.430314
42858	-1498.606	-1592.239	93.63257	0.7900315	1.174739	5.296518
42864	-1485.026	-1579.536	94.5096	0.4564081	0.6709818	5.296518
42870	-1484.38	-1579.807	95.42763	0.5458777	0.4222962	4.9544
42876	-1472.209	-1567.673	95.46396	0.8493502	0.4973494	4.691386
42882	-1482.046	-1577.769	95.72245	0.5826249	0.7244865	4.511917
42888	-1477.915	-1573.64	95.72484	0.7501292	0.6368972	4.481824
42894	-1481.1	-1575.772	94.67206	0.6526956	0.5047489	5.234311
42900	-1483.995	-1578.578	94.58323	0.5957642	0.5911173	5.24077
42906	-1486.894	-1581.138	94.24425	0.5403174	0.6702181	5.39716
42912	-1484.864	-1577.888	93.02399	0.5971276	0.5783747	6.105507
42918	-1486.15	-1580.279	94.12964	0.6636326	0.5231632	5.510861
42924	-1487.785	-1581.539	93.75344	0.585922	0.5823283	5.70995
42930	-1493.119	-1587.028	93.90862	0.6177	0.4657477	5.70995
42936	-1500.519	-1593.393	92.87418	0.4520626	0.5321439	6.304499
42942	-1489.397	-1583.534	94.13699	0.6628378	0.6647068	5.39284
42948	-1486.182	-1581.443	95.26096	0.4647597	0.6688474	4.876816
42954	-1503.137	-1598.147	95.00915	0.9701553	1.240693	4.39644
42960	-1499.672	-1595.491	95.81932	1.105707	0.6545223	4.213808
42966	-1491.322	-1588.424	97.10208	1.08348	0.6545223	3.489192
42972	-1481.219	-1578.338	97.11928	0.8724858	0.580705	3.662988
42978	-1482.304	-1579.355	97.05096	0.9200913	0.5947497	3.662988
42984	-1487.97	-1582.82	94.84913	0.7840866	0.6448755	4.94649
42990	-1473.678	-1568.492	94.81337	0.8548334	0.6198917	4.94649
42996	-1473.995	-1568.902	94.90784	0.7726457	0.6112841	4.94649
43002	-1485.145	-1578.52	93.37471	0.6308857	0.6662559	5.827686
43008	-1489.669	-1583.844	94.1743	0.591283	0.6444041	5.426988
43014	-1485.756	-1580.431	94.67502	0.7514802	0.4261672	5.253646
43020	-1482.154	-1576.782	94.62839	0.5838595	0.4197452	5.378467
43026	-1498.915	-1593.082	94.16718	0.4734765	0.5395956	5.580425
43032	-1496.975	-1591.681	94.70631	0.6694863	0.5958506	5.128026
43038	-1485.124	-1580.229	95.10512	0.4651219	0.4729447	5.128026
43044	-1492.817	-1586.518	93.70108	0.6370441	0.7585262	5.580425
43050	-1489.452	-1583.487	94.03489	0.786966	0.5129911	5.504167
43056	-1490.63	-1587.832	97.20133	0.786966	0.5206519	3.718688
43062	-1494.204	-1588.425	94.22099	0.4467221	0.5482074	5.558186
43068	-1500.577	-1595.163	94.58565	0.8401933	0.5482074	5.140015
43074	-1477.56	-1574.069	96.50913	0.7503186	0.5559204	4.104816
43080	-1486.798	-1580.322	93.52444	0.5246313	0.4974793	5.941518
43086	-1480.354	-1574.819	94.46559	0.6247451	0.627689	5.260706
43092	-1484.223	-1578.054	93.8314	0.6088649	0.819326	5.484416
43098	-1479.506	-1575.409	95.90309	0.8012688	0.608903	4.374863
43104	-1492.761	-1590.28	97.51852	0.8812103	0.6768181	3.346129
43110	-1485.549	-1583.158	97.60873	1.112203	0.6724736	3.159779
43116	-1479.903	-1575.668	95.76558	0.6814724	0.5869871	4.537767
43122	-1477.526	-1573.093	95.56695	0.7072809	0.5869871	4.634751
43128	-1485.139	-1580.113	94.97345	0.5193135	0.5484916	5.10269
43134	-1470.093	-1566.398	96.3051	0.7887882	0.4590654	4.288906
43140	-1470.84	-1567.309	96.46842	0.7887882	0.3722585	4.288906
43146	-1474.304	-1569.122	94.81849	0.7770738	0.5818111	5.017603
43152	-1484.463	-1581.926	97.46304	0.999253	0.4234051	3.541056
43158	-1488.083	-1585.8	97.71687	0.8840706	0.5930138	3.296621
43164	-1483.493	-1578.982	95.48983	0.6418265	0.7330934	4.603204
43170	-1483.167	-1578.735	95.56802	0.4999248	0.7300713	4.64106
43176	-1478.439	-1574.077	95.63745	0.5493711	0.3875209	4.872675
43182	-1478.779	-1574.664	95.88479	0.7356011	0.541634	4.479029
43188	-1478.036	-1573.707	95.67134	0.6472756	0.4089084	4.776093
43194	-1481.352	-1577.288	95.93562	0.7098764	0.5941303	4.420163
43200	-1481.864	-1578.639	96.77436	0.7098764	0.6073477	3.932778
43206	-1478.617	-1574.437	95.8201	0.7274947	0.4996869	4.557872
43212	-1478.344	-1573.072	94.72783	0.7382481	0.5642744	5.104062
43218	-1475.599	-1570.63	95.03128	0.656714	0.4309453	5.104062
43224	-1481.771	-1577.226	95.45518	0.626986	0.5193355	4.800489
43230	-1489.89	-1585.132	95.24262	0.7107242	0.8137906	4.648401
43236	-1482.313	-1577.145	94.83227	0.3262754	0.5966462	5.247599
43242	-1493.169	-1584.652	91.4835	0.4186305	0.7885072	6.885347
43248	-1491.474	-1585.176	93.7017	0.7253071	0.6050257	5.643662
43254	-1482.317	-1575.888	93.57051	0.2911398	0.5998754	5.957099
43260	-1477.266	-1571.5	94.23463	0.6165715	0.5459234	5.459235
43266	-1490.003	-1583.619	93.61626	0.456697	0.6173932	5.827878
43272	-1483.611	-1579.401	95.7899	0.5546703	0.7041571	4.504366
43278	-1485.383	-1580.231	94.84762	0.4384775	0.4980002	5.26183
43284	-1488.721	-1583.896	95.17526	0.8677731	0.9987153	4.486052
43290	-1485.939	-1581.273	95.33381	0.6740124	0.8674371	4.583614
43296	-1477.695	-1573.371	95.67517	0.6064187	0.7378796	4.51563
43302	-1475.264	-1571.504	96.24022	0.7894654	0.5145787	4.272286
43308	-1481.513	-1574.667	93.15392	0.3641306	0.5327311	6.19975
43314	-1486.499	-1579.77	93.27143	0.6981013	0.6576888	5.853754
43320	-1476.13	-1570.815	94.68511	0.6937316	0.6423994	5.089653
43326	-1478.676	-1575.259	96.58359	0.7912377	0.5955822	4.005138
43332	-1479.816	-1576.476	96.66029	0.7985056	0.5400733	4.005138
43338	-1486.31	-1581.386	95.07657	0.5951241	0.5178288	5.030322
43344	-1474.295	-1569.319	95.02345	0.6268124	0.5312291	5.030322
43350	-1489.934	-1585.141	95.20705	0.6093364	0.5181771	4.949607
43356	-1491.421	-1586.305	94.88428	0.8749621	0.5544673	4.949607
43362	-1481.505	-1577.852	96.34756	0.7362118	0.598504	4.168526
43368	-1487.301	-1583.51	96.20899	0.7152834	0.7154046	4.168526
43374	-1483.687	-1580.076	96.38861	0.7686362	0.5495509	4.168526
43380	-1483.985	-1579.614	95.62942	0.6641551	0.5495509	4.655615
43386	-1479.432	-1574.57	95.13728	0.6616862	0.7091597	4.806384
43392	-1486.748	-1581.729	94.98098	0.6097039	0.7091597	4.922454
43398	-1478.794	-1574.214	95.42025	0.5362307	0.4636901	4.922454
43404	-1482.331	-1578.453	96.12202	0.5953385	0.5776194	4.393407
43410	-1484.554	-1579.122	94.56801	0.418519	0.5720529	5.362671
43416	-1478.262	-1572.271	94.00936	0.5284082	0.5720529	5.609556
43422	-1489.535	-1584.911	95.37641	0.6467203	0.4473179	4.90143
43428	-1489.596	-1585.389	95.7924	0.6246218	0.7071989	4.461378
43434	-1484.254	-1579.287	95.03239	0.6013115	0.569723	5.006471
43440	-1484.611	-1579.44	94.82987	0.5647022	0.6613057	5.066564
43446	-1489.198	-1583.655	94.45669	0.5582243	0.6613057	5.276715
43452	-1482.829	-1577.681	94.85145	0.5331093	0.4262644	5.276715
43458	-1485.823	-1583.59	97.76681	0.8825829	0.4764717	3.376483
43464	-1497.536	-1592.838	95.30166	0.5877864	0.5749605	4.859796
43470	-1487.624	-1583.735	96.11127	0.4337443	0.4389137	4.618291
43476	-1499.862	-1595.863	96.00065	0.7352278	0.8007717	4.215938
43482	-1490.491	-1587.964	97.47321	0.8762803	0.6162518	3.424585
43488	-1489.224	-1585.449	96.22547	0.8981631	0.6405317	4.111891
43494	-1482.626	-1577.978	95.35203	0.6353475	0.715401	4.696619
43500	-1474.339	-1570.483	96.14404	0.6984139	0.6405317	4.271525
43506	-1474.992	-1571.411	96.41925	0.7328529	0.5753761	4.149102
43512	-1478.192	-1573.839	95.6464	0.7246666	0.6404985	4.537436
43518	-1469.946	-1564.674	94.72866	0.542988	0.6404985	5.150513
43524	-1482.627	-1577.508	94.88146	0.6837347	0.5296635	5.078905
43530	-1483.324	-1577.235	93.91094	0.7661452	0.8371727	5.342645
43536	-1481.085	-1576.144	95.05871	0.8733136	0.7154999	4.72751
43542	-1483.171	-1578.647	95.47616	0.8030625	0.4792179	4.72751
43548	-1477.475	-1573.059	95.58389	0.9472108	0.8413658	4.305314
43554	-1473.318	-1568.475	95.15611	0.5862149	0.6318459	4.895851
43560	-1479.697	-1576.012	96.3156	0.9010771	0.5535942	4.131191
43566	-1487.673	-1584.499	96.82635	0.9470418	0.6840411	3.70551
43572	-1483	-1580.773	97.77254	1.006885	0.5611202	3.219358
43578	-1478.915	-1575.818	96.9028	0.8467198	0.5611202	3.819821
43584	-1475.86	-1571.185	95.32529	0.8408325	0.6693017	4.630381
43590	-1488.119	-1583.425	95.30636	0.7385152	0.5626723	4.783443
43596	-1474.071	-1570.026	95.95458	0.7516308	0.4439039	4.522744
43602	-1483.884	-1580.607	96.72288	1.056071	0.4570437	3.900714
43608	-1494.884	-1590.971	96.08697	0.7586943	0.6199651	4.28605
43614	-1487.458	-1583.503	96.04502	0.8438133	0.5922941	4.284221
43620	-1485.881	-1579.44	93.55923	0.8878217	0.5534538	5.67485
43626	-1491.004	-1586.029	95.02487	0.5872943	0.528467	5.053905
43632	-1492.903	-1589.452	96.54904	1.063648	0.6153893	3.85247
43638	-1488.194	-1585.416	97.22125	1.113315	0.7904427	3.300285
43644	-1485.711	-1581.577	95.86604	0.8426103	0.5520775	4.420181
43650	-1479.263	-1573.49	94.22764	0.7359132	0.5227442	5.417514
43656	-1492.131	-1588.358	96.22699	0.7959876	0.4932057	4.295978
43662	-1494.451	-1590.719	96.26771	0.6727397	0.3651854	4.475809
43668	-1481.284	-1577.245	95.96072	0.7101738	0.3283212	4.671032
43674	-1489.976	-1585.428	95.45133	0.8686496	0.514051	4.672316
43680	-1478.941	-1573.708	94.7665	0.7385725	0.6152405	5.040808
43686	-1482.382	-1579.003	96.62131	0.655515	0.6152405	4.044877
43692	-1497.509	-1591.75	94.24077	0.7220174	0.5987142	5.354009
43698	-1488.91	-1583.102	94.19138	0.4770632	0.5987142	5.516089
43704	-1488.462	-1583.707	95.2449	0.5937703	0.6049931	4.863462
43710	-1486.331	-1580.087	93.75584	0.7968388	0.5510344	5.618956
43716	-1487.779	-1583.051	95.27253	0.5779285	0.5719228	4.884058
43722	-1495.468	-1589.495	94.02731	0.6964961	0.741694	5.379677
43728	-1495.405	-1589.622	94.21671	0.6878729	1.041534	5.098137
43734	-1500.133	-1594.954	94.82093	0.6165039	0.5905948	5.098137
43740	-1487.886	-1581.158	93.27149	0.6702801	0.5267055	5.974141
43746	-1482.969	-1577.793	94.82389	0.854616	0.6817581	4.893508
43752	-1481.727	-1577.143	95.41603	0.6530411	0.4298015	4.893508
43758	-1480.813	-1573.661	92.84822	0.6503367	0.742547	6.050532
43764	-1485.213	-1580.643	95.43039	0.716096	0.4624733	4.817768
43770	-1484.032	-1578.912	94.87995	0.8722633	0.7112539	4.830963
43776	-1479.276	-1575.92	96.64478	0.6895459	0.6597465	3.976631
43782	-1489.058	-1584.674	95.61637	0.6724819	0.5858531	4.627497
43788	-1485.443	-1580.775	95.33183	0.5596562	0.489607	4.93397
43794	-1476.795	-1571.981	95.18664	0.5961596	0.5574379	4.93397
43800	-1482.887	-1578.314	95.4265	0.6668667	0.6014601	4.724142
43806	-1488.026	-1583.729	95.70315	0.6424359	0.4446798	4.724142
43812	-1483.526	-1579.764	96.23823	0.671132	0.4446798	4.407572
43818	-1485.395	-1580.38	94.98472	0.8747431	1.007825	4.584104
43824	-1493.582	-1585.627	92.04444	0.6154796	0.5693059	6.634451
43830	-1479.257	-1572.965	93.70814	0.5467021	0.5693059	5.766922
43836	-1495.874	-1589.83	93.95595	0.5731784	0.406985	5.766922
43842	-1488.93	-1584.502	95.57141	0.5899526	0.5176255	4.757802
43848	-1492.422	-1587.843	95.42038	0.6415864	0.5818377	4.757802
43854	-1482.838	-1577.05	94.2127	0.4494228	0.6159023	5.505945
43860	-1477.304	-1571.34	94.03611	0.6077529	0.6287915	5.505945
43866	-1487.856	-1583.474	95.61861	0.4835962	0.5098601	4.797871
43872	-1483.107	-1577.944	94.83683	0.5668355	0.5100378	5.185881
43878	-1482.528	-1578.722	96.19396	0.7706933	0.4320934	4.38924
43884	-1484.404	-1579.758	95.35412	0.6658845	0.6804544	4.703864
43890	-1491.984	-1588.806	96.82193	0.8812648	0.4079285	3.99551
43896	-1481.111	-1576.5	95.38841	0.8251906	0.7192421	4.567065
43902	-1483.329	-1580.25	96.92106	0.7385787	0.3767922	4.055094
43908	-1485.558	-1581.603	96.04456	0.7872799	0.4712069	4.424995
43914	-1486.001	-1582.136	96.13518	0.7999047	0.5692007	4.277497
43920	-1480.159	-1575.765	95.60588	0.6166174	0.558916	4.68735
43926	-1490.933	-1586.656	95.72215	0.5935939	0.558916	4.635124
43932	-1486.223	-1581.955	95.73233	0.5976277	0.5871038	4.60341
43938	-1487.581	-1583.24	95.65858	0.6470295	0.5871038	4.617062
43944	-1491.375	-1587.626	96.25144	0.7835748	0.6123514	4.184857
43950	-1489.212	-1585.478	96.26557	0.6743146	0.6813759	4.184857
43956	-1478.19	-1574.63	96.43975	0.8254519	0.6813759	3.999548
43962	-1488.581	-1585.049	96.46766	0.7427102	0.7236192	3.999548
43968	-1496.295	-1592.559	96.26445	0.6499989	0.8246502	4.098614
43974	-1493.688	-1591.047	97.35846	0.7338849	0.4778206	3.699542
43980	-1487.435	-1583.404	95.96838	0.8517762	0.5000533	4.404135
43986	-1487.299	-1583.397	96.0979	0.722254	0.5000533	4.404135
43992	-1484.281	-1581.151	96.8698	0.7260057	0.5000533	3.963616
43998	-1478.951	-1576.38	97.42881	0.9644679	0.5352324	3.469982
44004	-1478.853	-1574.743	95.88973	0.851361	0.5352324	4.416696
44010	-1490.162	-1586.194	96.03199	0.6050912	0.6677866	4.366594
44016	-1477.528	-1572.28	94.75186	0.7097158	0.5609427	5.109367
44022	-1479.166	-1574.513	95.34655	0.7136928	0.4648469	4.863551
44028	-1481.154	-1575.921	94.76768	0.7136928	0.4969812	5.154758
44034	-1480.219	-1575.45	95.23018	0.6054336	0.5389718	4.920507
44040	-1490.803	-1587.472	96.6691	0.7746989	0.4607498	4.088555
44046	-1494.909	-1590.537	95.62831	0.8649345	0.9914264	4.235917
44052	-1483.743	-1579.253	95.50993	0.6067149	0.6554336	4.668621
44058	-1484.929	-1578.875	93.94549	0.6542575	0.6052351	5.548651
44064	-1494.727	-1589.591	94.8633	0.6768644	0.5488662	5.076086
44070	-1495.148	-1590.324	95.1762	0.5339018	0.5006978	5.024524
44076	-1486.542	-1582.814	96.27158	0.5483587	0.5283517	4.378362
44082	-1493.209	-1588.38	95.17173	0.4685374	0.5940337	4.982753
44088	-1495.578	-1590.543	94.96517	0.6456682	0.6143764	4.982753
44094	-1485.3	-1578.288	92.98865	0.5821741	0.6080789	6.109185
44100	-1482.543	-1577.264	94.72101	0.4155334	0.6080789	5.250598
44106	-1476.892	-1571.713	94.82061	0.5727926	0.5849317	5.127169
44112	-1486.323	-1582.267	95.94407	0.7330165	0.5489719	4.440673
44118	-1479.649	-1576.023	96.37379	0.5933501	0.5489719	4.276853
44124	-1477.765	-1572.844	95.0796	0.3734687	0.5506901	5.122804
44130	-1484.373	-1579.672	95.29946	0.5979289	0.5506901	4.875951
44136	-1481.968	-1576.997	95.02948	0.6539988	0.6852207	4.888184
44142	-1498.752	-1596.455	97.70236	1.164507	0.749528	3.013519
44148	-1489.311	-1585.732	96.4214	0.7061857	0.5569609	4.178892
44154	-1480.275	-1575.625	95.35008	0.614975	0.4772759	4.904637
44160	-1474.135	-1569.083	94.9488	0.376725	0.3966391	5.340227
44166	-1478.945	-1573.949	95.0042	0.423451	0.3966391	5.283862
44106	-1523.728	-1618.121	94.39344	0.7146165	0.540165	5.322626
44112	-1497.03	-1591	93.96959	0.6690799	0.8998173	5.325436
44118	-1481.134	-1574.796	93.66229	0.6026205	0.85395	5.559084
44124	-1478.248	-1572.748	94.49985	0.6662983	0.7266303	5.145744
44130	-1482.198	-1575.879	93.68141	0.678721	0.6341103	5.657675
44136	-1469.672	-1565.922	96.25035	0.7589929	0.6341103	4.181952
44142	-1478.409	-1574.17	95.76042	0.6083683	0.5794581	4.587987
44148	-1474.577	-1570.141	95.56353	0.7138916	0.5794581	4.639223
44154	-1475.187	-1570.715	95.52754	0.6458297	0.5794581	4.697491
44160	-1473.611	-1567.519	93.90776	0.5726075	0.5794581	5.634971
44166	-1472.503	-1567.371	94.86737	0.7901599	0.461784	5.090367
44172	-1480.951	-1575.751	94.79936	0.561756	0.654359	5.090367
44178	-1490.525	-1586.479	95.95413	0.6568432	0.689297	4.365168
44184	-1486.537	-1581.224	94.68664	0.492666	0.689297	5.165142
44190	-1496.536	-1592.273	95.73707	0.4770575	0.5902852	4.665701
44196	-1487.841	-1583.176	95.33522	0.7692955	0.6064615	4.713857
44202	-1547.073	-1640.239	93.16592	0.7756104	0.6199787	5.897705
44208	-1516.572	-1611.864	95.29218	0.9352327	1.038491	4.359993
44214	-1506.845	-1601.65	94.80527	0.7114294	0.7839908	4.911896
44220	-1483.265	-1578.352	95.08765	0.7675988	0.5363176	4.911896
44226	-1482.681	-1577.835	95.154	0.6176994	0.591279	4.911896
44232	-1479.16	-1574.486	95.32528	0.4914005	0.5612163	4.911896
44238	-1489.746	-1585.024	95.27774	0.5661221	0.5435856	4.911896
44244	-1487.319	-1582.606	95.28664	0.5815194	0.5281656	4.911896
44250	-1487.632	-1582.096	94.46437	0.6242871	0.8143555	5.129676
44256	-1481.663	-1576.549	94.88543	0.7222759	0.5822709	5.010479
44262	-1482.835	-1578.564	95.72944	0.8512949	0.5822709	4.466505
44268	-1482.01	-1577.432	95.42226	0.6365921	0.5822709	4.759182
44274	-1485.811	-1578.86	93.049	0.6298306	0.5822709	6.070909
44280	-1485.395	-1579.767	94.37231	0.6954847	0.6299394	5.271407
44286	-1488.148	-1583.155	95.00763	0.4337279	0.408528	5.263685
44292	-1492.521	-1586.489	93.96752	0.5270561	0.5084458	5.687925
44298	-1503.736	-1597.697	93.96026	0.4110749	0.5084458	5.755451
